country,scope_label,kind,item_it,month,state
Italy,"Italy national indicative consumer calendar (MIPAAF-origin; as published by AULSS 9 Scaligera SIAN, Veneto) - not regional",verdura,aglio,gennaio,not_listed
Italy,"Italy national indicative consumer calendar (MIPAAF-origin; as published by AULSS 9 Scaligera SIAN, Veneto) - not regional",verdura,aglio,febbraio,not_listed
Italy,"Italy national indicative consumer calendar (MIPAAF-origin; as published by AULSS 9 Scaligera SIAN, Veneto) - not regional",verdura,aglio,marzo,not_listed
Italy,"Italy national indicative consumer calendar (MIPAAF-origin; as published by AULSS 9 Scaligera SIAN, Veneto) - not regional",verdura,aglio,aprile,listed_in_season
Italy,"Italy national indicative consumer calendar (MIPAAF-origin; as published by AULSS 9 Scaligera SIAN, Veneto) - not regional",verdura,aglio,maggio,listed_in_season
Italy,"Italy national indicative consumer calendar (MIPAAF-origin; as published by AULSS 9 Scaligera SIAN, Veneto) - not regional",verdura,aglio,giugno,listed_in_season
Italy,"Italy national indicative consumer calendar (MIPAAF-origin; as published by AULSS 9 Scaligera SIAN, Veneto) - not regional",verdura,aglio,luglio,listed_in_season
Italy,"Italy national indicative consumer calendar (MIPAAF-origin; as published by AULSS 9 Scaligera SIAN, Veneto) - not regional",verdura,aglio,agosto,listed_in_season
Italy,"Italy national indicative consumer calendar (MIPAAF-origin; as published by AULSS 9 Scaligera SIAN, Veneto) - not regional",verdura,aglio,settembre,listed_in_season
Italy,"Italy national indicative consumer calendar (MIPAAF-origin; as published by AULSS 9 Scaligera SIAN, Veneto) - not regional",verdura,aglio,ottobre,listed_in_season
Italy,"Italy national indicative consumer calendar (MIPAAF-origin; as published by AULSS 9 Scaligera SIAN, Veneto) - not regional",verdura,aglio,novembre,listed_in_season
Italy,"Italy national indicative consumer calendar (MIPAAF-origin; as published by AULSS 9 Scaligera SIAN, Veneto) - not regional",verdura,aglio,dicembre,not_listed
Italy,"Italy national indicative consumer calendar (MIPAAF-origin; as published by AULSS 9 Scaligera SIAN, Veneto) - not regional",frutta,albicocche,gennaio,not_listed
Italy,"Italy national indicative consumer calendar (MIPAAF-origin; as published by AULSS 9 Scaligera SIAN, Veneto) - not regional",frutta,albicocche,febbraio,not_listed
Italy,"Italy national indicative consumer calendar (MIPAAF-origin; as published by AULSS 9 Scaligera SIAN, Veneto) - not regional",frutta,albicocche,marzo,not_listed
Italy,"Italy national indicative consumer calendar (MIPAAF-origin; as published by AULSS 9 Scaligera SIAN, Veneto) - not regional",frutta,albicocche,aprile,not_listed
Italy,"Italy national indicative consumer calendar (MIPAAF-origin; as published by AULSS 9 Scaligera SIAN, Veneto) - not regional",frutta,albicocche,maggio,not_listed
Italy,"Italy national indicative consumer calendar (MIPAAF-origin; as published by AULSS 9 Scaligera SIAN, Veneto) - not regional",frutta,albicocche,giugno,listed_in_season
Italy,"Italy national indicative consumer calendar (MIPAAF-origin; as published by AULSS 9 Scaligera SIAN, Veneto) - not regional",frutta,albicocche,luglio,listed_in_season
Italy,"Italy national indicative consumer calendar (MIPAAF-origin; as published by AULSS 9 Scaligera SIAN, Veneto) - not regional",frutta,albicocche,agosto,not_listed
Italy,"Italy national indicative consumer calendar (MIPAAF-origin; as published by AULSS 9 Scaligera SIAN, Veneto) - not regional",frutta,albicocche,settembre,not_listed
Italy,"Italy national indicative consumer calendar (MIPAAF-origin; as published by AULSS 9 Scaligera SIAN, Veneto) - not regional",frutta,albicocche,ottobre,not_listed
Italy,"Italy national indicative consumer calendar (MIPAAF-origin; as published by AULSS 9 Scaligera SIAN, Veneto) - not regional",frutta,albicocche,novembre,not_listed
Italy,"Italy national indicative consumer calendar (MIPAAF-origin; as published by AULSS 9 Scaligera SIAN, Veneto) - not regional",frutta,albicocche,dicembre,not_listed
Italy,"Italy national indicative consumer calendar (MIPAAF-origin; as published by AULSS 9 Scaligera SIAN, Veneto) - not regional",frutta,amarene,gennaio,not_listed
Italy,"Italy national indicative consumer calendar (MIPAAF-origin; as published by AULSS 9 Scaligera SIAN, Veneto) - not regional",frutta,amarene,febbraio,not_listed
Italy,"Italy national indicative consumer calendar (MIPAAF-origin; as published by AULSS 9 Scaligera SIAN, Veneto) - not regional",frutta,amarene,marzo,not_listed
Italy,"Italy national indicative consumer calendar (MIPAAF-origin; as published by AULSS 9 Scaligera SIAN, Veneto) - not regional",frutta,amarene,aprile,not_listed
Italy,"Italy national indicative consumer calendar (MIPAAF-origin; as published by AULSS 9 Scaligera SIAN, Veneto) - not regional",frutta,amarene,maggio,not_listed
Italy,"Italy national indicative consumer calendar (MIPAAF-origin; as published by AULSS 9 Scaligera SIAN, Veneto) - not regional",frutta,amarene,giugno,listed_in_season
Italy,"Italy national indicative consumer calendar (MIPAAF-origin; as published by AULSS 9 Scaligera SIAN, Veneto) - not regional",frutta,amarene,luglio,listed_in_season
Italy,"Italy national indicative consumer calendar (MIPAAF-origin; as published by AULSS 9 Scaligera SIAN, Veneto) - not regional",frutta,amarene,agosto,not_listed
Italy,"Italy national indicative consumer calendar (MIPAAF-origin; as published by AULSS 9 Scaligera SIAN, Veneto) - not regional",frutta,amarene,settembre,not_listed
Italy,"Italy national indicative consumer calendar (MIPAAF-origin; as published by AULSS 9 Scaligera SIAN, Veneto) - not regional",frutta,amarene,ottobre,not_listed
Italy,"Italy national indicative consumer calendar (MIPAAF-origin; as published by AULSS 9 Scaligera SIAN, Veneto) - not regional",frutta,amarene,novembre,not_listed
Italy,"Italy national indicative consumer calendar (MIPAAF-origin; as published by AULSS 9 Scaligera SIAN, Veneto) - not regional",frutta,amarene,dicembre,not_listed
Italy,"Italy national indicative consumer calendar (MIPAAF-origin; as published by AULSS 9 Scaligera SIAN, Veneto) - not regional",frutta,angurie,gennaio,not_listed
Italy,"Italy national indicative consumer calendar (MIPAAF-origin; as published by AULSS 9 Scaligera SIAN, Veneto) - not regional",frutta,angurie,febbraio,not_listed
Italy,"Italy national indicative consumer calendar (MIPAAF-origin; as published by AULSS 9 Scaligera SIAN, Veneto) - not regional",frutta,angurie,marzo,not_listed
Italy,"Italy national indicative consumer calendar (MIPAAF-origin; as published by AULSS 9 Scaligera SIAN, Veneto) - not regional",frutta,angurie,aprile,not_listed
Italy,"Italy national indicative consumer calendar (MIPAAF-origin; as published by AULSS 9 Scaligera SIAN, Veneto) - not regional",frutta,angurie,maggio,not_listed
Italy,"Italy national indicative consumer calendar (MIPAAF-origin; as published by AULSS 9 Scaligera SIAN, Veneto) - not regional",frutta,angurie,giugno,not_listed
Italy,"Italy national indicative consumer calendar (MIPAAF-origin; as published by AULSS 9 Scaligera SIAN, Veneto) - not regional",frutta,angurie,luglio,listed_in_season
Italy,"Italy national indicative consumer calendar (MIPAAF-origin; as published by AULSS 9 Scaligera SIAN, Veneto) - not regional",frutta,angurie,agosto,listed_in_season
Italy,"Italy national indicative consumer calendar (MIPAAF-origin; as published by AULSS 9 Scaligera SIAN, Veneto) - not regional",frutta,angurie,settembre,not_listed
Italy,"Italy national indicative consumer calendar (MIPAAF-origin; as published by AULSS 9 Scaligera SIAN, Veneto) - not regional",frutta,angurie,ottobre,not_listed
Italy,"Italy national indicative consumer calendar (MIPAAF-origin; as published by AULSS 9 Scaligera SIAN, Veneto) - not regional",frutta,angurie,novembre,not_listed
Italy,"Italy national indicative consumer calendar (MIPAAF-origin; as published by AULSS 9 Scaligera SIAN, Veneto) - not regional",frutta,angurie,dicembre,not_listed
Italy,"Italy national indicative consumer calendar (MIPAAF-origin; as published by AULSS 9 Scaligera SIAN, Veneto) - not regional",frutta,arance,gennaio,listed_in_season
Italy,"Italy national indicative consumer calendar (MIPAAF-origin; as published by AULSS 9 Scaligera SIAN, Veneto) - not regional",frutta,arance,febbraio,listed_in_season
Italy,"Italy national indicative consumer calendar (MIPAAF-origin; as published by AULSS 9 Scaligera SIAN, Veneto) - not regional",frutta,arance,marzo,listed_in_season
Italy,"Italy national indicative consumer calendar (MIPAAF-origin; as published by AULSS 9 Scaligera SIAN, Veneto) - not regional",frutta,arance,aprile,listed_in_season
Italy,"Italy national indicative consumer calendar (MIPAAF-origin; as published by AULSS 9 Scaligera SIAN, Veneto) - not regional",frutta,arance,maggio,not_listed
Italy,"Italy national indicative consumer calendar (MIPAAF-origin; as published by AULSS 9 Scaligera SIAN, Veneto) - not regional",frutta,arance,giugno,not_listed
Italy,"Italy national indicative consumer calendar (MIPAAF-origin; as published by AULSS 9 Scaligera SIAN, Veneto) - not regional",frutta,arance,luglio,not_listed
Italy,"Italy national indicative consumer calendar (MIPAAF-origin; as published by AULSS 9 Scaligera SIAN, Veneto) - not regional",frutta,arance,agosto,not_listed
Italy,"Italy national indicative consumer calendar (MIPAAF-origin; as published by AULSS 9 Scaligera SIAN, Veneto) - not regional",frutta,arance,settembre,not_listed
Italy,"Italy national indicative consumer calendar (MIPAAF-origin; as published by AULSS 9 Scaligera SIAN, Veneto) - not regional",frutta,arance,ottobre,not_listed
Italy,"Italy national indicative consumer calendar (MIPAAF-origin; as published by AULSS 9 Scaligera SIAN, Veneto) - not regional",frutta,arance,novembre,listed_in_season
Italy,"Italy national indicative consumer calendar (MIPAAF-origin; as published by AULSS 9 Scaligera SIAN, Veneto) - not regional",frutta,arance,dicembre,listed_in_season
Italy,"Italy national indicative consumer calendar (MIPAAF-origin; as published by AULSS 9 Scaligera SIAN, Veneto) - not regional",verdura,asparagi,gennaio,not_listed
Italy,"Italy national indicative consumer calendar (MIPAAF-origin; as published by AULSS 9 Scaligera SIAN, Veneto) - not regional",verdura,asparagi,febbraio,not_listed
Italy,"Italy national indicative consumer calendar (MIPAAF-origin; as published by AULSS 9 Scaligera SIAN, Veneto) - not regional",verdura,asparagi,marzo,listed_in_season
Italy,"Italy national indicative consumer calendar (MIPAAF-origin; as published by AULSS 9 Scaligera SIAN, Veneto) - not regional",verdura,asparagi,aprile,listed_in_season
Italy,"Italy national indicative consumer calendar (MIPAAF-origin; as published by AULSS 9 Scaligera SIAN, Veneto) - not regional",verdura,asparagi,maggio,listed_in_season
Italy,"Italy national indicative consumer calendar (MIPAAF-origin; as published by AULSS 9 Scaligera SIAN, Veneto) - not regional",verdura,asparagi,giugno,listed_in_season
Italy,"Italy national indicative consumer calendar (MIPAAF-origin; as published by AULSS 9 Scaligera SIAN, Veneto) - not regional",verdura,asparagi,luglio,not_listed
Italy,"Italy national indicative consumer calendar (MIPAAF-origin; as published by AULSS 9 Scaligera SIAN, Veneto) - not regional",verdura,asparagi,agosto,not_listed
Italy,"Italy national indicative consumer calendar (MIPAAF-origin; as published by AULSS 9 Scaligera SIAN, Veneto) - not regional",verdura,asparagi,settembre,not_listed
Italy,"Italy national indicative consumer calendar (MIPAAF-origin; as published by AULSS 9 Scaligera SIAN, Veneto) - not regional",verdura,asparagi,ottobre,not_listed
Italy,"Italy national indicative consumer calendar (MIPAAF-origin; as published by AULSS 9 Scaligera SIAN, Veneto) - not regional",verdura,asparagi,novembre,not_listed
Italy,"Italy national indicative consumer calendar (MIPAAF-origin; as published by AULSS 9 Scaligera SIAN, Veneto) - not regional",verdura,asparagi,dicembre,not_listed
Italy,"Italy national indicative consumer calendar (MIPAAF-origin; as published by AULSS 9 Scaligera SIAN, Veneto) - not regional",verdura,bietole da coste,gennaio,listed_in_season
Italy,"Italy national indicative consumer calendar (MIPAAF-origin; as published by AULSS 9 Scaligera SIAN, Veneto) - not regional",verdura,bietole da coste,febbraio,listed_in_season
Italy,"Italy national indicative consumer calendar (MIPAAF-origin; as published by AULSS 9 Scaligera SIAN, Veneto) - not regional",verdura,bietole da coste,marzo,listed_in_season
Italy,"Italy national indicative consumer calendar (MIPAAF-origin; as published by AULSS 9 Scaligera SIAN, Veneto) - not regional",verdura,bietole da coste,aprile,listed_in_season
Italy,"Italy national indicative consumer calendar (MIPAAF-origin; as published by AULSS 9 Scaligera SIAN, Veneto) - not regional",verdura,bietole da coste,maggio,listed_in_season
Italy,"Italy national indicative consumer calendar (MIPAAF-origin; as published by AULSS 9 Scaligera SIAN, Veneto) - not regional",verdura,bietole da coste,giugno,listed_in_season
Italy,"Italy national indicative consumer calendar (MIPAAF-origin; as published by AULSS 9 Scaligera SIAN, Veneto) - not regional",verdura,bietole da coste,luglio,listed_in_season
Italy,"Italy national indicative consumer calendar (MIPAAF-origin; as published by AULSS 9 Scaligera SIAN, Veneto) - not regional",verdura,bietole da coste,agosto,listed_in_season
Italy,"Italy national indicative consumer calendar (MIPAAF-origin; as published by AULSS 9 Scaligera SIAN, Veneto) - not regional",verdura,bietole da coste,settembre,listed_in_season
Italy,"Italy national indicative consumer calendar (MIPAAF-origin; as published by AULSS 9 Scaligera SIAN, Veneto) - not regional",verdura,bietole da coste,ottobre,listed_in_season
Italy,"Italy national indicative consumer calendar (MIPAAF-origin; as published by AULSS 9 Scaligera SIAN, Veneto) - not regional",verdura,bietole da coste,novembre,listed_in_season
Italy,"Italy national indicative consumer calendar (MIPAAF-origin; as published by AULSS 9 Scaligera SIAN, Veneto) - not regional",verdura,bietole da coste,dicembre,listed_in_season
Italy,"Italy national indicative consumer calendar (MIPAAF-origin; as published by AULSS 9 Scaligera SIAN, Veneto) - not regional",verdura,broccoli,gennaio,listed_in_season
Italy,"Italy national indicative consumer calendar (MIPAAF-origin; as published by AULSS 9 Scaligera SIAN, Veneto) - not regional",verdura,broccoli,febbraio,listed_in_season
Italy,"Italy national indicative consumer calendar (MIPAAF-origin; as published by AULSS 9 Scaligera SIAN, Veneto) - not regional",verdura,broccoli,marzo,listed_in_season
Italy,"Italy national indicative consumer calendar (MIPAAF-origin; as published by AULSS 9 Scaligera SIAN, Veneto) - not regional",verdura,broccoli,aprile,not_listed
Italy,"Italy national indicative consumer calendar (MIPAAF-origin; as published by AULSS 9 Scaligera SIAN, Veneto) - not regional",verdura,broccoli,maggio,not_listed
Italy,"Italy national indicative consumer calendar (MIPAAF-origin; as published by AULSS 9 Scaligera SIAN, Veneto) - not regional",verdura,broccoli,giugno,not_listed
Italy,"Italy national indicative consumer calendar (MIPAAF-origin; as published by AULSS 9 Scaligera SIAN, Veneto) - not regional",verdura,broccoli,luglio,not_listed
Italy,"Italy national indicative consumer calendar (MIPAAF-origin; as published by AULSS 9 Scaligera SIAN, Veneto) - not regional",verdura,broccoli,agosto,not_listed
Italy,"Italy national indicative consumer calendar (MIPAAF-origin; as published by AULSS 9 Scaligera SIAN, Veneto) - not regional",verdura,broccoli,settembre,listed_in_season
Italy,"Italy national indicative consumer calendar (MIPAAF-origin; as published by AULSS 9 Scaligera SIAN, Veneto) - not regional",verdura,broccoli,ottobre,listed_in_season
Italy,"Italy national indicative consumer calendar (MIPAAF-origin; as published by AULSS 9 Scaligera SIAN, Veneto) - not regional",verdura,broccoli,novembre,listed_in_season
Italy,"Italy national indicative consumer calendar (MIPAAF-origin; as published by AULSS 9 Scaligera SIAN, Veneto) - not regional",verdura,broccoli,dicembre,listed_in_season
Italy,"Italy national indicative consumer calendar (MIPAAF-origin; as published by AULSS 9 Scaligera SIAN, Veneto) - not regional",verdura,carciofi,gennaio,listed_in_season
Italy,"Italy national indicative consumer calendar (MIPAAF-origin; as published by AULSS 9 Scaligera SIAN, Veneto) - not regional",verdura,carciofi,febbraio,listed_in_season
Italy,"Italy national indicative consumer calendar (MIPAAF-origin; as published by AULSS 9 Scaligera SIAN, Veneto) - not regional",verdura,carciofi,marzo,listed_in_season
Italy,"Italy national indicative consumer calendar (MIPAAF-origin; as published by AULSS 9 Scaligera SIAN, Veneto) - not regional",verdura,carciofi,aprile,listed_in_season
Italy,"Italy national indicative consumer calendar (MIPAAF-origin; as published by AULSS 9 Scaligera SIAN, Veneto) - not regional",verdura,carciofi,maggio,not_listed
Italy,"Italy national indicative consumer calendar (MIPAAF-origin; as published by AULSS 9 Scaligera SIAN, Veneto) - not regional",verdura,carciofi,giugno,listed_in_season
Italy,"Italy national indicative consumer calendar (MIPAAF-origin; as published by AULSS 9 Scaligera SIAN, Veneto) - not regional",verdura,carciofi,luglio,not_listed
Italy,"Italy national indicative consumer calendar (MIPAAF-origin; as published by AULSS 9 Scaligera SIAN, Veneto) - not regional",verdura,carciofi,agosto,not_listed
Italy,"Italy national indicative consumer calendar (MIPAAF-origin; as published by AULSS 9 Scaligera SIAN, Veneto) - not regional",verdura,carciofi,settembre,not_listed
Italy,"Italy national indicative consumer calendar (MIPAAF-origin; as published by AULSS 9 Scaligera SIAN, Veneto) - not regional",verdura,carciofi,ottobre,not_listed
Italy,"Italy national indicative consumer calendar (MIPAAF-origin; as published by AULSS 9 Scaligera SIAN, Veneto) - not regional",verdura,carciofi,novembre,not_listed
Italy,"Italy national indicative consumer calendar (MIPAAF-origin; as published by AULSS 9 Scaligera SIAN, Veneto) - not regional",verdura,carciofi,dicembre,not_listed
Italy,"Italy national indicative consumer calendar (MIPAAF-origin; as published by AULSS 9 Scaligera SIAN, Veneto) - not regional",verdura,carote,gennaio,listed_in_season
Italy,"Italy national indicative consumer calendar (MIPAAF-origin; as published by AULSS 9 Scaligera SIAN, Veneto) - not regional",verdura,carote,febbraio,listed_in_season
Italy,"Italy national indicative consumer calendar (MIPAAF-origin; as published by AULSS 9 Scaligera SIAN, Veneto) - not regional",verdura,carote,marzo,listed_in_season
Italy,"Italy national indicative consumer calendar (MIPAAF-origin; as published by AULSS 9 Scaligera SIAN, Veneto) - not regional",verdura,carote,aprile,listed_in_season
Italy,"Italy national indicative consumer calendar (MIPAAF-origin; as published by AULSS 9 Scaligera SIAN, Veneto) - not regional",verdura,carote,maggio,listed_in_season
Italy,"Italy national indicative consumer calendar (MIPAAF-origin; as published by AULSS 9 Scaligera SIAN, Veneto) - not regional",verdura,carote,giugno,listed_in_season
Italy,"Italy national indicative consumer calendar (MIPAAF-origin; as published by AULSS 9 Scaligera SIAN, Veneto) - not regional",verdura,carote,luglio,listed_in_season
Italy,"Italy national indicative consumer calendar (MIPAAF-origin; as published by AULSS 9 Scaligera SIAN, Veneto) - not regional",verdura,carote,agosto,listed_in_season
Italy,"Italy national indicative consumer calendar (MIPAAF-origin; as published by AULSS 9 Scaligera SIAN, Veneto) - not regional",verdura,carote,settembre,listed_in_season
Italy,"Italy national indicative consumer calendar (MIPAAF-origin; as published by AULSS 9 Scaligera SIAN, Veneto) - not regional",verdura,carote,ottobre,listed_in_season
Italy,"Italy national indicative consumer calendar (MIPAAF-origin; as published by AULSS 9 Scaligera SIAN, Veneto) - not regional",verdura,carote,novembre,listed_in_season
Italy,"Italy national indicative consumer calendar (MIPAAF-origin; as published by AULSS 9 Scaligera SIAN, Veneto) - not regional",verdura,carote,dicembre,listed_in_season
Italy,"Italy national indicative consumer calendar (MIPAAF-origin; as published by AULSS 9 Scaligera SIAN, Veneto) - not regional",frutta,castagne,gennaio,not_listed
Italy,"Italy national indicative consumer calendar (MIPAAF-origin; as published by AULSS 9 Scaligera SIAN, Veneto) - not regional",frutta,castagne,febbraio,not_listed
Italy,"Italy national indicative consumer calendar (MIPAAF-origin; as published by AULSS 9 Scaligera SIAN, Veneto) - not regional",frutta,castagne,marzo,not_listed
Italy,"Italy national indicative consumer calendar (MIPAAF-origin; as published by AULSS 9 Scaligera SIAN, Veneto) - not regional",frutta,castagne,aprile,not_listed
Italy,"Italy national indicative consumer calendar (MIPAAF-origin; as published by AULSS 9 Scaligera SIAN, Veneto) - not regional",frutta,castagne,maggio,not_listed
Italy,"Italy national indicative consumer calendar (MIPAAF-origin; as published by AULSS 9 Scaligera SIAN, Veneto) - not regional",frutta,castagne,giugno,not_listed
Italy,"Italy national indicative consumer calendar (MIPAAF-origin; as published by AULSS 9 Scaligera SIAN, Veneto) - not regional",frutta,castagne,luglio,not_listed
Italy,"Italy national indicative consumer calendar (MIPAAF-origin; as published by AULSS 9 Scaligera SIAN, Veneto) - not regional",frutta,castagne,agosto,not_listed
Italy,"Italy national indicative consumer calendar (MIPAAF-origin; as published by AULSS 9 Scaligera SIAN, Veneto) - not regional",frutta,castagne,settembre,not_listed
Italy,"Italy national indicative consumer calendar (MIPAAF-origin; as published by AULSS 9 Scaligera SIAN, Veneto) - not regional",frutta,castagne,ottobre,listed_in_season
Italy,"Italy national indicative consumer calendar (MIPAAF-origin; as published by AULSS 9 Scaligera SIAN, Veneto) - not regional",frutta,castagne,novembre,listed_in_season
Italy,"Italy national indicative consumer calendar (MIPAAF-origin; as published by AULSS 9 Scaligera SIAN, Veneto) - not regional",frutta,castagne,dicembre,listed_in_season
Italy,"Italy national indicative consumer calendar (MIPAAF-origin; as published by AULSS 9 Scaligera SIAN, Veneto) - not regional",verdura,cavolfiori,gennaio,listed_in_season
Italy,"Italy national indicative consumer calendar (MIPAAF-origin; as published by AULSS 9 Scaligera SIAN, Veneto) - not regional",verdura,cavolfiori,febbraio,listed_in_season
Italy,"Italy national indicative consumer calendar (MIPAAF-origin; as published by AULSS 9 Scaligera SIAN, Veneto) - not regional",verdura,cavolfiori,marzo,listed_in_season
Italy,"Italy national indicative consumer calendar (MIPAAF-origin; as published by AULSS 9 Scaligera SIAN, Veneto) - not regional",verdura,cavolfiori,aprile,listed_in_season
Italy,"Italy national indicative consumer calendar (MIPAAF-origin; as published by AULSS 9 Scaligera SIAN, Veneto) - not regional",verdura,cavolfiori,maggio,not_listed
Italy,"Italy national indicative consumer calendar (MIPAAF-origin; as published by AULSS 9 Scaligera SIAN, Veneto) - not regional",verdura,cavolfiori,giugno,not_listed
Italy,"Italy national indicative consumer calendar (MIPAAF-origin; as published by AULSS 9 Scaligera SIAN, Veneto) - not regional",verdura,cavolfiori,luglio,not_listed
Italy,"Italy national indicative consumer calendar (MIPAAF-origin; as published by AULSS 9 Scaligera SIAN, Veneto) - not regional",verdura,cavolfiori,agosto,not_listed
Italy,"Italy national indicative consumer calendar (MIPAAF-origin; as published by AULSS 9 Scaligera SIAN, Veneto) - not regional",verdura,cavolfiori,settembre,not_listed
Italy,"Italy national indicative consumer calendar (MIPAAF-origin; as published by AULSS 9 Scaligera SIAN, Veneto) - not regional",verdura,cavolfiori,ottobre,listed_in_season
Italy,"Italy national indicative consumer calendar (MIPAAF-origin; as published by AULSS 9 Scaligera SIAN, Veneto) - not regional",verdura,cavolfiori,novembre,listed_in_season
Italy,"Italy national indicative consumer calendar (MIPAAF-origin; as published by AULSS 9 Scaligera SIAN, Veneto) - not regional",verdura,cavolfiori,dicembre,listed_in_season
Italy,"Italy national indicative consumer calendar (MIPAAF-origin; as published by AULSS 9 Scaligera SIAN, Veneto) - not regional",verdura,cavoli,gennaio,listed_in_season
Italy,"Italy national indicative consumer calendar (MIPAAF-origin; as published by AULSS 9 Scaligera SIAN, Veneto) - not regional",verdura,cavoli,febbraio,listed_in_season
Italy,"Italy national indicative consumer calendar (MIPAAF-origin; as published by AULSS 9 Scaligera SIAN, Veneto) - not regional",verdura,cavoli,marzo,listed_in_season
Italy,"Italy national indicative consumer calendar (MIPAAF-origin; as published by AULSS 9 Scaligera SIAN, Veneto) - not regional",verdura,cavoli,aprile,listed_in_season
Italy,"Italy national indicative consumer calendar (MIPAAF-origin; as published by AULSS 9 Scaligera SIAN, Veneto) - not regional",verdura,cavoli,maggio,listed_in_season
Italy,"Italy national indicative consumer calendar (MIPAAF-origin; as published by AULSS 9 Scaligera SIAN, Veneto) - not regional",verdura,cavoli,giugno,listed_in_season
Italy,"Italy national indicative consumer calendar (MIPAAF-origin; as published by AULSS 9 Scaligera SIAN, Veneto) - not regional",verdura,cavoli,luglio,listed_in_season
Italy,"Italy national indicative consumer calendar (MIPAAF-origin; as published by AULSS 9 Scaligera SIAN, Veneto) - not regional",verdura,cavoli,agosto,listed_in_season
Italy,"Italy national indicative consumer calendar (MIPAAF-origin; as published by AULSS 9 Scaligera SIAN, Veneto) - not regional",verdura,cavoli,settembre,listed_in_season
Italy,"Italy national indicative consumer calendar (MIPAAF-origin; as published by AULSS 9 Scaligera SIAN, Veneto) - not regional",verdura,cavoli,ottobre,listed_in_season
Italy,"Italy national indicative consumer calendar (MIPAAF-origin; as published by AULSS 9 Scaligera SIAN, Veneto) - not regional",verdura,cavoli,novembre,listed_in_season
Italy,"Italy national indicative consumer calendar (MIPAAF-origin; as published by AULSS 9 Scaligera SIAN, Veneto) - not regional",verdura,cavoli,dicembre,listed_in_season
Italy,"Italy national indicative consumer calendar (MIPAAF-origin; as published by AULSS 9 Scaligera SIAN, Veneto) - not regional",verdura,cetrioli,gennaio,not_listed
Italy,"Italy national indicative consumer calendar (MIPAAF-origin; as published by AULSS 9 Scaligera SIAN, Veneto) - not regional",verdura,cetrioli,febbraio,not_listed
Italy,"Italy national indicative consumer calendar (MIPAAF-origin; as published by AULSS 9 Scaligera SIAN, Veneto) - not regional",verdura,cetrioli,marzo,not_listed
Italy,"Italy national indicative consumer calendar (MIPAAF-origin; as published by AULSS 9 Scaligera SIAN, Veneto) - not regional",verdura,cetrioli,aprile,not_listed
Italy,"Italy national indicative consumer calendar (MIPAAF-origin; as published by AULSS 9 Scaligera SIAN, Veneto) - not regional",verdura,cetrioli,maggio,not_listed
Italy,"Italy national indicative consumer calendar (MIPAAF-origin; as published by AULSS 9 Scaligera SIAN, Veneto) - not regional",verdura,cetrioli,giugno,listed_in_season
Italy,"Italy national indicative consumer calendar (MIPAAF-origin; as published by AULSS 9 Scaligera SIAN, Veneto) - not regional",verdura,cetrioli,luglio,listed_in_season
Italy,"Italy national indicative consumer calendar (MIPAAF-origin; as published by AULSS 9 Scaligera SIAN, Veneto) - not regional",verdura,cetrioli,agosto,listed_in_season
Italy,"Italy national indicative consumer calendar (MIPAAF-origin; as published by AULSS 9 Scaligera SIAN, Veneto) - not regional",verdura,cetrioli,settembre,listed_in_season
Italy,"Italy national indicative consumer calendar (MIPAAF-origin; as published by AULSS 9 Scaligera SIAN, Veneto) - not regional",verdura,cetrioli,ottobre,not_listed
Italy,"Italy national indicative consumer calendar (MIPAAF-origin; as published by AULSS 9 Scaligera SIAN, Veneto) - not regional",verdura,cetrioli,novembre,not_listed
Italy,"Italy national indicative consumer calendar (MIPAAF-origin; as published by AULSS 9 Scaligera SIAN, Veneto) - not regional",verdura,cetrioli,dicembre,not_listed
Italy,"Italy national indicative consumer calendar (MIPAAF-origin; as published by AULSS 9 Scaligera SIAN, Veneto) - not regional",verdura,cicoria,gennaio,listed_in_season
Italy,"Italy national indicative consumer calendar (MIPAAF-origin; as published by AULSS 9 Scaligera SIAN, Veneto) - not regional",verdura,cicoria,febbraio,listed_in_season
Italy,"Italy national indicative consumer calendar (MIPAAF-origin; as published by AULSS 9 Scaligera SIAN, Veneto) - not regional",verdura,cicoria,marzo,listed_in_season
Italy,"Italy national indicative consumer calendar (MIPAAF-origin; as published by AULSS 9 Scaligera SIAN, Veneto) - not regional",verdura,cicoria,aprile,listed_in_season
Italy,"Italy national indicative consumer calendar (MIPAAF-origin; as published by AULSS 9 Scaligera SIAN, Veneto) - not regional",verdura,cicoria,maggio,listed_in_season
Italy,"Italy national indicative consumer calendar (MIPAAF-origin; as published by AULSS 9 Scaligera SIAN, Veneto) - not regional",verdura,cicoria,giugno,listed_in_season
Italy,"Italy national indicative consumer calendar (MIPAAF-origin; as published by AULSS 9 Scaligera SIAN, Veneto) - not regional",verdura,cicoria,luglio,listed_in_season
Italy,"Italy national indicative consumer calendar (MIPAAF-origin; as published by AULSS 9 Scaligera SIAN, Veneto) - not regional",verdura,cicoria,agosto,listed_in_season
Italy,"Italy national indicative consumer calendar (MIPAAF-origin; as published by AULSS 9 Scaligera SIAN, Veneto) - not regional",verdura,cicoria,settembre,listed_in_season
Italy,"Italy national indicative consumer calendar (MIPAAF-origin; as published by AULSS 9 Scaligera SIAN, Veneto) - not regional",verdura,cicoria,ottobre,listed_in_season
Italy,"Italy national indicative consumer calendar (MIPAAF-origin; as published by AULSS 9 Scaligera SIAN, Veneto) - not regional",verdura,cicoria,novembre,listed_in_season
Italy,"Italy national indicative consumer calendar (MIPAAF-origin; as published by AULSS 9 Scaligera SIAN, Veneto) - not regional",verdura,cicoria,dicembre,listed_in_season
Italy,"Italy national indicative consumer calendar (MIPAAF-origin; as published by AULSS 9 Scaligera SIAN, Veneto) - not regional",frutta,ciliegie,gennaio,not_listed
Italy,"Italy national indicative consumer calendar (MIPAAF-origin; as published by AULSS 9 Scaligera SIAN, Veneto) - not regional",frutta,ciliegie,febbraio,not_listed
Italy,"Italy national indicative consumer calendar (MIPAAF-origin; as published by AULSS 9 Scaligera SIAN, Veneto) - not regional",frutta,ciliegie,marzo,not_listed
Italy,"Italy national indicative consumer calendar (MIPAAF-origin; as published by AULSS 9 Scaligera SIAN, Veneto) - not regional",frutta,ciliegie,aprile,not_listed
Italy,"Italy national indicative consumer calendar (MIPAAF-origin; as published by AULSS 9 Scaligera SIAN, Veneto) - not regional",frutta,ciliegie,maggio,listed_in_season
Italy,"Italy national indicative consumer calendar (MIPAAF-origin; as published by AULSS 9 Scaligera SIAN, Veneto) - not regional",frutta,ciliegie,giugno,listed_in_season
Italy,"Italy national indicative consumer calendar (MIPAAF-origin; as published by AULSS 9 Scaligera SIAN, Veneto) - not regional",frutta,ciliegie,luglio,listed_in_season
Italy,"Italy national indicative consumer calendar (MIPAAF-origin; as published by AULSS 9 Scaligera SIAN, Veneto) - not regional",frutta,ciliegie,agosto,not_listed
Italy,"Italy national indicative consumer calendar (MIPAAF-origin; as published by AULSS 9 Scaligera SIAN, Veneto) - not regional",frutta,ciliegie,settembre,not_listed
Italy,"Italy national indicative consumer calendar (MIPAAF-origin; as published by AULSS 9 Scaligera SIAN, Veneto) - not regional",frutta,ciliegie,ottobre,not_listed
Italy,"Italy national indicative consumer calendar (MIPAAF-origin; as published by AULSS 9 Scaligera SIAN, Veneto) - not regional",frutta,ciliegie,novembre,not_listed
Italy,"Italy national indicative consumer calendar (MIPAAF-origin; as published by AULSS 9 Scaligera SIAN, Veneto) - not regional",frutta,ciliegie,dicembre,not_listed
Italy,"Italy national indicative consumer calendar (MIPAAF-origin; as published by AULSS 9 Scaligera SIAN, Veneto) - not regional",verdura,cipolline,gennaio,not_listed
Italy,"Italy national indicative consumer calendar (MIPAAF-origin; as published by AULSS 9 Scaligera SIAN, Veneto) - not regional",verdura,cipolline,febbraio,not_listed
Italy,"Italy national indicative consumer calendar (MIPAAF-origin; as published by AULSS 9 Scaligera SIAN, Veneto) - not regional",verdura,cipolline,marzo,listed_in_season
Italy,"Italy national indicative consumer calendar (MIPAAF-origin; as published by AULSS 9 Scaligera SIAN, Veneto) - not regional",verdura,cipolline,aprile,listed_in_season
Italy,"Italy national indicative consumer calendar (MIPAAF-origin; as published by AULSS 9 Scaligera SIAN, Veneto) - not regional",verdura,cipolline,maggio,listed_in_season
Italy,"Italy national indicative consumer calendar (MIPAAF-origin; as published by AULSS 9 Scaligera SIAN, Veneto) - not regional",verdura,cipolline,giugno,not_listed
Italy,"Italy national indicative consumer calendar (MIPAAF-origin; as published by AULSS 9 Scaligera SIAN, Veneto) - not regional",verdura,cipolline,luglio,not_listed
Italy,"Italy national indicative consumer calendar (MIPAAF-origin; as published by AULSS 9 Scaligera SIAN, Veneto) - not regional",verdura,cipolline,agosto,not_listed
Italy,"Italy national indicative consumer calendar (MIPAAF-origin; as published by AULSS 9 Scaligera SIAN, Veneto) - not regional",verdura,cipolline,settembre,not_listed
Italy,"Italy national indicative consumer calendar (MIPAAF-origin; as published by AULSS 9 Scaligera SIAN, Veneto) - not regional",verdura,cipolline,ottobre,not_listed
Italy,"Italy national indicative consumer calendar (MIPAAF-origin; as published by AULSS 9 Scaligera SIAN, Veneto) - not regional",verdura,cipolline,novembre,not_listed
Italy,"Italy national indicative consumer calendar (MIPAAF-origin; as published by AULSS 9 Scaligera SIAN, Veneto) - not regional",verdura,cipolline,dicembre,not_listed
Italy,"Italy national indicative consumer calendar (MIPAAF-origin; as published by AULSS 9 Scaligera SIAN, Veneto) - not regional",frutta,clementine,gennaio,listed_in_season
Italy,"Italy national indicative consumer calendar (MIPAAF-origin; as published by AULSS 9 Scaligera SIAN, Veneto) - not regional",frutta,clementine,febbraio,listed_in_season
Italy,"Italy national indicative consumer calendar (MIPAAF-origin; as published by AULSS 9 Scaligera SIAN, Veneto) - not regional",frutta,clementine,marzo,not_listed
Italy,"Italy national indicative consumer calendar (MIPAAF-origin; as published by AULSS 9 Scaligera SIAN, Veneto) - not regional",frutta,clementine,aprile,not_listed
Italy,"Italy national indicative consumer calendar (MIPAAF-origin; as published by AULSS 9 Scaligera SIAN, Veneto) - not regional",frutta,clementine,maggio,not_listed
Italy,"Italy national indicative consumer calendar (MIPAAF-origin; as published by AULSS 9 Scaligera SIAN, Veneto) - not regional",frutta,clementine,giugno,not_listed
Italy,"Italy national indicative consumer calendar (MIPAAF-origin; as published by AULSS 9 Scaligera SIAN, Veneto) - not regional",frutta,clementine,luglio,not_listed
Italy,"Italy national indicative consumer calendar (MIPAAF-origin; as published by AULSS 9 Scaligera SIAN, Veneto) - not regional",frutta,clementine,agosto,not_listed
Italy,"Italy national indicative consumer calendar (MIPAAF-origin; as published by AULSS 9 Scaligera SIAN, Veneto) - not regional",frutta,clementine,settembre,not_listed
Italy,"Italy national indicative consumer calendar (MIPAAF-origin; as published by AULSS 9 Scaligera SIAN, Veneto) - not regional",frutta,clementine,ottobre,listed_in_season
Italy,"Italy national indicative consumer calendar (MIPAAF-origin; as published by AULSS 9 Scaligera SIAN, Veneto) - not regional",frutta,clementine,novembre,listed_in_season
Italy,"Italy national indicative consumer calendar (MIPAAF-origin; as published by AULSS 9 Scaligera SIAN, Veneto) - not regional",frutta,clementine,dicembre,listed_in_season
Italy,"Italy national indicative consumer calendar (MIPAAF-origin; as published by AULSS 9 Scaligera SIAN, Veneto) - not regional",verdura,fagioli,gennaio,not_listed
Italy,"Italy national indicative consumer calendar (MIPAAF-origin; as published by AULSS 9 Scaligera SIAN, Veneto) - not regional",verdura,fagioli,febbraio,not_listed
Italy,"Italy national indicative consumer calendar (MIPAAF-origin; as published by AULSS 9 Scaligera SIAN, Veneto) - not regional",verdura,fagioli,marzo,not_listed
Italy,"Italy national indicative consumer calendar (MIPAAF-origin; as published by AULSS 9 Scaligera SIAN, Veneto) - not regional",verdura,fagioli,aprile,not_listed
Italy,"Italy national indicative consumer calendar (MIPAAF-origin; as published by AULSS 9 Scaligera SIAN, Veneto) - not regional",verdura,fagioli,maggio,listed_in_season
Italy,"Italy national indicative consumer calendar (MIPAAF-origin; as published by AULSS 9 Scaligera SIAN, Veneto) - not regional",verdura,fagioli,giugno,listed_in_season
Italy,"Italy national indicative consumer calendar (MIPAAF-origin; as published by AULSS 9 Scaligera SIAN, Veneto) - not regional",verdura,fagioli,luglio,listed_in_season
Italy,"Italy national indicative consumer calendar (MIPAAF-origin; as published by AULSS 9 Scaligera SIAN, Veneto) - not regional",verdura,fagioli,agosto,listed_in_season
Italy,"Italy national indicative consumer calendar (MIPAAF-origin; as published by AULSS 9 Scaligera SIAN, Veneto) - not regional",verdura,fagioli,settembre,listed_in_season
Italy,"Italy national indicative consumer calendar (MIPAAF-origin; as published by AULSS 9 Scaligera SIAN, Veneto) - not regional",verdura,fagioli,ottobre,not_listed
Italy,"Italy national indicative consumer calendar (MIPAAF-origin; as published by AULSS 9 Scaligera SIAN, Veneto) - not regional",verdura,fagioli,novembre,not_listed
Italy,"Italy national indicative consumer calendar (MIPAAF-origin; as published by AULSS 9 Scaligera SIAN, Veneto) - not regional",verdura,fagioli,dicembre,not_listed
Italy,"Italy national indicative consumer calendar (MIPAAF-origin; as published by AULSS 9 Scaligera SIAN, Veneto) - not regional",verdura,fagiolini,gennaio,not_listed
Italy,"Italy national indicative consumer calendar (MIPAAF-origin; as published by AULSS 9 Scaligera SIAN, Veneto) - not regional",verdura,fagiolini,febbraio,not_listed
Italy,"Italy national indicative consumer calendar (MIPAAF-origin; as published by AULSS 9 Scaligera SIAN, Veneto) - not regional",verdura,fagiolini,marzo,not_listed
Italy,"Italy national indicative consumer calendar (MIPAAF-origin; as published by AULSS 9 Scaligera SIAN, Veneto) - not regional",verdura,fagiolini,aprile,not_listed
Italy,"Italy national indicative consumer calendar (MIPAAF-origin; as published by AULSS 9 Scaligera SIAN, Veneto) - not regional",verdura,fagiolini,maggio,listed_in_season
Italy,"Italy national indicative consumer calendar (MIPAAF-origin; as published by AULSS 9 Scaligera SIAN, Veneto) - not regional",verdura,fagiolini,giugno,listed_in_season
Italy,"Italy national indicative consumer calendar (MIPAAF-origin; as published by AULSS 9 Scaligera SIAN, Veneto) - not regional",verdura,fagiolini,luglio,listed_in_season
Italy,"Italy national indicative consumer calendar (MIPAAF-origin; as published by AULSS 9 Scaligera SIAN, Veneto) - not regional",verdura,fagiolini,agosto,listed_in_season
Italy,"Italy national indicative consumer calendar (MIPAAF-origin; as published by AULSS 9 Scaligera SIAN, Veneto) - not regional",verdura,fagiolini,settembre,listed_in_season
Italy,"Italy national indicative consumer calendar (MIPAAF-origin; as published by AULSS 9 Scaligera SIAN, Veneto) - not regional",verdura,fagiolini,ottobre,not_listed
Italy,"Italy national indicative consumer calendar (MIPAAF-origin; as published by AULSS 9 Scaligera SIAN, Veneto) - not regional",verdura,fagiolini,novembre,not_listed
Italy,"Italy national indicative consumer calendar (MIPAAF-origin; as published by AULSS 9 Scaligera SIAN, Veneto) - not regional",verdura,fagiolini,dicembre,not_listed
Italy,"Italy national indicative consumer calendar (MIPAAF-origin; as published by AULSS 9 Scaligera SIAN, Veneto) - not regional",verdura,fave,gennaio,not_listed
Italy,"Italy national indicative consumer calendar (MIPAAF-origin; as published by AULSS 9 Scaligera SIAN, Veneto) - not regional",verdura,fave,febbraio,not_listed
Italy,"Italy national indicative consumer calendar (MIPAAF-origin; as published by AULSS 9 Scaligera SIAN, Veneto) - not regional",verdura,fave,marzo,not_listed
Italy,"Italy national indicative consumer calendar (MIPAAF-origin; as published by AULSS 9 Scaligera SIAN, Veneto) - not regional",verdura,fave,aprile,not_listed
Italy,"Italy national indicative consumer calendar (MIPAAF-origin; as published by AULSS 9 Scaligera SIAN, Veneto) - not regional",verdura,fave,maggio,listed_in_season
Italy,"Italy national indicative consumer calendar (MIPAAF-origin; as published by AULSS 9 Scaligera SIAN, Veneto) - not regional",verdura,fave,giugno,listed_in_season
Italy,"Italy national indicative consumer calendar (MIPAAF-origin; as published by AULSS 9 Scaligera SIAN, Veneto) - not regional",verdura,fave,luglio,listed_in_season
Italy,"Italy national indicative consumer calendar (MIPAAF-origin; as published by AULSS 9 Scaligera SIAN, Veneto) - not regional",verdura,fave,agosto,not_listed
Italy,"Italy national indicative consumer calendar (MIPAAF-origin; as published by AULSS 9 Scaligera SIAN, Veneto) - not regional",verdura,fave,settembre,not_listed
Italy,"Italy national indicative consumer calendar (MIPAAF-origin; as published by AULSS 9 Scaligera SIAN, Veneto) - not regional",verdura,fave,ottobre,not_listed
Italy,"Italy national indicative consumer calendar (MIPAAF-origin; as published by AULSS 9 Scaligera SIAN, Veneto) - not regional",verdura,fave,novembre,not_listed
Italy,"Italy national indicative consumer calendar (MIPAAF-origin; as published by AULSS 9 Scaligera SIAN, Veneto) - not regional",verdura,fave,dicembre,not_listed
Italy,"Italy national indicative consumer calendar (MIPAAF-origin; as published by AULSS 9 Scaligera SIAN, Veneto) - not regional",frutta,fichi,gennaio,not_listed
Italy,"Italy national indicative consumer calendar (MIPAAF-origin; as published by AULSS 9 Scaligera SIAN, Veneto) - not regional",frutta,fichi,febbraio,not_listed
Italy,"Italy national indicative consumer calendar (MIPAAF-origin; as published by AULSS 9 Scaligera SIAN, Veneto) - not regional",frutta,fichi,marzo,not_listed
Italy,"Italy national indicative consumer calendar (MIPAAF-origin; as published by AULSS 9 Scaligera SIAN, Veneto) - not regional",frutta,fichi,aprile,not_listed
Italy,"Italy national indicative consumer calendar (MIPAAF-origin; as published by AULSS 9 Scaligera SIAN, Veneto) - not regional",frutta,fichi,maggio,not_listed
Italy,"Italy national indicative consumer calendar (MIPAAF-origin; as published by AULSS 9 Scaligera SIAN, Veneto) - not regional",frutta,fichi,giugno,listed_in_season
Italy,"Italy national indicative consumer calendar (MIPAAF-origin; as published by AULSS 9 Scaligera SIAN, Veneto) - not regional",frutta,fichi,luglio,listed_in_season
Italy,"Italy national indicative consumer calendar (MIPAAF-origin; as published by AULSS 9 Scaligera SIAN, Veneto) - not regional",frutta,fichi,agosto,listed_in_season
Italy,"Italy national indicative consumer calendar (MIPAAF-origin; as published by AULSS 9 Scaligera SIAN, Veneto) - not regional",frutta,fichi,settembre,listed_in_season
Italy,"Italy national indicative consumer calendar (MIPAAF-origin; as published by AULSS 9 Scaligera SIAN, Veneto) - not regional",frutta,fichi,ottobre,not_listed
Italy,"Italy national indicative consumer calendar (MIPAAF-origin; as published by AULSS 9 Scaligera SIAN, Veneto) - not regional",frutta,fichi,novembre,not_listed
Italy,"Italy national indicative consumer calendar (MIPAAF-origin; as published by AULSS 9 Scaligera SIAN, Veneto) - not regional",frutta,fichi,dicembre,not_listed
Italy,"Italy national indicative consumer calendar (MIPAAF-origin; as published by AULSS 9 Scaligera SIAN, Veneto) - not regional",verdura,finocchi,gennaio,listed_in_season
Italy,"Italy national indicative consumer calendar (MIPAAF-origin; as published by AULSS 9 Scaligera SIAN, Veneto) - not regional",verdura,finocchi,febbraio,listed_in_season
Italy,"Italy national indicative consumer calendar (MIPAAF-origin; as published by AULSS 9 Scaligera SIAN, Veneto) - not regional",verdura,finocchi,marzo,listed_in_season
Italy,"Italy national indicative consumer calendar (MIPAAF-origin; as published by AULSS 9 Scaligera SIAN, Veneto) - not regional",verdura,finocchi,aprile,listed_in_season
Italy,"Italy national indicative consumer calendar (MIPAAF-origin; as published by AULSS 9 Scaligera SIAN, Veneto) - not regional",verdura,finocchi,maggio,listed_in_season
Italy,"Italy national indicative consumer calendar (MIPAAF-origin; as published by AULSS 9 Scaligera SIAN, Veneto) - not regional",verdura,finocchi,giugno,not_listed
Italy,"Italy national indicative consumer calendar (MIPAAF-origin; as published by AULSS 9 Scaligera SIAN, Veneto) - not regional",verdura,finocchi,luglio,not_listed
Italy,"Italy national indicative consumer calendar (MIPAAF-origin; as published by AULSS 9 Scaligera SIAN, Veneto) - not regional",verdura,finocchi,agosto,not_listed
Italy,"Italy national indicative consumer calendar (MIPAAF-origin; as published by AULSS 9 Scaligera SIAN, Veneto) - not regional",verdura,finocchi,settembre,not_listed
Italy,"Italy national indicative consumer calendar (MIPAAF-origin; as published by AULSS 9 Scaligera SIAN, Veneto) - not regional",verdura,finocchi,ottobre,listed_in_season
Italy,"Italy national indicative consumer calendar (MIPAAF-origin; as published by AULSS 9 Scaligera SIAN, Veneto) - not regional",verdura,finocchi,novembre,listed_in_season
Italy,"Italy national indicative consumer calendar (MIPAAF-origin; as published by AULSS 9 Scaligera SIAN, Veneto) - not regional",verdura,finocchi,dicembre,listed_in_season
Italy,"Italy national indicative consumer calendar (MIPAAF-origin; as published by AULSS 9 Scaligera SIAN, Veneto) - not regional",frutta,fragole,gennaio,not_listed
Italy,"Italy national indicative consumer calendar (MIPAAF-origin; as published by AULSS 9 Scaligera SIAN, Veneto) - not regional",frutta,fragole,febbraio,not_listed
Italy,"Italy national indicative consumer calendar (MIPAAF-origin; as published by AULSS 9 Scaligera SIAN, Veneto) - not regional",frutta,fragole,marzo,not_listed
Italy,"Italy national indicative consumer calendar (MIPAAF-origin; as published by AULSS 9 Scaligera SIAN, Veneto) - not regional",frutta,fragole,aprile,listed_in_season
Italy,"Italy national indicative consumer calendar (MIPAAF-origin; as published by AULSS 9 Scaligera SIAN, Veneto) - not regional",frutta,fragole,maggio,listed_in_season
Italy,"Italy national indicative consumer calendar (MIPAAF-origin; as published by AULSS 9 Scaligera SIAN, Veneto) - not regional",frutta,fragole,giugno,listed_in_season
Italy,"Italy national indicative consumer calendar (MIPAAF-origin; as published by AULSS 9 Scaligera SIAN, Veneto) - not regional",frutta,fragole,luglio,listed_in_season
Italy,"Italy national indicative consumer calendar (MIPAAF-origin; as published by AULSS 9 Scaligera SIAN, Veneto) - not regional",frutta,fragole,agosto,listed_in_season
Italy,"Italy national indicative consumer calendar (MIPAAF-origin; as published by AULSS 9 Scaligera SIAN, Veneto) - not regional",frutta,fragole,settembre,not_listed
Italy,"Italy national indicative consumer calendar (MIPAAF-origin; as published by AULSS 9 Scaligera SIAN, Veneto) - not regional",frutta,fragole,ottobre,not_listed
Italy,"Italy national indicative consumer calendar (MIPAAF-origin; as published by AULSS 9 Scaligera SIAN, Veneto) - not regional",frutta,fragole,novembre,not_listed
Italy,"Italy national indicative consumer calendar (MIPAAF-origin; as published by AULSS 9 Scaligera SIAN, Veneto) - not regional",frutta,fragole,dicembre,not_listed
Italy,"Italy national indicative consumer calendar (MIPAAF-origin; as published by AULSS 9 Scaligera SIAN, Veneto) - not regional",verdura,insalata,gennaio,not_listed
Italy,"Italy national indicative consumer calendar (MIPAAF-origin; as published by AULSS 9 Scaligera SIAN, Veneto) - not regional",verdura,insalata,febbraio,not_listed
Italy,"Italy national indicative consumer calendar (MIPAAF-origin; as published by AULSS 9 Scaligera SIAN, Veneto) - not regional",verdura,insalata,marzo,listed_in_season
Italy,"Italy national indicative consumer calendar (MIPAAF-origin; as published by AULSS 9 Scaligera SIAN, Veneto) - not regional",verdura,insalata,aprile,listed_in_season
Italy,"Italy national indicative consumer calendar (MIPAAF-origin; as published by AULSS 9 Scaligera SIAN, Veneto) - not regional",verdura,insalata,maggio,listed_in_season
Italy,"Italy national indicative consumer calendar (MIPAAF-origin; as published by AULSS 9 Scaligera SIAN, Veneto) - not regional",verdura,insalata,giugno,listed_in_season
Italy,"Italy national indicative consumer calendar (MIPAAF-origin; as published by AULSS 9 Scaligera SIAN, Veneto) - not regional",verdura,insalata,luglio,listed_in_season
Italy,"Italy national indicative consumer calendar (MIPAAF-origin; as published by AULSS 9 Scaligera SIAN, Veneto) - not regional",verdura,insalata,agosto,listed_in_season
Italy,"Italy national indicative consumer calendar (MIPAAF-origin; as published by AULSS 9 Scaligera SIAN, Veneto) - not regional",verdura,insalata,settembre,listed_in_season
Italy,"Italy national indicative consumer calendar (MIPAAF-origin; as published by AULSS 9 Scaligera SIAN, Veneto) - not regional",verdura,insalata,ottobre,listed_in_season
Italy,"Italy national indicative consumer calendar (MIPAAF-origin; as published by AULSS 9 Scaligera SIAN, Veneto) - not regional",verdura,insalata,novembre,listed_in_season
Italy,"Italy national indicative consumer calendar (MIPAAF-origin; as published by AULSS 9 Scaligera SIAN, Veneto) - not regional",verdura,insalata,dicembre,listed_in_season
Italy,"Italy national indicative consumer calendar (MIPAAF-origin; as published by AULSS 9 Scaligera SIAN, Veneto) - not regional",frutta,kaki,gennaio,not_listed
Italy,"Italy national indicative consumer calendar (MIPAAF-origin; as published by AULSS 9 Scaligera SIAN, Veneto) - not regional",frutta,kaki,febbraio,not_listed
Italy,"Italy national indicative consumer calendar (MIPAAF-origin; as published by AULSS 9 Scaligera SIAN, Veneto) - not regional",frutta,kaki,marzo,not_listed
Italy,"Italy national indicative consumer calendar (MIPAAF-origin; as published by AULSS 9 Scaligera SIAN, Veneto) - not regional",frutta,kaki,aprile,not_listed
Italy,"Italy national indicative consumer calendar (MIPAAF-origin; as published by AULSS 9 Scaligera SIAN, Veneto) - not regional",frutta,kaki,maggio,not_listed
Italy,"Italy national indicative consumer calendar (MIPAAF-origin; as published by AULSS 9 Scaligera SIAN, Veneto) - not regional",frutta,kaki,giugno,not_listed
Italy,"Italy national indicative consumer calendar (MIPAAF-origin; as published by AULSS 9 Scaligera SIAN, Veneto) - not regional",frutta,kaki,luglio,not_listed
Italy,"Italy national indicative consumer calendar (MIPAAF-origin; as published by AULSS 9 Scaligera SIAN, Veneto) - not regional",frutta,kaki,agosto,not_listed
Italy,"Italy national indicative consumer calendar (MIPAAF-origin; as published by AULSS 9 Scaligera SIAN, Veneto) - not regional",frutta,kaki,settembre,not_listed
Italy,"Italy national indicative consumer calendar (MIPAAF-origin; as published by AULSS 9 Scaligera SIAN, Veneto) - not regional",frutta,kaki,ottobre,listed_in_season
Italy,"Italy national indicative consumer calendar (MIPAAF-origin; as published by AULSS 9 Scaligera SIAN, Veneto) - not regional",frutta,kaki,novembre,listed_in_season
Italy,"Italy national indicative consumer calendar (MIPAAF-origin; as published by AULSS 9 Scaligera SIAN, Veneto) - not regional",frutta,kaki,dicembre,listed_in_season
Italy,"Italy national indicative consumer calendar (MIPAAF-origin; as published by AULSS 9 Scaligera SIAN, Veneto) - not regional",frutta,kiwi,gennaio,listed_in_season
Italy,"Italy national indicative consumer calendar (MIPAAF-origin; as published by AULSS 9 Scaligera SIAN, Veneto) - not regional",frutta,kiwi,febbraio,listed_in_season
Italy,"Italy national indicative consumer calendar (MIPAAF-origin; as published by AULSS 9 Scaligera SIAN, Veneto) - not regional",frutta,kiwi,marzo,listed_in_season
Italy,"Italy national indicative consumer calendar (MIPAAF-origin; as published by AULSS 9 Scaligera SIAN, Veneto) - not regional",frutta,kiwi,aprile,listed_in_season
Italy,"Italy national indicative consumer calendar (MIPAAF-origin; as published by AULSS 9 Scaligera SIAN, Veneto) - not regional",frutta,kiwi,maggio,listed_in_season
Italy,"Italy national indicative consumer calendar (MIPAAF-origin; as published by AULSS 9 Scaligera SIAN, Veneto) - not regional",frutta,kiwi,giugno,not_listed
Italy,"Italy national indicative consumer calendar (MIPAAF-origin; as published by AULSS 9 Scaligera SIAN, Veneto) - not regional",frutta,kiwi,luglio,not_listed
Italy,"Italy national indicative consumer calendar (MIPAAF-origin; as published by AULSS 9 Scaligera SIAN, Veneto) - not regional",frutta,kiwi,agosto,not_listed
Italy,"Italy national indicative consumer calendar (MIPAAF-origin; as published by AULSS 9 Scaligera SIAN, Veneto) - not regional",frutta,kiwi,settembre,not_listed
Italy,"Italy national indicative consumer calendar (MIPAAF-origin; as published by AULSS 9 Scaligera SIAN, Veneto) - not regional",frutta,kiwi,ottobre,not_listed
Italy,"Italy national indicative consumer calendar (MIPAAF-origin; as published by AULSS 9 Scaligera SIAN, Veneto) - not regional",frutta,kiwi,novembre,listed_in_season
Italy,"Italy national indicative consumer calendar (MIPAAF-origin; as published by AULSS 9 Scaligera SIAN, Veneto) - not regional",frutta,kiwi,dicembre,listed_in_season
Italy,"Italy national indicative consumer calendar (MIPAAF-origin; as published by AULSS 9 Scaligera SIAN, Veneto) - not regional",frutta,lamponi,gennaio,not_listed
Italy,"Italy national indicative consumer calendar (MIPAAF-origin; as published by AULSS 9 Scaligera SIAN, Veneto) - not regional",frutta,lamponi,febbraio,not_listed
Italy,"Italy national indicative consumer calendar (MIPAAF-origin; as published by AULSS 9 Scaligera SIAN, Veneto) - not regional",frutta,lamponi,marzo,not_listed
Italy,"Italy national indicative consumer calendar (MIPAAF-origin; as published by AULSS 9 Scaligera SIAN, Veneto) - not regional",frutta,lamponi,aprile,not_listed
Italy,"Italy national indicative consumer calendar (MIPAAF-origin; as published by AULSS 9 Scaligera SIAN, Veneto) - not regional",frutta,lamponi,maggio,listed_in_season
Italy,"Italy national indicative consumer calendar (MIPAAF-origin; as published by AULSS 9 Scaligera SIAN, Veneto) - not regional",frutta,lamponi,giugno,listed_in_season
Italy,"Italy national indicative consumer calendar (MIPAAF-origin; as published by AULSS 9 Scaligera SIAN, Veneto) - not regional",frutta,lamponi,luglio,listed_in_season
Italy,"Italy national indicative consumer calendar (MIPAAF-origin; as published by AULSS 9 Scaligera SIAN, Veneto) - not regional",frutta,lamponi,agosto,listed_in_season
Italy,"Italy national indicative consumer calendar (MIPAAF-origin; as published by AULSS 9 Scaligera SIAN, Veneto) - not regional",frutta,lamponi,settembre,listed_in_season
Italy,"Italy national indicative consumer calendar (MIPAAF-origin; as published by AULSS 9 Scaligera SIAN, Veneto) - not regional",frutta,lamponi,ottobre,listed_in_season
Italy,"Italy national indicative consumer calendar (MIPAAF-origin; as published by AULSS 9 Scaligera SIAN, Veneto) - not regional",frutta,lamponi,novembre,not_listed
Italy,"Italy national indicative consumer calendar (MIPAAF-origin; as published by AULSS 9 Scaligera SIAN, Veneto) - not regional",frutta,lamponi,dicembre,not_listed
Italy,"Italy national indicative consumer calendar (MIPAAF-origin; as published by AULSS 9 Scaligera SIAN, Veneto) - not regional",frutta,limoni,gennaio,listed_in_season
Italy,"Italy national indicative consumer calendar (MIPAAF-origin; as published by AULSS 9 Scaligera SIAN, Veneto) - not regional",frutta,limoni,febbraio,listed_in_season
Italy,"Italy national indicative consumer calendar (MIPAAF-origin; as published by AULSS 9 Scaligera SIAN, Veneto) - not regional",frutta,limoni,marzo,listed_in_season
Italy,"Italy national indicative consumer calendar (MIPAAF-origin; as published by AULSS 9 Scaligera SIAN, Veneto) - not regional",frutta,limoni,aprile,listed_in_season
Italy,"Italy national indicative consumer calendar (MIPAAF-origin; as published by AULSS 9 Scaligera SIAN, Veneto) - not regional",frutta,limoni,maggio,not_listed
Italy,"Italy national indicative consumer calendar (MIPAAF-origin; as published by AULSS 9 Scaligera SIAN, Veneto) - not regional",frutta,limoni,giugno,not_listed
Italy,"Italy national indicative consumer calendar (MIPAAF-origin; as published by AULSS 9 Scaligera SIAN, Veneto) - not regional",frutta,limoni,luglio,not_listed
Italy,"Italy national indicative consumer calendar (MIPAAF-origin; as published by AULSS 9 Scaligera SIAN, Veneto) - not regional",frutta,limoni,agosto,not_listed
Italy,"Italy national indicative consumer calendar (MIPAAF-origin; as published by AULSS 9 Scaligera SIAN, Veneto) - not regional",frutta,limoni,settembre,not_listed
Italy,"Italy national indicative consumer calendar (MIPAAF-origin; as published by AULSS 9 Scaligera SIAN, Veneto) - not regional",frutta,limoni,ottobre,listed_in_season
Italy,"Italy national indicative consumer calendar (MIPAAF-origin; as published by AULSS 9 Scaligera SIAN, Veneto) - not regional",frutta,limoni,novembre,listed_in_season
Italy,"Italy national indicative consumer calendar (MIPAAF-origin; as published by AULSS 9 Scaligera SIAN, Veneto) - not regional",frutta,limoni,dicembre,listed_in_season
Italy,"Italy national indicative consumer calendar (MIPAAF-origin; as published by AULSS 9 Scaligera SIAN, Veneto) - not regional",frutta,mandarini,gennaio,listed_in_season
Italy,"Italy national indicative consumer calendar (MIPAAF-origin; as published by AULSS 9 Scaligera SIAN, Veneto) - not regional",frutta,mandarini,febbraio,listed_in_season
Italy,"Italy national indicative consumer calendar (MIPAAF-origin; as published by AULSS 9 Scaligera SIAN, Veneto) - not regional",frutta,mandarini,marzo,not_listed
Italy,"Italy national indicative consumer calendar (MIPAAF-origin; as published by AULSS 9 Scaligera SIAN, Veneto) - not regional",frutta,mandarini,aprile,not_listed
Italy,"Italy national indicative consumer calendar (MIPAAF-origin; as published by AULSS 9 Scaligera SIAN, Veneto) - not regional",frutta,mandarini,maggio,not_listed
Italy,"Italy national indicative consumer calendar (MIPAAF-origin; as published by AULSS 9 Scaligera SIAN, Veneto) - not regional",frutta,mandarini,giugno,not_listed
Italy,"Italy national indicative consumer calendar (MIPAAF-origin; as published by AULSS 9 Scaligera SIAN, Veneto) - not regional",frutta,mandarini,luglio,not_listed
Italy,"Italy national indicative consumer calendar (MIPAAF-origin; as published by AULSS 9 Scaligera SIAN, Veneto) - not regional",frutta,mandarini,agosto,not_listed
Italy,"Italy national indicative consumer calendar (MIPAAF-origin; as published by AULSS 9 Scaligera SIAN, Veneto) - not regional",frutta,mandarini,settembre,not_listed
Italy,"Italy national indicative consumer calendar (MIPAAF-origin; as published by AULSS 9 Scaligera SIAN, Veneto) - not regional",frutta,mandarini,ottobre,not_listed
Italy,"Italy national indicative consumer calendar (MIPAAF-origin; as published by AULSS 9 Scaligera SIAN, Veneto) - not regional",frutta,mandarini,novembre,listed_in_season
Italy,"Italy national indicative consumer calendar (MIPAAF-origin; as published by AULSS 9 Scaligera SIAN, Veneto) - not regional",frutta,mandarini,dicembre,listed_in_season
Italy,"Italy national indicative consumer calendar (MIPAAF-origin; as published by AULSS 9 Scaligera SIAN, Veneto) - not regional",verdura,melanzane,gennaio,not_listed
Italy,"Italy national indicative consumer calendar (MIPAAF-origin; as published by AULSS 9 Scaligera SIAN, Veneto) - not regional",verdura,melanzane,febbraio,not_listed
Italy,"Italy national indicative consumer calendar (MIPAAF-origin; as published by AULSS 9 Scaligera SIAN, Veneto) - not regional",verdura,melanzane,marzo,not_listed
Italy,"Italy national indicative consumer calendar (MIPAAF-origin; as published by AULSS 9 Scaligera SIAN, Veneto) - not regional",verdura,melanzane,aprile,not_listed
Italy,"Italy national indicative consumer calendar (MIPAAF-origin; as published by AULSS 9 Scaligera SIAN, Veneto) - not regional",verdura,melanzane,maggio,not_listed
Italy,"Italy national indicative consumer calendar (MIPAAF-origin; as published by AULSS 9 Scaligera SIAN, Veneto) - not regional",verdura,melanzane,giugno,listed_in_season
Italy,"Italy national indicative consumer calendar (MIPAAF-origin; as published by AULSS 9 Scaligera SIAN, Veneto) - not regional",verdura,melanzane,luglio,listed_in_season
Italy,"Italy national indicative consumer calendar (MIPAAF-origin; as published by AULSS 9 Scaligera SIAN, Veneto) - not regional",verdura,melanzane,agosto,listed_in_season
Italy,"Italy national indicative consumer calendar (MIPAAF-origin; as published by AULSS 9 Scaligera SIAN, Veneto) - not regional",verdura,melanzane,settembre,listed_in_season
Italy,"Italy national indicative consumer calendar (MIPAAF-origin; as published by AULSS 9 Scaligera SIAN, Veneto) - not regional",verdura,melanzane,ottobre,listed_in_season
Italy,"Italy national indicative consumer calendar (MIPAAF-origin; as published by AULSS 9 Scaligera SIAN, Veneto) - not regional",verdura,melanzane,novembre,not_listed
Italy,"Italy national indicative consumer calendar (MIPAAF-origin; as published by AULSS 9 Scaligera SIAN, Veneto) - not regional",verdura,melanzane,dicembre,not_listed
Italy,"Italy national indicative consumer calendar (MIPAAF-origin; as published by AULSS 9 Scaligera SIAN, Veneto) - not regional",frutta,mele,gennaio,listed_in_season
Italy,"Italy national indicative consumer calendar (MIPAAF-origin; as published by AULSS 9 Scaligera SIAN, Veneto) - not regional",frutta,mele,febbraio,listed_in_season
Italy,"Italy national indicative consumer calendar (MIPAAF-origin; as published by AULSS 9 Scaligera SIAN, Veneto) - not regional",frutta,mele,marzo,listed_in_season
Italy,"Italy national indicative consumer calendar (MIPAAF-origin; as published by AULSS 9 Scaligera SIAN, Veneto) - not regional",frutta,mele,aprile,listed_in_season
Italy,"Italy national indicative consumer calendar (MIPAAF-origin; as published by AULSS 9 Scaligera SIAN, Veneto) - not regional",frutta,mele,maggio,listed_in_season
Italy,"Italy national indicative consumer calendar (MIPAAF-origin; as published by AULSS 9 Scaligera SIAN, Veneto) - not regional",frutta,mele,giugno,not_listed
Italy,"Italy national indicative consumer calendar (MIPAAF-origin; as published by AULSS 9 Scaligera SIAN, Veneto) - not regional",frutta,mele,luglio,not_listed
Italy,"Italy national indicative consumer calendar (MIPAAF-origin; as published by AULSS 9 Scaligera SIAN, Veneto) - not regional",frutta,mele,agosto,listed_in_season
Italy,"Italy national indicative consumer calendar (MIPAAF-origin; as published by AULSS 9 Scaligera SIAN, Veneto) - not regional",frutta,mele,settembre,listed_in_season
Italy,"Italy national indicative consumer calendar (MIPAAF-origin; as published by AULSS 9 Scaligera SIAN, Veneto) - not regional",frutta,mele,ottobre,listed_in_season
Italy,"Italy national indicative consumer calendar (MIPAAF-origin; as published by AULSS 9 Scaligera SIAN, Veneto) - not regional",frutta,mele,novembre,listed_in_season
Italy,"Italy national indicative consumer calendar (MIPAAF-origin; as published by AULSS 9 Scaligera SIAN, Veneto) - not regional",frutta,mele,dicembre,listed_in_season
Italy,"Italy national indicative consumer calendar (MIPAAF-origin; as published by AULSS 9 Scaligera SIAN, Veneto) - not regional",frutta,meloni,gennaio,not_listed
Italy,"Italy national indicative consumer calendar (MIPAAF-origin; as published by AULSS 9 Scaligera SIAN, Veneto) - not regional",frutta,meloni,febbraio,not_listed
Italy,"Italy national indicative consumer calendar (MIPAAF-origin; as published by AULSS 9 Scaligera SIAN, Veneto) - not regional",frutta,meloni,marzo,not_listed
Italy,"Italy national indicative consumer calendar (MIPAAF-origin; as published by AULSS 9 Scaligera SIAN, Veneto) - not regional",frutta,meloni,aprile,not_listed
Italy,"Italy national indicative consumer calendar (MIPAAF-origin; as published by AULSS 9 Scaligera SIAN, Veneto) - not regional",frutta,meloni,maggio,listed_in_season
Italy,"Italy national indicative consumer calendar (MIPAAF-origin; as published by AULSS 9 Scaligera SIAN, Veneto) - not regional",frutta,meloni,giugno,listed_in_season
Italy,"Italy national indicative consumer calendar (MIPAAF-origin; as published by AULSS 9 Scaligera SIAN, Veneto) - not regional",frutta,meloni,luglio,listed_in_season
Italy,"Italy national indicative consumer calendar (MIPAAF-origin; as published by AULSS 9 Scaligera SIAN, Veneto) - not regional",frutta,meloni,agosto,listed_in_season
Italy,"Italy national indicative consumer calendar (MIPAAF-origin; as published by AULSS 9 Scaligera SIAN, Veneto) - not regional",frutta,meloni,settembre,listed_in_season
Italy,"Italy national indicative consumer calendar (MIPAAF-origin; as published by AULSS 9 Scaligera SIAN, Veneto) - not regional",frutta,meloni,ottobre,not_listed
Italy,"Italy national indicative consumer calendar (MIPAAF-origin; as published by AULSS 9 Scaligera SIAN, Veneto) - not regional",frutta,meloni,novembre,not_listed
Italy,"Italy national indicative consumer calendar (MIPAAF-origin; as published by AULSS 9 Scaligera SIAN, Veneto) - not regional",frutta,meloni,dicembre,not_listed
Italy,"Italy national indicative consumer calendar (MIPAAF-origin; as published by AULSS 9 Scaligera SIAN, Veneto) - not regional",frutta,mirtilli,gennaio,not_listed
Italy,"Italy national indicative consumer calendar (MIPAAF-origin; as published by AULSS 9 Scaligera SIAN, Veneto) - not regional",frutta,mirtilli,febbraio,not_listed
Italy,"Italy national indicative consumer calendar (MIPAAF-origin; as published by AULSS 9 Scaligera SIAN, Veneto) - not regional",frutta,mirtilli,marzo,not_listed
Italy,"Italy national indicative consumer calendar (MIPAAF-origin; as published by AULSS 9 Scaligera SIAN, Veneto) - not regional",frutta,mirtilli,aprile,not_listed
Italy,"Italy national indicative consumer calendar (MIPAAF-origin; as published by AULSS 9 Scaligera SIAN, Veneto) - not regional",frutta,mirtilli,maggio,not_listed
Italy,"Italy national indicative consumer calendar (MIPAAF-origin; as published by AULSS 9 Scaligera SIAN, Veneto) - not regional",frutta,mirtilli,giugno,not_listed
Italy,"Italy national indicative consumer calendar (MIPAAF-origin; as published by AULSS 9 Scaligera SIAN, Veneto) - not regional",frutta,mirtilli,luglio,listed_in_season
Italy,"Italy national indicative consumer calendar (MIPAAF-origin; as published by AULSS 9 Scaligera SIAN, Veneto) - not regional",frutta,mirtilli,agosto,listed_in_season
Italy,"Italy national indicative consumer calendar (MIPAAF-origin; as published by AULSS 9 Scaligera SIAN, Veneto) - not regional",frutta,mirtilli,settembre,listed_in_season
Italy,"Italy national indicative consumer calendar (MIPAAF-origin; as published by AULSS 9 Scaligera SIAN, Veneto) - not regional",frutta,mirtilli,ottobre,not_listed
Italy,"Italy national indicative consumer calendar (MIPAAF-origin; as published by AULSS 9 Scaligera SIAN, Veneto) - not regional",frutta,mirtilli,novembre,not_listed
Italy,"Italy national indicative consumer calendar (MIPAAF-origin; as published by AULSS 9 Scaligera SIAN, Veneto) - not regional",frutta,mirtilli,dicembre,not_listed
Italy,"Italy national indicative consumer calendar (MIPAAF-origin; as published by AULSS 9 Scaligera SIAN, Veneto) - not regional",frutta,nespole,gennaio,not_listed
Italy,"Italy national indicative consumer calendar (MIPAAF-origin; as published by AULSS 9 Scaligera SIAN, Veneto) - not regional",frutta,nespole,febbraio,not_listed
Italy,"Italy national indicative consumer calendar (MIPAAF-origin; as published by AULSS 9 Scaligera SIAN, Veneto) - not regional",frutta,nespole,marzo,not_listed
Italy,"Italy national indicative consumer calendar (MIPAAF-origin; as published by AULSS 9 Scaligera SIAN, Veneto) - not regional",frutta,nespole,aprile,listed_in_season
Italy,"Italy national indicative consumer calendar (MIPAAF-origin; as published by AULSS 9 Scaligera SIAN, Veneto) - not regional",frutta,nespole,maggio,listed_in_season
Italy,"Italy national indicative consumer calendar (MIPAAF-origin; as published by AULSS 9 Scaligera SIAN, Veneto) - not regional",frutta,nespole,giugno,not_listed
Italy,"Italy national indicative consumer calendar (MIPAAF-origin; as published by AULSS 9 Scaligera SIAN, Veneto) - not regional",frutta,nespole,luglio,not_listed
Italy,"Italy national indicative consumer calendar (MIPAAF-origin; as published by AULSS 9 Scaligera SIAN, Veneto) - not regional",frutta,nespole,agosto,not_listed
Italy,"Italy national indicative consumer calendar (MIPAAF-origin; as published by AULSS 9 Scaligera SIAN, Veneto) - not regional",frutta,nespole,settembre,not_listed
Italy,"Italy national indicative consumer calendar (MIPAAF-origin; as published by AULSS 9 Scaligera SIAN, Veneto) - not regional",frutta,nespole,ottobre,not_listed
Italy,"Italy national indicative consumer calendar (MIPAAF-origin; as published by AULSS 9 Scaligera SIAN, Veneto) - not regional",frutta,nespole,novembre,not_listed
Italy,"Italy national indicative consumer calendar (MIPAAF-origin; as published by AULSS 9 Scaligera SIAN, Veneto) - not regional",frutta,nespole,dicembre,not_listed
Italy,"Italy national indicative consumer calendar (MIPAAF-origin; as published by AULSS 9 Scaligera SIAN, Veneto) - not regional",verdura,peperoni,gennaio,not_listed
Italy,"Italy national indicative consumer calendar (MIPAAF-origin; as published by AULSS 9 Scaligera SIAN, Veneto) - not regional",verdura,peperoni,febbraio,not_listed
Italy,"Italy national indicative consumer calendar (MIPAAF-origin; as published by AULSS 9 Scaligera SIAN, Veneto) - not regional",verdura,peperoni,marzo,not_listed
Italy,"Italy national indicative consumer calendar (MIPAAF-origin; as published by AULSS 9 Scaligera SIAN, Veneto) - not regional",verdura,peperoni,aprile,not_listed
Italy,"Italy national indicative consumer calendar (MIPAAF-origin; as published by AULSS 9 Scaligera SIAN, Veneto) - not regional",verdura,peperoni,maggio,not_listed
Italy,"Italy national indicative consumer calendar (MIPAAF-origin; as published by AULSS 9 Scaligera SIAN, Veneto) - not regional",verdura,peperoni,giugno,listed_in_season
Italy,"Italy national indicative consumer calendar (MIPAAF-origin; as published by AULSS 9 Scaligera SIAN, Veneto) - not regional",verdura,peperoni,luglio,listed_in_season
Italy,"Italy national indicative consumer calendar (MIPAAF-origin; as published by AULSS 9 Scaligera SIAN, Veneto) - not regional",verdura,peperoni,agosto,listed_in_season
Italy,"Italy national indicative consumer calendar (MIPAAF-origin; as published by AULSS 9 Scaligera SIAN, Veneto) - not regional",verdura,peperoni,settembre,listed_in_season
Italy,"Italy national indicative consumer calendar (MIPAAF-origin; as published by AULSS 9 Scaligera SIAN, Veneto) - not regional",verdura,peperoni,ottobre,listed_in_season
Italy,"Italy national indicative consumer calendar (MIPAAF-origin; as published by AULSS 9 Scaligera SIAN, Veneto) - not regional",verdura,peperoni,novembre,not_listed
Italy,"Italy national indicative consumer calendar (MIPAAF-origin; as published by AULSS 9 Scaligera SIAN, Veneto) - not regional",verdura,peperoni,dicembre,not_listed
Italy,"Italy national indicative consumer calendar (MIPAAF-origin; as published by AULSS 9 Scaligera SIAN, Veneto) - not regional",frutta,pere,gennaio,listed_in_season
Italy,"Italy national indicative consumer calendar (MIPAAF-origin; as published by AULSS 9 Scaligera SIAN, Veneto) - not regional",frutta,pere,febbraio,listed_in_season
Italy,"Italy national indicative consumer calendar (MIPAAF-origin; as published by AULSS 9 Scaligera SIAN, Veneto) - not regional",frutta,pere,marzo,listed_in_season
Italy,"Italy national indicative consumer calendar (MIPAAF-origin; as published by AULSS 9 Scaligera SIAN, Veneto) - not regional",frutta,pere,aprile,listed_in_season
Italy,"Italy national indicative consumer calendar (MIPAAF-origin; as published by AULSS 9 Scaligera SIAN, Veneto) - not regional",frutta,pere,maggio,listed_in_season
Italy,"Italy national indicative consumer calendar (MIPAAF-origin; as published by AULSS 9 Scaligera SIAN, Veneto) - not regional",frutta,pere,giugno,not_listed
Italy,"Italy national indicative consumer calendar (MIPAAF-origin; as published by AULSS 9 Scaligera SIAN, Veneto) - not regional",frutta,pere,luglio,not_listed
Italy,"Italy national indicative consumer calendar (MIPAAF-origin; as published by AULSS 9 Scaligera SIAN, Veneto) - not regional",frutta,pere,agosto,listed_in_season
Italy,"Italy national indicative consumer calendar (MIPAAF-origin; as published by AULSS 9 Scaligera SIAN, Veneto) - not regional",frutta,pere,settembre,listed_in_season
Italy,"Italy national indicative consumer calendar (MIPAAF-origin; as published by AULSS 9 Scaligera SIAN, Veneto) - not regional",frutta,pere,ottobre,listed_in_season
Italy,"Italy national indicative consumer calendar (MIPAAF-origin; as published by AULSS 9 Scaligera SIAN, Veneto) - not regional",frutta,pere,novembre,listed_in_season
Italy,"Italy national indicative consumer calendar (MIPAAF-origin; as published by AULSS 9 Scaligera SIAN, Veneto) - not regional",frutta,pere,dicembre,listed_in_season
Italy,"Italy national indicative consumer calendar (MIPAAF-origin; as published by AULSS 9 Scaligera SIAN, Veneto) - not regional",frutta,pesche,gennaio,not_listed
Italy,"Italy national indicative consumer calendar (MIPAAF-origin; as published by AULSS 9 Scaligera SIAN, Veneto) - not regional",frutta,pesche,febbraio,not_listed
Italy,"Italy national indicative consumer calendar (MIPAAF-origin; as published by AULSS 9 Scaligera SIAN, Veneto) - not regional",frutta,pesche,marzo,not_listed
Italy,"Italy national indicative consumer calendar (MIPAAF-origin; as published by AULSS 9 Scaligera SIAN, Veneto) - not regional",frutta,pesche,aprile,not_listed
Italy,"Italy national indicative consumer calendar (MIPAAF-origin; as published by AULSS 9 Scaligera SIAN, Veneto) - not regional",frutta,pesche,maggio,not_listed
Italy,"Italy national indicative consumer calendar (MIPAAF-origin; as published by AULSS 9 Scaligera SIAN, Veneto) - not regional",frutta,pesche,giugno,listed_in_season
Italy,"Italy national indicative consumer calendar (MIPAAF-origin; as published by AULSS 9 Scaligera SIAN, Veneto) - not regional",frutta,pesche,luglio,listed_in_season
Italy,"Italy national indicative consumer calendar (MIPAAF-origin; as published by AULSS 9 Scaligera SIAN, Veneto) - not regional",frutta,pesche,agosto,listed_in_season
Italy,"Italy national indicative consumer calendar (MIPAAF-origin; as published by AULSS 9 Scaligera SIAN, Veneto) - not regional",frutta,pesche,settembre,listed_in_season
Italy,"Italy national indicative consumer calendar (MIPAAF-origin; as published by AULSS 9 Scaligera SIAN, Veneto) - not regional",frutta,pesche,ottobre,not_listed
Italy,"Italy national indicative consumer calendar (MIPAAF-origin; as published by AULSS 9 Scaligera SIAN, Veneto) - not regional",frutta,pesche,novembre,not_listed
Italy,"Italy national indicative consumer calendar (MIPAAF-origin; as published by AULSS 9 Scaligera SIAN, Veneto) - not regional",frutta,pesche,dicembre,not_listed
Italy,"Italy national indicative consumer calendar (MIPAAF-origin; as published by AULSS 9 Scaligera SIAN, Veneto) - not regional",verdura,piselli,gennaio,not_listed
Italy,"Italy national indicative consumer calendar (MIPAAF-origin; as published by AULSS 9 Scaligera SIAN, Veneto) - not regional",verdura,piselli,febbraio,not_listed
Italy,"Italy national indicative consumer calendar (MIPAAF-origin; as published by AULSS 9 Scaligera SIAN, Veneto) - not regional",verdura,piselli,marzo,not_listed
Italy,"Italy national indicative consumer calendar (MIPAAF-origin; as published by AULSS 9 Scaligera SIAN, Veneto) - not regional",verdura,piselli,aprile,not_listed
Italy,"Italy national indicative consumer calendar (MIPAAF-origin; as published by AULSS 9 Scaligera SIAN, Veneto) - not regional",verdura,piselli,maggio,listed_in_season
Italy,"Italy national indicative consumer calendar (MIPAAF-origin; as published by AULSS 9 Scaligera SIAN, Veneto) - not regional",verdura,piselli,giugno,listed_in_season
Italy,"Italy national indicative consumer calendar (MIPAAF-origin; as published by AULSS 9 Scaligera SIAN, Veneto) - not regional",verdura,piselli,luglio,not_listed
Italy,"Italy national indicative consumer calendar (MIPAAF-origin; as published by AULSS 9 Scaligera SIAN, Veneto) - not regional",verdura,piselli,agosto,not_listed
Italy,"Italy national indicative consumer calendar (MIPAAF-origin; as published by AULSS 9 Scaligera SIAN, Veneto) - not regional",verdura,piselli,settembre,not_listed
Italy,"Italy national indicative consumer calendar (MIPAAF-origin; as published by AULSS 9 Scaligera SIAN, Veneto) - not regional",verdura,piselli,ottobre,not_listed
Italy,"Italy national indicative consumer calendar (MIPAAF-origin; as published by AULSS 9 Scaligera SIAN, Veneto) - not regional",verdura,piselli,novembre,not_listed
Italy,"Italy national indicative consumer calendar (MIPAAF-origin; as published by AULSS 9 Scaligera SIAN, Veneto) - not regional",verdura,piselli,dicembre,not_listed
Italy,"Italy national indicative consumer calendar (MIPAAF-origin; as published by AULSS 9 Scaligera SIAN, Veneto) - not regional",verdura,pomodori,gennaio,not_listed
Italy,"Italy national indicative consumer calendar (MIPAAF-origin; as published by AULSS 9 Scaligera SIAN, Veneto) - not regional",verdura,pomodori,febbraio,not_listed
Italy,"Italy national indicative consumer calendar (MIPAAF-origin; as published by AULSS 9 Scaligera SIAN, Veneto) - not regional",verdura,pomodori,marzo,not_listed
Italy,"Italy national indicative consumer calendar (MIPAAF-origin; as published by AULSS 9 Scaligera SIAN, Veneto) - not regional",verdura,pomodori,aprile,not_listed
Italy,"Italy national indicative consumer calendar (MIPAAF-origin; as published by AULSS 9 Scaligera SIAN, Veneto) - not regional",verdura,pomodori,maggio,listed_in_season
Italy,"Italy national indicative consumer calendar (MIPAAF-origin; as published by AULSS 9 Scaligera SIAN, Veneto) - not regional",verdura,pomodori,giugno,listed_in_season
Italy,"Italy national indicative consumer calendar (MIPAAF-origin; as published by AULSS 9 Scaligera SIAN, Veneto) - not regional",verdura,pomodori,luglio,listed_in_season
Italy,"Italy national indicative consumer calendar (MIPAAF-origin; as published by AULSS 9 Scaligera SIAN, Veneto) - not regional",verdura,pomodori,agosto,listed_in_season
Italy,"Italy national indicative consumer calendar (MIPAAF-origin; as published by AULSS 9 Scaligera SIAN, Veneto) - not regional",verdura,pomodori,settembre,listed_in_season
Italy,"Italy national indicative consumer calendar (MIPAAF-origin; as published by AULSS 9 Scaligera SIAN, Veneto) - not regional",verdura,pomodori,ottobre,not_listed
Italy,"Italy national indicative consumer calendar (MIPAAF-origin; as published by AULSS 9 Scaligera SIAN, Veneto) - not regional",verdura,pomodori,novembre,not_listed
Italy,"Italy national indicative consumer calendar (MIPAAF-origin; as published by AULSS 9 Scaligera SIAN, Veneto) - not regional",verdura,pomodori,dicembre,not_listed
Italy,"Italy national indicative consumer calendar (MIPAAF-origin; as published by AULSS 9 Scaligera SIAN, Veneto) - not regional",frutta,pompelmi,gennaio,listed_in_season
Italy,"Italy national indicative consumer calendar (MIPAAF-origin; as published by AULSS 9 Scaligera SIAN, Veneto) - not regional",frutta,pompelmi,febbraio,listed_in_season
Italy,"Italy national indicative consumer calendar (MIPAAF-origin; as published by AULSS 9 Scaligera SIAN, Veneto) - not regional",frutta,pompelmi,marzo,listed_in_season
Italy,"Italy national indicative consumer calendar (MIPAAF-origin; as published by AULSS 9 Scaligera SIAN, Veneto) - not regional",frutta,pompelmi,aprile,listed_in_season
Italy,"Italy national indicative consumer calendar (MIPAAF-origin; as published by AULSS 9 Scaligera SIAN, Veneto) - not regional",frutta,pompelmi,maggio,listed_in_season
Italy,"Italy national indicative consumer calendar (MIPAAF-origin; as published by AULSS 9 Scaligera SIAN, Veneto) - not regional",frutta,pompelmi,giugno,not_listed
Italy,"Italy national indicative consumer calendar (MIPAAF-origin; as published by AULSS 9 Scaligera SIAN, Veneto) - not regional",frutta,pompelmi,luglio,not_listed
Italy,"Italy national indicative consumer calendar (MIPAAF-origin; as published by AULSS 9 Scaligera SIAN, Veneto) - not regional",frutta,pompelmi,agosto,not_listed
Italy,"Italy national indicative consumer calendar (MIPAAF-origin; as published by AULSS 9 Scaligera SIAN, Veneto) - not regional",frutta,pompelmi,settembre,not_listed
Italy,"Italy national indicative consumer calendar (MIPAAF-origin; as published by AULSS 9 Scaligera SIAN, Veneto) - not regional",frutta,pompelmi,ottobre,not_listed
Italy,"Italy national indicative consumer calendar (MIPAAF-origin; as published by AULSS 9 Scaligera SIAN, Veneto) - not regional",frutta,pompelmi,novembre,listed_in_season
Italy,"Italy national indicative consumer calendar (MIPAAF-origin; as published by AULSS 9 Scaligera SIAN, Veneto) - not regional",frutta,pompelmi,dicembre,listed_in_season
Italy,"Italy national indicative consumer calendar (MIPAAF-origin; as published by AULSS 9 Scaligera SIAN, Veneto) - not regional",frutta,prugne,gennaio,not_listed
Italy,"Italy national indicative consumer calendar (MIPAAF-origin; as published by AULSS 9 Scaligera SIAN, Veneto) - not regional",frutta,prugne,febbraio,not_listed
Italy,"Italy national indicative consumer calendar (MIPAAF-origin; as published by AULSS 9 Scaligera SIAN, Veneto) - not regional",frutta,prugne,marzo,not_listed
Italy,"Italy national indicative consumer calendar (MIPAAF-origin; as published by AULSS 9 Scaligera SIAN, Veneto) - not regional",frutta,prugne,aprile,not_listed
Italy,"Italy national indicative consumer calendar (MIPAAF-origin; as published by AULSS 9 Scaligera SIAN, Veneto) - not regional",frutta,prugne,maggio,not_listed
Italy,"Italy national indicative consumer calendar (MIPAAF-origin; as published by AULSS 9 Scaligera SIAN, Veneto) - not regional",frutta,prugne,giugno,not_listed
Italy,"Italy national indicative consumer calendar (MIPAAF-origin; as published by AULSS 9 Scaligera SIAN, Veneto) - not regional",frutta,prugne,luglio,listed_in_season
Italy,"Italy national indicative consumer calendar (MIPAAF-origin; as published by AULSS 9 Scaligera SIAN, Veneto) - not regional",frutta,prugne,agosto,listed_in_season
Italy,"Italy national indicative consumer calendar (MIPAAF-origin; as published by AULSS 9 Scaligera SIAN, Veneto) - not regional",frutta,prugne,settembre,listed_in_season
Italy,"Italy national indicative consumer calendar (MIPAAF-origin; as published by AULSS 9 Scaligera SIAN, Veneto) - not regional",frutta,prugne,ottobre,not_listed
Italy,"Italy national indicative consumer calendar (MIPAAF-origin; as published by AULSS 9 Scaligera SIAN, Veneto) - not regional",frutta,prugne,novembre,not_listed
Italy,"Italy national indicative consumer calendar (MIPAAF-origin; as published by AULSS 9 Scaligera SIAN, Veneto) - not regional",frutta,prugne,dicembre,not_listed
Italy,"Italy national indicative consumer calendar (MIPAAF-origin; as published by AULSS 9 Scaligera SIAN, Veneto) - not regional",verdura,radicchio,gennaio,listed_in_season
Italy,"Italy national indicative consumer calendar (MIPAAF-origin; as published by AULSS 9 Scaligera SIAN, Veneto) - not regional",verdura,radicchio,febbraio,listed_in_season
Italy,"Italy national indicative consumer calendar (MIPAAF-origin; as published by AULSS 9 Scaligera SIAN, Veneto) - not regional",verdura,radicchio,marzo,listed_in_season
Italy,"Italy national indicative consumer calendar (MIPAAF-origin; as published by AULSS 9 Scaligera SIAN, Veneto) - not regional",verdura,radicchio,aprile,listed_in_season
Italy,"Italy national indicative consumer calendar (MIPAAF-origin; as published by AULSS 9 Scaligera SIAN, Veneto) - not regional",verdura,radicchio,maggio,listed_in_season
Italy,"Italy national indicative consumer calendar (MIPAAF-origin; as published by AULSS 9 Scaligera SIAN, Veneto) - not regional",verdura,radicchio,giugno,listed_in_season
Italy,"Italy national indicative consumer calendar (MIPAAF-origin; as published by AULSS 9 Scaligera SIAN, Veneto) - not regional",verdura,radicchio,luglio,listed_in_season
Italy,"Italy national indicative consumer calendar (MIPAAF-origin; as published by AULSS 9 Scaligera SIAN, Veneto) - not regional",verdura,radicchio,agosto,listed_in_season
Italy,"Italy national indicative consumer calendar (MIPAAF-origin; as published by AULSS 9 Scaligera SIAN, Veneto) - not regional",verdura,radicchio,settembre,listed_in_season
Italy,"Italy national indicative consumer calendar (MIPAAF-origin; as published by AULSS 9 Scaligera SIAN, Veneto) - not regional",verdura,radicchio,ottobre,listed_in_season
Italy,"Italy national indicative consumer calendar (MIPAAF-origin; as published by AULSS 9 Scaligera SIAN, Veneto) - not regional",verdura,radicchio,novembre,listed_in_season
Italy,"Italy national indicative consumer calendar (MIPAAF-origin; as published by AULSS 9 Scaligera SIAN, Veneto) - not regional",verdura,radicchio,dicembre,listed_in_season
Italy,"Italy national indicative consumer calendar (MIPAAF-origin; as published by AULSS 9 Scaligera SIAN, Veneto) - not regional",verdura,rape,gennaio,listed_in_season
Italy,"Italy national indicative consumer calendar (MIPAAF-origin; as published by AULSS 9 Scaligera SIAN, Veneto) - not regional",verdura,rape,febbraio,listed_in_season
Italy,"Italy national indicative consumer calendar (MIPAAF-origin; as published by AULSS 9 Scaligera SIAN, Veneto) - not regional",verdura,rape,marzo,listed_in_season
Italy,"Italy national indicative consumer calendar (MIPAAF-origin; as published by AULSS 9 Scaligera SIAN, Veneto) - not regional",verdura,rape,aprile,not_listed
Italy,"Italy national indicative consumer calendar (MIPAAF-origin; as published by AULSS 9 Scaligera SIAN, Veneto) - not regional",verdura,rape,maggio,not_listed
Italy,"Italy national indicative consumer calendar (MIPAAF-origin; as published by AULSS 9 Scaligera SIAN, Veneto) - not regional",verdura,rape,giugno,not_listed
Italy,"Italy national indicative consumer calendar (MIPAAF-origin; as published by AULSS 9 Scaligera SIAN, Veneto) - not regional",verdura,rape,luglio,not_listed
Italy,"Italy national indicative consumer calendar (MIPAAF-origin; as published by AULSS 9 Scaligera SIAN, Veneto) - not regional",verdura,rape,agosto,not_listed
Italy,"Italy national indicative consumer calendar (MIPAAF-origin; as published by AULSS 9 Scaligera SIAN, Veneto) - not regional",verdura,rape,settembre,not_listed
Italy,"Italy national indicative consumer calendar (MIPAAF-origin; as published by AULSS 9 Scaligera SIAN, Veneto) - not regional",verdura,rape,ottobre,listed_in_season
Italy,"Italy national indicative consumer calendar (MIPAAF-origin; as published by AULSS 9 Scaligera SIAN, Veneto) - not regional",verdura,rape,novembre,listed_in_season
Italy,"Italy national indicative consumer calendar (MIPAAF-origin; as published by AULSS 9 Scaligera SIAN, Veneto) - not regional",verdura,rape,dicembre,listed_in_season
Italy,"Italy national indicative consumer calendar (MIPAAF-origin; as published by AULSS 9 Scaligera SIAN, Veneto) - not regional",verdura,ravanelli,gennaio,not_listed
Italy,"Italy national indicative consumer calendar (MIPAAF-origin; as published by AULSS 9 Scaligera SIAN, Veneto) - not regional",verdura,ravanelli,febbraio,not_listed
Italy,"Italy national indicative consumer calendar (MIPAAF-origin; as published by AULSS 9 Scaligera SIAN, Veneto) - not regional",verdura,ravanelli,marzo,not_listed
Italy,"Italy national indicative consumer calendar (MIPAAF-origin; as published by AULSS 9 Scaligera SIAN, Veneto) - not regional",verdura,ravanelli,aprile,listed_in_season
Italy,"Italy national indicative consumer calendar (MIPAAF-origin; as published by AULSS 9 Scaligera SIAN, Veneto) - not regional",verdura,ravanelli,maggio,listed_in_season
Italy,"Italy national indicative consumer calendar (MIPAAF-origin; as published by AULSS 9 Scaligera SIAN, Veneto) - not regional",verdura,ravanelli,giugno,listed_in_season
Italy,"Italy national indicative consumer calendar (MIPAAF-origin; as published by AULSS 9 Scaligera SIAN, Veneto) - not regional",verdura,ravanelli,luglio,listed_in_season
Italy,"Italy national indicative consumer calendar (MIPAAF-origin; as published by AULSS 9 Scaligera SIAN, Veneto) - not regional",verdura,ravanelli,agosto,listed_in_season
Italy,"Italy national indicative consumer calendar (MIPAAF-origin; as published by AULSS 9 Scaligera SIAN, Veneto) - not regional",verdura,ravanelli,settembre,listed_in_season
Italy,"Italy national indicative consumer calendar (MIPAAF-origin; as published by AULSS 9 Scaligera SIAN, Veneto) - not regional",verdura,ravanelli,ottobre,listed_in_season
Italy,"Italy national indicative consumer calendar (MIPAAF-origin; as published by AULSS 9 Scaligera SIAN, Veneto) - not regional",verdura,ravanelli,novembre,not_listed
Italy,"Italy national indicative consumer calendar (MIPAAF-origin; as published by AULSS 9 Scaligera SIAN, Veneto) - not regional",verdura,ravanelli,dicembre,not_listed
Italy,"Italy national indicative consumer calendar (MIPAAF-origin; as published by AULSS 9 Scaligera SIAN, Veneto) - not regional",verdura,sedano,gennaio,not_listed
Italy,"Italy national indicative consumer calendar (MIPAAF-origin; as published by AULSS 9 Scaligera SIAN, Veneto) - not regional",verdura,sedano,febbraio,listed_in_season
Italy,"Italy national indicative consumer calendar (MIPAAF-origin; as published by AULSS 9 Scaligera SIAN, Veneto) - not regional",verdura,sedano,marzo,listed_in_season
Italy,"Italy national indicative consumer calendar (MIPAAF-origin; as published by AULSS 9 Scaligera SIAN, Veneto) - not regional",verdura,sedano,aprile,listed_in_season
Italy,"Italy national indicative consumer calendar (MIPAAF-origin; as published by AULSS 9 Scaligera SIAN, Veneto) - not regional",verdura,sedano,maggio,listed_in_season
Italy,"Italy national indicative consumer calendar (MIPAAF-origin; as published by AULSS 9 Scaligera SIAN, Veneto) - not regional",verdura,sedano,giugno,listed_in_season
Italy,"Italy national indicative consumer calendar (MIPAAF-origin; as published by AULSS 9 Scaligera SIAN, Veneto) - not regional",verdura,sedano,luglio,listed_in_season
Italy,"Italy national indicative consumer calendar (MIPAAF-origin; as published by AULSS 9 Scaligera SIAN, Veneto) - not regional",verdura,sedano,agosto,listed_in_season
Italy,"Italy national indicative consumer calendar (MIPAAF-origin; as published by AULSS 9 Scaligera SIAN, Veneto) - not regional",verdura,sedano,settembre,listed_in_season
Italy,"Italy national indicative consumer calendar (MIPAAF-origin; as published by AULSS 9 Scaligera SIAN, Veneto) - not regional",verdura,sedano,ottobre,listed_in_season
Italy,"Italy national indicative consumer calendar (MIPAAF-origin; as published by AULSS 9 Scaligera SIAN, Veneto) - not regional",verdura,sedano,novembre,listed_in_season
Italy,"Italy national indicative consumer calendar (MIPAAF-origin; as published by AULSS 9 Scaligera SIAN, Veneto) - not regional",verdura,sedano,dicembre,not_listed
Italy,"Italy national indicative consumer calendar (MIPAAF-origin; as published by AULSS 9 Scaligera SIAN, Veneto) - not regional",verdura,spinaci,gennaio,listed_in_season
Italy,"Italy national indicative consumer calendar (MIPAAF-origin; as published by AULSS 9 Scaligera SIAN, Veneto) - not regional",verdura,spinaci,febbraio,listed_in_season
Italy,"Italy national indicative consumer calendar (MIPAAF-origin; as published by AULSS 9 Scaligera SIAN, Veneto) - not regional",verdura,spinaci,marzo,listed_in_season
Italy,"Italy national indicative consumer calendar (MIPAAF-origin; as published by AULSS 9 Scaligera SIAN, Veneto) - not regional",verdura,spinaci,aprile,listed_in_season
Italy,"Italy national indicative consumer calendar (MIPAAF-origin; as published by AULSS 9 Scaligera SIAN, Veneto) - not regional",verdura,spinaci,maggio,listed_in_season
Italy,"Italy national indicative consumer calendar (MIPAAF-origin; as published by AULSS 9 Scaligera SIAN, Veneto) - not regional",verdura,spinaci,giugno,not_listed
Italy,"Italy national indicative consumer calendar (MIPAAF-origin; as published by AULSS 9 Scaligera SIAN, Veneto) - not regional",verdura,spinaci,luglio,not_listed
Italy,"Italy national indicative consumer calendar (MIPAAF-origin; as published by AULSS 9 Scaligera SIAN, Veneto) - not regional",verdura,spinaci,agosto,not_listed
Italy,"Italy national indicative consumer calendar (MIPAAF-origin; as published by AULSS 9 Scaligera SIAN, Veneto) - not regional",verdura,spinaci,settembre,listed_in_season
Italy,"Italy national indicative consumer calendar (MIPAAF-origin; as published by AULSS 9 Scaligera SIAN, Veneto) - not regional",verdura,spinaci,ottobre,listed_in_season
Italy,"Italy national indicative consumer calendar (MIPAAF-origin; as published by AULSS 9 Scaligera SIAN, Veneto) - not regional",verdura,spinaci,novembre,listed_in_season
Italy,"Italy national indicative consumer calendar (MIPAAF-origin; as published by AULSS 9 Scaligera SIAN, Veneto) - not regional",verdura,spinaci,dicembre,listed_in_season
Italy,"Italy national indicative consumer calendar (MIPAAF-origin; as published by AULSS 9 Scaligera SIAN, Veneto) - not regional",frutta,susine,gennaio,not_listed
Italy,"Italy national indicative consumer calendar (MIPAAF-origin; as published by AULSS 9 Scaligera SIAN, Veneto) - not regional",frutta,susine,febbraio,not_listed
Italy,"Italy national indicative consumer calendar (MIPAAF-origin; as published by AULSS 9 Scaligera SIAN, Veneto) - not regional",frutta,susine,marzo,not_listed
Italy,"Italy national indicative consumer calendar (MIPAAF-origin; as published by AULSS 9 Scaligera SIAN, Veneto) - not regional",frutta,susine,aprile,not_listed
Italy,"Italy national indicative consumer calendar (MIPAAF-origin; as published by AULSS 9 Scaligera SIAN, Veneto) - not regional",frutta,susine,maggio,not_listed
Italy,"Italy national indicative consumer calendar (MIPAAF-origin; as published by AULSS 9 Scaligera SIAN, Veneto) - not regional",frutta,susine,giugno,listed_in_season
Italy,"Italy national indicative consumer calendar (MIPAAF-origin; as published by AULSS 9 Scaligera SIAN, Veneto) - not regional",frutta,susine,luglio,listed_in_season
Italy,"Italy national indicative consumer calendar (MIPAAF-origin; as published by AULSS 9 Scaligera SIAN, Veneto) - not regional",frutta,susine,agosto,listed_in_season
Italy,"Italy national indicative consumer calendar (MIPAAF-origin; as published by AULSS 9 Scaligera SIAN, Veneto) - not regional",frutta,susine,settembre,listed_in_season
Italy,"Italy national indicative consumer calendar (MIPAAF-origin; as published by AULSS 9 Scaligera SIAN, Veneto) - not regional",frutta,susine,ottobre,not_listed
Italy,"Italy national indicative consumer calendar (MIPAAF-origin; as published by AULSS 9 Scaligera SIAN, Veneto) - not regional",frutta,susine,novembre,not_listed
Italy,"Italy national indicative consumer calendar (MIPAAF-origin; as published by AULSS 9 Scaligera SIAN, Veneto) - not regional",frutta,susine,dicembre,not_listed
Italy,"Italy national indicative consumer calendar (MIPAAF-origin; as published by AULSS 9 Scaligera SIAN, Veneto) - not regional",frutta,uva,gennaio,not_listed
Italy,"Italy national indicative consumer calendar (MIPAAF-origin; as published by AULSS 9 Scaligera SIAN, Veneto) - not regional",frutta,uva,febbraio,not_listed
Italy,"Italy national indicative consumer calendar (MIPAAF-origin; as published by AULSS 9 Scaligera SIAN, Veneto) - not regional",frutta,uva,marzo,not_listed
Italy,"Italy national indicative consumer calendar (MIPAAF-origin; as published by AULSS 9 Scaligera SIAN, Veneto) - not regional",frutta,uva,aprile,not_listed
Italy,"Italy national indicative consumer calendar (MIPAAF-origin; as published by AULSS 9 Scaligera SIAN, Veneto) - not regional",frutta,uva,maggio,not_listed
Italy,"Italy national indicative consumer calendar (MIPAAF-origin; as published by AULSS 9 Scaligera SIAN, Veneto) - not regional",frutta,uva,giugno,not_listed
Italy,"Italy national indicative consumer calendar (MIPAAF-origin; as published by AULSS 9 Scaligera SIAN, Veneto) - not regional",frutta,uva,luglio,not_listed
Italy,"Italy national indicative consumer calendar (MIPAAF-origin; as published by AULSS 9 Scaligera SIAN, Veneto) - not regional",frutta,uva,agosto,listed_in_season
Italy,"Italy national indicative consumer calendar (MIPAAF-origin; as published by AULSS 9 Scaligera SIAN, Veneto) - not regional",frutta,uva,settembre,listed_in_season
Italy,"Italy national indicative consumer calendar (MIPAAF-origin; as published by AULSS 9 Scaligera SIAN, Veneto) - not regional",frutta,uva,ottobre,listed_in_season
Italy,"Italy national indicative consumer calendar (MIPAAF-origin; as published by AULSS 9 Scaligera SIAN, Veneto) - not regional",frutta,uva,novembre,listed_in_season
Italy,"Italy national indicative consumer calendar (MIPAAF-origin; as published by AULSS 9 Scaligera SIAN, Veneto) - not regional",frutta,uva,dicembre,listed_in_season
Italy,"Italy national indicative consumer calendar (MIPAAF-origin; as published by AULSS 9 Scaligera SIAN, Veneto) - not regional",verdura,zucche,gennaio,listed_in_season
Italy,"Italy national indicative consumer calendar (MIPAAF-origin; as published by AULSS 9 Scaligera SIAN, Veneto) - not regional",verdura,zucche,febbraio,listed_in_season
Italy,"Italy national indicative consumer calendar (MIPAAF-origin; as published by AULSS 9 Scaligera SIAN, Veneto) - not regional",verdura,zucche,marzo,not_listed
Italy,"Italy national indicative consumer calendar (MIPAAF-origin; as published by AULSS 9 Scaligera SIAN, Veneto) - not regional",verdura,zucche,aprile,not_listed
Italy,"Italy national indicative consumer calendar (MIPAAF-origin; as published by AULSS 9 Scaligera SIAN, Veneto) - not regional",verdura,zucche,maggio,not_listed
Italy,"Italy national indicative consumer calendar (MIPAAF-origin; as published by AULSS 9 Scaligera SIAN, Veneto) - not regional",verdura,zucche,giugno,not_listed
Italy,"Italy national indicative consumer calendar (MIPAAF-origin; as published by AULSS 9 Scaligera SIAN, Veneto) - not regional",verdura,zucche,luglio,not_listed
Italy,"Italy national indicative consumer calendar (MIPAAF-origin; as published by AULSS 9 Scaligera SIAN, Veneto) - not regional",verdura,zucche,agosto,listed_in_season
Italy,"Italy national indicative consumer calendar (MIPAAF-origin; as published by AULSS 9 Scaligera SIAN, Veneto) - not regional",verdura,zucche,settembre,listed_in_season
Italy,"Italy national indicative consumer calendar (MIPAAF-origin; as published by AULSS 9 Scaligera SIAN, Veneto) - not regional",verdura,zucche,ottobre,listed_in_season
Italy,"Italy national indicative consumer calendar (MIPAAF-origin; as published by AULSS 9 Scaligera SIAN, Veneto) - not regional",verdura,zucche,novembre,listed_in_season
Italy,"Italy national indicative consumer calendar (MIPAAF-origin; as published by AULSS 9 Scaligera SIAN, Veneto) - not regional",verdura,zucche,dicembre,listed_in_season
Italy,"Italy national indicative consumer calendar (MIPAAF-origin; as published by AULSS 9 Scaligera SIAN, Veneto) - not regional",verdura,zucchine,gennaio,not_listed
Italy,"Italy national indicative consumer calendar (MIPAAF-origin; as published by AULSS 9 Scaligera SIAN, Veneto) - not regional",verdura,zucchine,febbraio,not_listed
Italy,"Italy national indicative consumer calendar (MIPAAF-origin; as published by AULSS 9 Scaligera SIAN, Veneto) - not regional",verdura,zucchine,marzo,not_listed
Italy,"Italy national indicative consumer calendar (MIPAAF-origin; as published by AULSS 9 Scaligera SIAN, Veneto) - not regional",verdura,zucchine,aprile,not_listed
Italy,"Italy national indicative consumer calendar (MIPAAF-origin; as published by AULSS 9 Scaligera SIAN, Veneto) - not regional",verdura,zucchine,maggio,not_listed
Italy,"Italy national indicative consumer calendar (MIPAAF-origin; as published by AULSS 9 Scaligera SIAN, Veneto) - not regional",verdura,zucchine,giugno,listed_in_season
Italy,"Italy national indicative consumer calendar (MIPAAF-origin; as published by AULSS 9 Scaligera SIAN, Veneto) - not regional",verdura,zucchine,luglio,listed_in_season
Italy,"Italy national indicative consumer calendar (MIPAAF-origin; as published by AULSS 9 Scaligera SIAN, Veneto) - not regional",verdura,zucchine,agosto,listed_in_season
Italy,"Italy national indicative consumer calendar (MIPAAF-origin; as published by AULSS 9 Scaligera SIAN, Veneto) - not regional",verdura,zucchine,settembre,listed_in_season
Italy,"Italy national indicative consumer calendar (MIPAAF-origin; as published by AULSS 9 Scaligera SIAN, Veneto) - not regional",verdura,zucchine,ottobre,not_listed
Italy,"Italy national indicative consumer calendar (MIPAAF-origin; as published by AULSS 9 Scaligera SIAN, Veneto) - not regional",verdura,zucchine,novembre,not_listed
Italy,"Italy national indicative consumer calendar (MIPAAF-origin; as published by AULSS 9 Scaligera SIAN, Veneto) - not regional",verdura,zucchine,dicembre,not_listed
