country,state_unit,item_en,category,window_region,month,state,source_url,source_publisher,source_window_text,verification,layer_class,provenance_note
United States,California,Almond,fruit,California,1,not_listed,https://www.fresnocountyca.gov/files/sharedassets/county/v/1/public-works-and-planning/community-development-division/26803-harvest.pdf,"County of Fresno, Public Works and Planning, Community Development Division - Harvest Calendar for Fresno County Crops (2018)",Almonds: Sep/mid-Oct,fetched,HARVEST_MONTHS_EXTRACTED,"Fresno County government calendar; labelled California per user ruling 24 Sep (""just label as California if it's from anywhere in California"")"
United States,California,Almond,fruit,California,2,not_listed,https://www.fresnocountyca.gov/files/sharedassets/county/v/1/public-works-and-planning/community-development-division/26803-harvest.pdf,"County of Fresno, Public Works and Planning, Community Development Division - Harvest Calendar for Fresno County Crops (2018)",Almonds: Sep/mid-Oct,fetched,HARVEST_MONTHS_EXTRACTED,"Fresno County government calendar; labelled California per user ruling 24 Sep (""just label as California if it's from anywhere in California"")"
United States,California,Almond,fruit,California,3,not_listed,https://www.fresnocountyca.gov/files/sharedassets/county/v/1/public-works-and-planning/community-development-division/26803-harvest.pdf,"County of Fresno, Public Works and Planning, Community Development Division - Harvest Calendar for Fresno County Crops (2018)",Almonds: Sep/mid-Oct,fetched,HARVEST_MONTHS_EXTRACTED,"Fresno County government calendar; labelled California per user ruling 24 Sep (""just label as California if it's from anywhere in California"")"
United States,California,Almond,fruit,California,4,not_listed,https://www.fresnocountyca.gov/files/sharedassets/county/v/1/public-works-and-planning/community-development-division/26803-harvest.pdf,"County of Fresno, Public Works and Planning, Community Development Division - Harvest Calendar for Fresno County Crops (2018)",Almonds: Sep/mid-Oct,fetched,HARVEST_MONTHS_EXTRACTED,"Fresno County government calendar; labelled California per user ruling 24 Sep (""just label as California if it's from anywhere in California"")"
United States,California,Almond,fruit,California,5,not_listed,https://www.fresnocountyca.gov/files/sharedassets/county/v/1/public-works-and-planning/community-development-division/26803-harvest.pdf,"County of Fresno, Public Works and Planning, Community Development Division - Harvest Calendar for Fresno County Crops (2018)",Almonds: Sep/mid-Oct,fetched,HARVEST_MONTHS_EXTRACTED,"Fresno County government calendar; labelled California per user ruling 24 Sep (""just label as California if it's from anywhere in California"")"
United States,California,Almond,fruit,California,6,not_listed,https://www.fresnocountyca.gov/files/sharedassets/county/v/1/public-works-and-planning/community-development-division/26803-harvest.pdf,"County of Fresno, Public Works and Planning, Community Development Division - Harvest Calendar for Fresno County Crops (2018)",Almonds: Sep/mid-Oct,fetched,HARVEST_MONTHS_EXTRACTED,"Fresno County government calendar; labelled California per user ruling 24 Sep (""just label as California if it's from anywhere in California"")"
United States,California,Almond,fruit,California,7,not_listed,https://www.fresnocountyca.gov/files/sharedassets/county/v/1/public-works-and-planning/community-development-division/26803-harvest.pdf,"County of Fresno, Public Works and Planning, Community Development Division - Harvest Calendar for Fresno County Crops (2018)",Almonds: Sep/mid-Oct,fetched,HARVEST_MONTHS_EXTRACTED,"Fresno County government calendar; labelled California per user ruling 24 Sep (""just label as California if it's from anywhere in California"")"
United States,California,Almond,fruit,California,8,not_listed,https://www.fresnocountyca.gov/files/sharedassets/county/v/1/public-works-and-planning/community-development-division/26803-harvest.pdf,"County of Fresno, Public Works and Planning, Community Development Division - Harvest Calendar for Fresno County Crops (2018)",Almonds: Sep/mid-Oct,fetched,HARVEST_MONTHS_EXTRACTED,"Fresno County government calendar; labelled California per user ruling 24 Sep (""just label as California if it's from anywhere in California"")"
United States,California,Almond,fruit,California,9,in_season,https://www.fresnocountyca.gov/files/sharedassets/county/v/1/public-works-and-planning/community-development-division/26803-harvest.pdf,"County of Fresno, Public Works and Planning, Community Development Division - Harvest Calendar for Fresno County Crops (2018)",Almonds: Sep/mid-Oct,fetched,HARVEST_MONTHS_EXTRACTED,"Fresno County government calendar; labelled California per user ruling 24 Sep (""just label as California if it's from anywhere in California"")"
United States,California,Almond,fruit,California,10,in_season,https://www.fresnocountyca.gov/files/sharedassets/county/v/1/public-works-and-planning/community-development-division/26803-harvest.pdf,"County of Fresno, Public Works and Planning, Community Development Division - Harvest Calendar for Fresno County Crops (2018)",Almonds: Sep/mid-Oct,fetched,HARVEST_MONTHS_EXTRACTED,"Fresno County government calendar; labelled California per user ruling 24 Sep (""just label as California if it's from anywhere in California"")"
United States,California,Almond,fruit,California,11,not_listed,https://www.fresnocountyca.gov/files/sharedassets/county/v/1/public-works-and-planning/community-development-division/26803-harvest.pdf,"County of Fresno, Public Works and Planning, Community Development Division - Harvest Calendar for Fresno County Crops (2018)",Almonds: Sep/mid-Oct,fetched,HARVEST_MONTHS_EXTRACTED,"Fresno County government calendar; labelled California per user ruling 24 Sep (""just label as California if it's from anywhere in California"")"
United States,California,Almond,fruit,California,12,not_listed,https://www.fresnocountyca.gov/files/sharedassets/county/v/1/public-works-and-planning/community-development-division/26803-harvest.pdf,"County of Fresno, Public Works and Planning, Community Development Division - Harvest Calendar for Fresno County Crops (2018)",Almonds: Sep/mid-Oct,fetched,HARVEST_MONTHS_EXTRACTED,"Fresno County government calendar; labelled California per user ruling 24 Sep (""just label as California if it's from anywhere in California"")"
United States,California,Apple,fruit,California,1,not_listed,https://www.fresnocountyca.gov/files/sharedassets/county/v/1/public-works-and-planning/community-development-division/26803-harvest.pdf,"County of Fresno, Public Works and Planning, Community Development Division - Harvest Calendar for Fresno County Crops (2018)",Apples: mid-Aug/Oct,fetched,HARVEST_MONTHS_EXTRACTED,"Fresno County government calendar; labelled California per user ruling 24 Sep (""just label as California if it's from anywhere in California"")"
United States,California,Apple,fruit,California,2,not_listed,https://www.fresnocountyca.gov/files/sharedassets/county/v/1/public-works-and-planning/community-development-division/26803-harvest.pdf,"County of Fresno, Public Works and Planning, Community Development Division - Harvest Calendar for Fresno County Crops (2018)",Apples: mid-Aug/Oct,fetched,HARVEST_MONTHS_EXTRACTED,"Fresno County government calendar; labelled California per user ruling 24 Sep (""just label as California if it's from anywhere in California"")"
United States,California,Apple,fruit,California,3,not_listed,https://www.fresnocountyca.gov/files/sharedassets/county/v/1/public-works-and-planning/community-development-division/26803-harvest.pdf,"County of Fresno, Public Works and Planning, Community Development Division - Harvest Calendar for Fresno County Crops (2018)",Apples: mid-Aug/Oct,fetched,HARVEST_MONTHS_EXTRACTED,"Fresno County government calendar; labelled California per user ruling 24 Sep (""just label as California if it's from anywhere in California"")"
United States,California,Apple,fruit,California,4,not_listed,https://www.fresnocountyca.gov/files/sharedassets/county/v/1/public-works-and-planning/community-development-division/26803-harvest.pdf,"County of Fresno, Public Works and Planning, Community Development Division - Harvest Calendar for Fresno County Crops (2018)",Apples: mid-Aug/Oct,fetched,HARVEST_MONTHS_EXTRACTED,"Fresno County government calendar; labelled California per user ruling 24 Sep (""just label as California if it's from anywhere in California"")"
United States,California,Apple,fruit,California,5,not_listed,https://www.fresnocountyca.gov/files/sharedassets/county/v/1/public-works-and-planning/community-development-division/26803-harvest.pdf,"County of Fresno, Public Works and Planning, Community Development Division - Harvest Calendar for Fresno County Crops (2018)",Apples: mid-Aug/Oct,fetched,HARVEST_MONTHS_EXTRACTED,"Fresno County government calendar; labelled California per user ruling 24 Sep (""just label as California if it's from anywhere in California"")"
United States,California,Apple,fruit,California,6,not_listed,https://www.fresnocountyca.gov/files/sharedassets/county/v/1/public-works-and-planning/community-development-division/26803-harvest.pdf,"County of Fresno, Public Works and Planning, Community Development Division - Harvest Calendar for Fresno County Crops (2018)",Apples: mid-Aug/Oct,fetched,HARVEST_MONTHS_EXTRACTED,"Fresno County government calendar; labelled California per user ruling 24 Sep (""just label as California if it's from anywhere in California"")"
United States,California,Apple,fruit,California,7,not_listed,https://www.fresnocountyca.gov/files/sharedassets/county/v/1/public-works-and-planning/community-development-division/26803-harvest.pdf,"County of Fresno, Public Works and Planning, Community Development Division - Harvest Calendar for Fresno County Crops (2018)",Apples: mid-Aug/Oct,fetched,HARVEST_MONTHS_EXTRACTED,"Fresno County government calendar; labelled California per user ruling 24 Sep (""just label as California if it's from anywhere in California"")"
United States,California,Apple,fruit,California,8,in_season,https://www.fresnocountyca.gov/files/sharedassets/county/v/1/public-works-and-planning/community-development-division/26803-harvest.pdf,"County of Fresno, Public Works and Planning, Community Development Division - Harvest Calendar for Fresno County Crops (2018)",Apples: mid-Aug/Oct,fetched,HARVEST_MONTHS_EXTRACTED,"Fresno County government calendar; labelled California per user ruling 24 Sep (""just label as California if it's from anywhere in California"")"
United States,California,Apple,fruit,California,9,in_season,https://www.fresnocountyca.gov/files/sharedassets/county/v/1/public-works-and-planning/community-development-division/26803-harvest.pdf,"County of Fresno, Public Works and Planning, Community Development Division - Harvest Calendar for Fresno County Crops (2018)",Apples: mid-Aug/Oct,fetched,HARVEST_MONTHS_EXTRACTED,"Fresno County government calendar; labelled California per user ruling 24 Sep (""just label as California if it's from anywhere in California"")"
United States,California,Apple,fruit,California,10,in_season,https://www.fresnocountyca.gov/files/sharedassets/county/v/1/public-works-and-planning/community-development-division/26803-harvest.pdf,"County of Fresno, Public Works and Planning, Community Development Division - Harvest Calendar for Fresno County Crops (2018)",Apples: mid-Aug/Oct,fetched,HARVEST_MONTHS_EXTRACTED,"Fresno County government calendar; labelled California per user ruling 24 Sep (""just label as California if it's from anywhere in California"")"
United States,California,Apple,fruit,California,11,not_listed,https://www.fresnocountyca.gov/files/sharedassets/county/v/1/public-works-and-planning/community-development-division/26803-harvest.pdf,"County of Fresno, Public Works and Planning, Community Development Division - Harvest Calendar for Fresno County Crops (2018)",Apples: mid-Aug/Oct,fetched,HARVEST_MONTHS_EXTRACTED,"Fresno County government calendar; labelled California per user ruling 24 Sep (""just label as California if it's from anywhere in California"")"
United States,California,Apple,fruit,California,12,not_listed,https://www.fresnocountyca.gov/files/sharedassets/county/v/1/public-works-and-planning/community-development-division/26803-harvest.pdf,"County of Fresno, Public Works and Planning, Community Development Division - Harvest Calendar for Fresno County Crops (2018)",Apples: mid-Aug/Oct,fetched,HARVEST_MONTHS_EXTRACTED,"Fresno County government calendar; labelled California per user ruling 24 Sep (""just label as California if it's from anywhere in California"")"
United States,California,Apricot,fruit,California,1,not_listed,https://www.fresnocountyca.gov/files/sharedassets/county/v/1/public-works-and-planning/community-development-division/26803-harvest.pdf,"County of Fresno, Public Works and Planning, Community Development Division - Harvest Calendar for Fresno County Crops (2018)",Apricots: mid-June/July,fetched,HARVEST_MONTHS_EXTRACTED,"Fresno County government calendar; labelled California per user ruling 24 Sep (""just label as California if it's from anywhere in California"")"
United States,California,Apricot,fruit,California,2,not_listed,https://www.fresnocountyca.gov/files/sharedassets/county/v/1/public-works-and-planning/community-development-division/26803-harvest.pdf,"County of Fresno, Public Works and Planning, Community Development Division - Harvest Calendar for Fresno County Crops (2018)",Apricots: mid-June/July,fetched,HARVEST_MONTHS_EXTRACTED,"Fresno County government calendar; labelled California per user ruling 24 Sep (""just label as California if it's from anywhere in California"")"
United States,California,Apricot,fruit,California,3,not_listed,https://www.fresnocountyca.gov/files/sharedassets/county/v/1/public-works-and-planning/community-development-division/26803-harvest.pdf,"County of Fresno, Public Works and Planning, Community Development Division - Harvest Calendar for Fresno County Crops (2018)",Apricots: mid-June/July,fetched,HARVEST_MONTHS_EXTRACTED,"Fresno County government calendar; labelled California per user ruling 24 Sep (""just label as California if it's from anywhere in California"")"
United States,California,Apricot,fruit,California,4,not_listed,https://www.fresnocountyca.gov/files/sharedassets/county/v/1/public-works-and-planning/community-development-division/26803-harvest.pdf,"County of Fresno, Public Works and Planning, Community Development Division - Harvest Calendar for Fresno County Crops (2018)",Apricots: mid-June/July,fetched,HARVEST_MONTHS_EXTRACTED,"Fresno County government calendar; labelled California per user ruling 24 Sep (""just label as California if it's from anywhere in California"")"
United States,California,Apricot,fruit,California,5,not_listed,https://www.fresnocountyca.gov/files/sharedassets/county/v/1/public-works-and-planning/community-development-division/26803-harvest.pdf,"County of Fresno, Public Works and Planning, Community Development Division - Harvest Calendar for Fresno County Crops (2018)",Apricots: mid-June/July,fetched,HARVEST_MONTHS_EXTRACTED,"Fresno County government calendar; labelled California per user ruling 24 Sep (""just label as California if it's from anywhere in California"")"
United States,California,Apricot,fruit,California,6,in_season,https://www.fresnocountyca.gov/files/sharedassets/county/v/1/public-works-and-planning/community-development-division/26803-harvest.pdf,"County of Fresno, Public Works and Planning, Community Development Division - Harvest Calendar for Fresno County Crops (2018)",Apricots: mid-June/July,fetched,HARVEST_MONTHS_EXTRACTED,"Fresno County government calendar; labelled California per user ruling 24 Sep (""just label as California if it's from anywhere in California"")"
United States,California,Apricot,fruit,California,7,in_season,https://www.fresnocountyca.gov/files/sharedassets/county/v/1/public-works-and-planning/community-development-division/26803-harvest.pdf,"County of Fresno, Public Works and Planning, Community Development Division - Harvest Calendar for Fresno County Crops (2018)",Apricots: mid-June/July,fetched,HARVEST_MONTHS_EXTRACTED,"Fresno County government calendar; labelled California per user ruling 24 Sep (""just label as California if it's from anywhere in California"")"
United States,California,Apricot,fruit,California,8,not_listed,https://www.fresnocountyca.gov/files/sharedassets/county/v/1/public-works-and-planning/community-development-division/26803-harvest.pdf,"County of Fresno, Public Works and Planning, Community Development Division - Harvest Calendar for Fresno County Crops (2018)",Apricots: mid-June/July,fetched,HARVEST_MONTHS_EXTRACTED,"Fresno County government calendar; labelled California per user ruling 24 Sep (""just label as California if it's from anywhere in California"")"
United States,California,Apricot,fruit,California,9,not_listed,https://www.fresnocountyca.gov/files/sharedassets/county/v/1/public-works-and-planning/community-development-division/26803-harvest.pdf,"County of Fresno, Public Works and Planning, Community Development Division - Harvest Calendar for Fresno County Crops (2018)",Apricots: mid-June/July,fetched,HARVEST_MONTHS_EXTRACTED,"Fresno County government calendar; labelled California per user ruling 24 Sep (""just label as California if it's from anywhere in California"")"
United States,California,Apricot,fruit,California,10,not_listed,https://www.fresnocountyca.gov/files/sharedassets/county/v/1/public-works-and-planning/community-development-division/26803-harvest.pdf,"County of Fresno, Public Works and Planning, Community Development Division - Harvest Calendar for Fresno County Crops (2018)",Apricots: mid-June/July,fetched,HARVEST_MONTHS_EXTRACTED,"Fresno County government calendar; labelled California per user ruling 24 Sep (""just label as California if it's from anywhere in California"")"
United States,California,Apricot,fruit,California,11,not_listed,https://www.fresnocountyca.gov/files/sharedassets/county/v/1/public-works-and-planning/community-development-division/26803-harvest.pdf,"County of Fresno, Public Works and Planning, Community Development Division - Harvest Calendar for Fresno County Crops (2018)",Apricots: mid-June/July,fetched,HARVEST_MONTHS_EXTRACTED,"Fresno County government calendar; labelled California per user ruling 24 Sep (""just label as California if it's from anywhere in California"")"
United States,California,Apricot,fruit,California,12,not_listed,https://www.fresnocountyca.gov/files/sharedassets/county/v/1/public-works-and-planning/community-development-division/26803-harvest.pdf,"County of Fresno, Public Works and Planning, Community Development Division - Harvest Calendar for Fresno County Crops (2018)",Apricots: mid-June/July,fetched,HARVEST_MONTHS_EXTRACTED,"Fresno County government calendar; labelled California per user ruling 24 Sep (""just label as California if it's from anywhere in California"")"
United States,California,Blueberry,fruit,California,1,not_listed,https://www.fresnocountyca.gov/files/sharedassets/county/v/1/public-works-and-planning/community-development-division/26803-harvest.pdf,"County of Fresno, Public Works and Planning, Community Development Division - Harvest Calendar for Fresno County Crops (2018)",Blueberries: mid-March/mid-May,fetched,HARVEST_MONTHS_EXTRACTED,"Fresno County government calendar; labelled California per user ruling 24 Sep (""just label as California if it's from anywhere in California"")"
United States,California,Blueberry,fruit,California,2,not_listed,https://www.fresnocountyca.gov/files/sharedassets/county/v/1/public-works-and-planning/community-development-division/26803-harvest.pdf,"County of Fresno, Public Works and Planning, Community Development Division - Harvest Calendar for Fresno County Crops (2018)",Blueberries: mid-March/mid-May,fetched,HARVEST_MONTHS_EXTRACTED,"Fresno County government calendar; labelled California per user ruling 24 Sep (""just label as California if it's from anywhere in California"")"
United States,California,Blueberry,fruit,California,3,in_season,https://www.fresnocountyca.gov/files/sharedassets/county/v/1/public-works-and-planning/community-development-division/26803-harvest.pdf,"County of Fresno, Public Works and Planning, Community Development Division - Harvest Calendar for Fresno County Crops (2018)",Blueberries: mid-March/mid-May,fetched,HARVEST_MONTHS_EXTRACTED,"Fresno County government calendar; labelled California per user ruling 24 Sep (""just label as California if it's from anywhere in California"")"
United States,California,Blueberry,fruit,California,4,in_season,https://www.fresnocountyca.gov/files/sharedassets/county/v/1/public-works-and-planning/community-development-division/26803-harvest.pdf,"County of Fresno, Public Works and Planning, Community Development Division - Harvest Calendar for Fresno County Crops (2018)",Blueberries: mid-March/mid-May,fetched,HARVEST_MONTHS_EXTRACTED,"Fresno County government calendar; labelled California per user ruling 24 Sep (""just label as California if it's from anywhere in California"")"
United States,California,Blueberry,fruit,California,5,in_season,https://www.fresnocountyca.gov/files/sharedassets/county/v/1/public-works-and-planning/community-development-division/26803-harvest.pdf,"County of Fresno, Public Works and Planning, Community Development Division - Harvest Calendar for Fresno County Crops (2018)",Blueberries: mid-March/mid-May,fetched,HARVEST_MONTHS_EXTRACTED,"Fresno County government calendar; labelled California per user ruling 24 Sep (""just label as California if it's from anywhere in California"")"
United States,California,Blueberry,fruit,California,6,not_listed,https://www.fresnocountyca.gov/files/sharedassets/county/v/1/public-works-and-planning/community-development-division/26803-harvest.pdf,"County of Fresno, Public Works and Planning, Community Development Division - Harvest Calendar for Fresno County Crops (2018)",Blueberries: mid-March/mid-May,fetched,HARVEST_MONTHS_EXTRACTED,"Fresno County government calendar; labelled California per user ruling 24 Sep (""just label as California if it's from anywhere in California"")"
United States,California,Blueberry,fruit,California,7,not_listed,https://www.fresnocountyca.gov/files/sharedassets/county/v/1/public-works-and-planning/community-development-division/26803-harvest.pdf,"County of Fresno, Public Works and Planning, Community Development Division - Harvest Calendar for Fresno County Crops (2018)",Blueberries: mid-March/mid-May,fetched,HARVEST_MONTHS_EXTRACTED,"Fresno County government calendar; labelled California per user ruling 24 Sep (""just label as California if it's from anywhere in California"")"
United States,California,Blueberry,fruit,California,8,not_listed,https://www.fresnocountyca.gov/files/sharedassets/county/v/1/public-works-and-planning/community-development-division/26803-harvest.pdf,"County of Fresno, Public Works and Planning, Community Development Division - Harvest Calendar for Fresno County Crops (2018)",Blueberries: mid-March/mid-May,fetched,HARVEST_MONTHS_EXTRACTED,"Fresno County government calendar; labelled California per user ruling 24 Sep (""just label as California if it's from anywhere in California"")"
United States,California,Blueberry,fruit,California,9,not_listed,https://www.fresnocountyca.gov/files/sharedassets/county/v/1/public-works-and-planning/community-development-division/26803-harvest.pdf,"County of Fresno, Public Works and Planning, Community Development Division - Harvest Calendar for Fresno County Crops (2018)",Blueberries: mid-March/mid-May,fetched,HARVEST_MONTHS_EXTRACTED,"Fresno County government calendar; labelled California per user ruling 24 Sep (""just label as California if it's from anywhere in California"")"
United States,California,Blueberry,fruit,California,10,not_listed,https://www.fresnocountyca.gov/files/sharedassets/county/v/1/public-works-and-planning/community-development-division/26803-harvest.pdf,"County of Fresno, Public Works and Planning, Community Development Division - Harvest Calendar for Fresno County Crops (2018)",Blueberries: mid-March/mid-May,fetched,HARVEST_MONTHS_EXTRACTED,"Fresno County government calendar; labelled California per user ruling 24 Sep (""just label as California if it's from anywhere in California"")"
United States,California,Blueberry,fruit,California,11,not_listed,https://www.fresnocountyca.gov/files/sharedassets/county/v/1/public-works-and-planning/community-development-division/26803-harvest.pdf,"County of Fresno, Public Works and Planning, Community Development Division - Harvest Calendar for Fresno County Crops (2018)",Blueberries: mid-March/mid-May,fetched,HARVEST_MONTHS_EXTRACTED,"Fresno County government calendar; labelled California per user ruling 24 Sep (""just label as California if it's from anywhere in California"")"
United States,California,Blueberry,fruit,California,12,not_listed,https://www.fresnocountyca.gov/files/sharedassets/county/v/1/public-works-and-planning/community-development-division/26803-harvest.pdf,"County of Fresno, Public Works and Planning, Community Development Division - Harvest Calendar for Fresno County Crops (2018)",Blueberries: mid-March/mid-May,fetched,HARVEST_MONTHS_EXTRACTED,"Fresno County government calendar; labelled California per user ruling 24 Sep (""just label as California if it's from anywhere in California"")"
United States,California,Cherry,fruit,California,1,not_listed,https://www.fresnocountyca.gov/files/sharedassets/county/v/1/public-works-and-planning/community-development-division/26803-harvest.pdf,"County of Fresno, Public Works and Planning, Community Development Division - Harvest Calendar for Fresno County Crops (2018)",Cherries: June,fetched,HARVEST_MONTHS_EXTRACTED,"Fresno County government calendar; labelled California per user ruling 24 Sep (""just label as California if it's from anywhere in California"")"
United States,California,Cherry,fruit,California,2,not_listed,https://www.fresnocountyca.gov/files/sharedassets/county/v/1/public-works-and-planning/community-development-division/26803-harvest.pdf,"County of Fresno, Public Works and Planning, Community Development Division - Harvest Calendar for Fresno County Crops (2018)",Cherries: June,fetched,HARVEST_MONTHS_EXTRACTED,"Fresno County government calendar; labelled California per user ruling 24 Sep (""just label as California if it's from anywhere in California"")"
United States,California,Cherry,fruit,California,3,not_listed,https://www.fresnocountyca.gov/files/sharedassets/county/v/1/public-works-and-planning/community-development-division/26803-harvest.pdf,"County of Fresno, Public Works and Planning, Community Development Division - Harvest Calendar for Fresno County Crops (2018)",Cherries: June,fetched,HARVEST_MONTHS_EXTRACTED,"Fresno County government calendar; labelled California per user ruling 24 Sep (""just label as California if it's from anywhere in California"")"
United States,California,Cherry,fruit,California,4,not_listed,https://www.fresnocountyca.gov/files/sharedassets/county/v/1/public-works-and-planning/community-development-division/26803-harvest.pdf,"County of Fresno, Public Works and Planning, Community Development Division - Harvest Calendar for Fresno County Crops (2018)",Cherries: June,fetched,HARVEST_MONTHS_EXTRACTED,"Fresno County government calendar; labelled California per user ruling 24 Sep (""just label as California if it's from anywhere in California"")"
United States,California,Cherry,fruit,California,5,not_listed,https://www.fresnocountyca.gov/files/sharedassets/county/v/1/public-works-and-planning/community-development-division/26803-harvest.pdf,"County of Fresno, Public Works and Planning, Community Development Division - Harvest Calendar for Fresno County Crops (2018)",Cherries: June,fetched,HARVEST_MONTHS_EXTRACTED,"Fresno County government calendar; labelled California per user ruling 24 Sep (""just label as California if it's from anywhere in California"")"
United States,California,Cherry,fruit,California,6,in_season,https://www.fresnocountyca.gov/files/sharedassets/county/v/1/public-works-and-planning/community-development-division/26803-harvest.pdf,"County of Fresno, Public Works and Planning, Community Development Division - Harvest Calendar for Fresno County Crops (2018)",Cherries: June,fetched,HARVEST_MONTHS_EXTRACTED,"Fresno County government calendar; labelled California per user ruling 24 Sep (""just label as California if it's from anywhere in California"")"
United States,California,Cherry,fruit,California,7,not_listed,https://www.fresnocountyca.gov/files/sharedassets/county/v/1/public-works-and-planning/community-development-division/26803-harvest.pdf,"County of Fresno, Public Works and Planning, Community Development Division - Harvest Calendar for Fresno County Crops (2018)",Cherries: June,fetched,HARVEST_MONTHS_EXTRACTED,"Fresno County government calendar; labelled California per user ruling 24 Sep (""just label as California if it's from anywhere in California"")"
United States,California,Cherry,fruit,California,8,not_listed,https://www.fresnocountyca.gov/files/sharedassets/county/v/1/public-works-and-planning/community-development-division/26803-harvest.pdf,"County of Fresno, Public Works and Planning, Community Development Division - Harvest Calendar for Fresno County Crops (2018)",Cherries: June,fetched,HARVEST_MONTHS_EXTRACTED,"Fresno County government calendar; labelled California per user ruling 24 Sep (""just label as California if it's from anywhere in California"")"
United States,California,Cherry,fruit,California,9,not_listed,https://www.fresnocountyca.gov/files/sharedassets/county/v/1/public-works-and-planning/community-development-division/26803-harvest.pdf,"County of Fresno, Public Works and Planning, Community Development Division - Harvest Calendar for Fresno County Crops (2018)",Cherries: June,fetched,HARVEST_MONTHS_EXTRACTED,"Fresno County government calendar; labelled California per user ruling 24 Sep (""just label as California if it's from anywhere in California"")"
United States,California,Cherry,fruit,California,10,not_listed,https://www.fresnocountyca.gov/files/sharedassets/county/v/1/public-works-and-planning/community-development-division/26803-harvest.pdf,"County of Fresno, Public Works and Planning, Community Development Division - Harvest Calendar for Fresno County Crops (2018)",Cherries: June,fetched,HARVEST_MONTHS_EXTRACTED,"Fresno County government calendar; labelled California per user ruling 24 Sep (""just label as California if it's from anywhere in California"")"
United States,California,Cherry,fruit,California,11,not_listed,https://www.fresnocountyca.gov/files/sharedassets/county/v/1/public-works-and-planning/community-development-division/26803-harvest.pdf,"County of Fresno, Public Works and Planning, Community Development Division - Harvest Calendar for Fresno County Crops (2018)",Cherries: June,fetched,HARVEST_MONTHS_EXTRACTED,"Fresno County government calendar; labelled California per user ruling 24 Sep (""just label as California if it's from anywhere in California"")"
United States,California,Cherry,fruit,California,12,not_listed,https://www.fresnocountyca.gov/files/sharedassets/county/v/1/public-works-and-planning/community-development-division/26803-harvest.pdf,"County of Fresno, Public Works and Planning, Community Development Division - Harvest Calendar for Fresno County Crops (2018)",Cherries: June,fetched,HARVEST_MONTHS_EXTRACTED,"Fresno County government calendar; labelled California per user ruling 24 Sep (""just label as California if it's from anywhere in California"")"
United States,California,Fig,fruit,California,1,not_listed,https://www.fresnocountyca.gov/files/sharedassets/county/v/1/public-works-and-planning/community-development-division/26803-harvest.pdf,"County of Fresno, Public Works and Planning, Community Development Division - Harvest Calendar for Fresno County Crops (2018)",Figs: June/Oct,fetched,HARVEST_MONTHS_EXTRACTED,"Fresno County government calendar; labelled California per user ruling 24 Sep (""just label as California if it's from anywhere in California"")"
United States,California,Fig,fruit,California,2,not_listed,https://www.fresnocountyca.gov/files/sharedassets/county/v/1/public-works-and-planning/community-development-division/26803-harvest.pdf,"County of Fresno, Public Works and Planning, Community Development Division - Harvest Calendar for Fresno County Crops (2018)",Figs: June/Oct,fetched,HARVEST_MONTHS_EXTRACTED,"Fresno County government calendar; labelled California per user ruling 24 Sep (""just label as California if it's from anywhere in California"")"
United States,California,Fig,fruit,California,3,not_listed,https://www.fresnocountyca.gov/files/sharedassets/county/v/1/public-works-and-planning/community-development-division/26803-harvest.pdf,"County of Fresno, Public Works and Planning, Community Development Division - Harvest Calendar for Fresno County Crops (2018)",Figs: June/Oct,fetched,HARVEST_MONTHS_EXTRACTED,"Fresno County government calendar; labelled California per user ruling 24 Sep (""just label as California if it's from anywhere in California"")"
United States,California,Fig,fruit,California,4,not_listed,https://www.fresnocountyca.gov/files/sharedassets/county/v/1/public-works-and-planning/community-development-division/26803-harvest.pdf,"County of Fresno, Public Works and Planning, Community Development Division - Harvest Calendar for Fresno County Crops (2018)",Figs: June/Oct,fetched,HARVEST_MONTHS_EXTRACTED,"Fresno County government calendar; labelled California per user ruling 24 Sep (""just label as California if it's from anywhere in California"")"
United States,California,Fig,fruit,California,5,not_listed,https://www.fresnocountyca.gov/files/sharedassets/county/v/1/public-works-and-planning/community-development-division/26803-harvest.pdf,"County of Fresno, Public Works and Planning, Community Development Division - Harvest Calendar for Fresno County Crops (2018)",Figs: June/Oct,fetched,HARVEST_MONTHS_EXTRACTED,"Fresno County government calendar; labelled California per user ruling 24 Sep (""just label as California if it's from anywhere in California"")"
United States,California,Fig,fruit,California,6,in_season,https://www.fresnocountyca.gov/files/sharedassets/county/v/1/public-works-and-planning/community-development-division/26803-harvest.pdf,"County of Fresno, Public Works and Planning, Community Development Division - Harvest Calendar for Fresno County Crops (2018)",Figs: June/Oct,fetched,HARVEST_MONTHS_EXTRACTED,"Fresno County government calendar; labelled California per user ruling 24 Sep (""just label as California if it's from anywhere in California"")"
United States,California,Fig,fruit,California,7,in_season,https://www.fresnocountyca.gov/files/sharedassets/county/v/1/public-works-and-planning/community-development-division/26803-harvest.pdf,"County of Fresno, Public Works and Planning, Community Development Division - Harvest Calendar for Fresno County Crops (2018)",Figs: June/Oct,fetched,HARVEST_MONTHS_EXTRACTED,"Fresno County government calendar; labelled California per user ruling 24 Sep (""just label as California if it's from anywhere in California"")"
United States,California,Fig,fruit,California,8,in_season,https://www.fresnocountyca.gov/files/sharedassets/county/v/1/public-works-and-planning/community-development-division/26803-harvest.pdf,"County of Fresno, Public Works and Planning, Community Development Division - Harvest Calendar for Fresno County Crops (2018)",Figs: June/Oct,fetched,HARVEST_MONTHS_EXTRACTED,"Fresno County government calendar; labelled California per user ruling 24 Sep (""just label as California if it's from anywhere in California"")"
United States,California,Fig,fruit,California,9,in_season,https://www.fresnocountyca.gov/files/sharedassets/county/v/1/public-works-and-planning/community-development-division/26803-harvest.pdf,"County of Fresno, Public Works and Planning, Community Development Division - Harvest Calendar for Fresno County Crops (2018)",Figs: June/Oct,fetched,HARVEST_MONTHS_EXTRACTED,"Fresno County government calendar; labelled California per user ruling 24 Sep (""just label as California if it's from anywhere in California"")"
United States,California,Fig,fruit,California,10,in_season,https://www.fresnocountyca.gov/files/sharedassets/county/v/1/public-works-and-planning/community-development-division/26803-harvest.pdf,"County of Fresno, Public Works and Planning, Community Development Division - Harvest Calendar for Fresno County Crops (2018)",Figs: June/Oct,fetched,HARVEST_MONTHS_EXTRACTED,"Fresno County government calendar; labelled California per user ruling 24 Sep (""just label as California if it's from anywhere in California"")"
United States,California,Fig,fruit,California,11,not_listed,https://www.fresnocountyca.gov/files/sharedassets/county/v/1/public-works-and-planning/community-development-division/26803-harvest.pdf,"County of Fresno, Public Works and Planning, Community Development Division - Harvest Calendar for Fresno County Crops (2018)",Figs: June/Oct,fetched,HARVEST_MONTHS_EXTRACTED,"Fresno County government calendar; labelled California per user ruling 24 Sep (""just label as California if it's from anywhere in California"")"
United States,California,Fig,fruit,California,12,not_listed,https://www.fresnocountyca.gov/files/sharedassets/county/v/1/public-works-and-planning/community-development-division/26803-harvest.pdf,"County of Fresno, Public Works and Planning, Community Development Division - Harvest Calendar for Fresno County Crops (2018)",Figs: June/Oct,fetched,HARVEST_MONTHS_EXTRACTED,"Fresno County government calendar; labelled California per user ruling 24 Sep (""just label as California if it's from anywhere in California"")"
United States,California,Grape,fruit,California,1,not_listed,https://www.fresnocountyca.gov/files/sharedassets/county/v/1/public-works-and-planning/community-development-division/26803-harvest.pdf,"County of Fresno, Public Works and Planning, Community Development Division - Harvest Calendar for Fresno County Crops (2018)",Grapes: mid-July/Oct,fetched,HARVEST_MONTHS_EXTRACTED,"Fresno County government calendar; labelled California per user ruling 24 Sep (""just label as California if it's from anywhere in California"")"
United States,California,Grape,fruit,California,2,not_listed,https://www.fresnocountyca.gov/files/sharedassets/county/v/1/public-works-and-planning/community-development-division/26803-harvest.pdf,"County of Fresno, Public Works and Planning, Community Development Division - Harvest Calendar for Fresno County Crops (2018)",Grapes: mid-July/Oct,fetched,HARVEST_MONTHS_EXTRACTED,"Fresno County government calendar; labelled California per user ruling 24 Sep (""just label as California if it's from anywhere in California"")"
United States,California,Grape,fruit,California,3,not_listed,https://www.fresnocountyca.gov/files/sharedassets/county/v/1/public-works-and-planning/community-development-division/26803-harvest.pdf,"County of Fresno, Public Works and Planning, Community Development Division - Harvest Calendar for Fresno County Crops (2018)",Grapes: mid-July/Oct,fetched,HARVEST_MONTHS_EXTRACTED,"Fresno County government calendar; labelled California per user ruling 24 Sep (""just label as California if it's from anywhere in California"")"
United States,California,Grape,fruit,California,4,not_listed,https://www.fresnocountyca.gov/files/sharedassets/county/v/1/public-works-and-planning/community-development-division/26803-harvest.pdf,"County of Fresno, Public Works and Planning, Community Development Division - Harvest Calendar for Fresno County Crops (2018)",Grapes: mid-July/Oct,fetched,HARVEST_MONTHS_EXTRACTED,"Fresno County government calendar; labelled California per user ruling 24 Sep (""just label as California if it's from anywhere in California"")"
United States,California,Grape,fruit,California,5,not_listed,https://www.fresnocountyca.gov/files/sharedassets/county/v/1/public-works-and-planning/community-development-division/26803-harvest.pdf,"County of Fresno, Public Works and Planning, Community Development Division - Harvest Calendar for Fresno County Crops (2018)",Grapes: mid-July/Oct,fetched,HARVEST_MONTHS_EXTRACTED,"Fresno County government calendar; labelled California per user ruling 24 Sep (""just label as California if it's from anywhere in California"")"
United States,California,Grape,fruit,California,6,not_listed,https://www.fresnocountyca.gov/files/sharedassets/county/v/1/public-works-and-planning/community-development-division/26803-harvest.pdf,"County of Fresno, Public Works and Planning, Community Development Division - Harvest Calendar for Fresno County Crops (2018)",Grapes: mid-July/Oct,fetched,HARVEST_MONTHS_EXTRACTED,"Fresno County government calendar; labelled California per user ruling 24 Sep (""just label as California if it's from anywhere in California"")"
United States,California,Grape,fruit,California,7,in_season,https://www.fresnocountyca.gov/files/sharedassets/county/v/1/public-works-and-planning/community-development-division/26803-harvest.pdf,"County of Fresno, Public Works and Planning, Community Development Division - Harvest Calendar for Fresno County Crops (2018)",Grapes: mid-July/Oct,fetched,HARVEST_MONTHS_EXTRACTED,"Fresno County government calendar; labelled California per user ruling 24 Sep (""just label as California if it's from anywhere in California"")"
United States,California,Grape,fruit,California,8,in_season,https://www.fresnocountyca.gov/files/sharedassets/county/v/1/public-works-and-planning/community-development-division/26803-harvest.pdf,"County of Fresno, Public Works and Planning, Community Development Division - Harvest Calendar for Fresno County Crops (2018)",Grapes: mid-July/Oct,fetched,HARVEST_MONTHS_EXTRACTED,"Fresno County government calendar; labelled California per user ruling 24 Sep (""just label as California if it's from anywhere in California"")"
United States,California,Grape,fruit,California,9,in_season,https://www.fresnocountyca.gov/files/sharedassets/county/v/1/public-works-and-planning/community-development-division/26803-harvest.pdf,"County of Fresno, Public Works and Planning, Community Development Division - Harvest Calendar for Fresno County Crops (2018)",Grapes: mid-July/Oct,fetched,HARVEST_MONTHS_EXTRACTED,"Fresno County government calendar; labelled California per user ruling 24 Sep (""just label as California if it's from anywhere in California"")"
United States,California,Grape,fruit,California,10,in_season,https://www.fresnocountyca.gov/files/sharedassets/county/v/1/public-works-and-planning/community-development-division/26803-harvest.pdf,"County of Fresno, Public Works and Planning, Community Development Division - Harvest Calendar for Fresno County Crops (2018)",Grapes: mid-July/Oct,fetched,HARVEST_MONTHS_EXTRACTED,"Fresno County government calendar; labelled California per user ruling 24 Sep (""just label as California if it's from anywhere in California"")"
United States,California,Grape,fruit,California,11,not_listed,https://www.fresnocountyca.gov/files/sharedassets/county/v/1/public-works-and-planning/community-development-division/26803-harvest.pdf,"County of Fresno, Public Works and Planning, Community Development Division - Harvest Calendar for Fresno County Crops (2018)",Grapes: mid-July/Oct,fetched,HARVEST_MONTHS_EXTRACTED,"Fresno County government calendar; labelled California per user ruling 24 Sep (""just label as California if it's from anywhere in California"")"
United States,California,Grape,fruit,California,12,not_listed,https://www.fresnocountyca.gov/files/sharedassets/county/v/1/public-works-and-planning/community-development-division/26803-harvest.pdf,"County of Fresno, Public Works and Planning, Community Development Division - Harvest Calendar for Fresno County Crops (2018)",Grapes: mid-July/Oct,fetched,HARVEST_MONTHS_EXTRACTED,"Fresno County government calendar; labelled California per user ruling 24 Sep (""just label as California if it's from anywhere in California"")"
United States,California,Kiwifruit,fruit,California,1,not_listed,https://www.fresnocountyca.gov/files/sharedassets/county/v/1/public-works-and-planning/community-development-division/26803-harvest.pdf,"County of Fresno, Public Works and Planning, Community Development Division - Harvest Calendar for Fresno County Crops (2018)",Kiwi: Nov,fetched,HARVEST_MONTHS_EXTRACTED,"Fresno County government calendar; labelled California per user ruling 24 Sep (""just label as California if it's from anywhere in California"")"
United States,California,Kiwifruit,fruit,California,2,not_listed,https://www.fresnocountyca.gov/files/sharedassets/county/v/1/public-works-and-planning/community-development-division/26803-harvest.pdf,"County of Fresno, Public Works and Planning, Community Development Division - Harvest Calendar for Fresno County Crops (2018)",Kiwi: Nov,fetched,HARVEST_MONTHS_EXTRACTED,"Fresno County government calendar; labelled California per user ruling 24 Sep (""just label as California if it's from anywhere in California"")"
United States,California,Kiwifruit,fruit,California,3,not_listed,https://www.fresnocountyca.gov/files/sharedassets/county/v/1/public-works-and-planning/community-development-division/26803-harvest.pdf,"County of Fresno, Public Works and Planning, Community Development Division - Harvest Calendar for Fresno County Crops (2018)",Kiwi: Nov,fetched,HARVEST_MONTHS_EXTRACTED,"Fresno County government calendar; labelled California per user ruling 24 Sep (""just label as California if it's from anywhere in California"")"
United States,California,Kiwifruit,fruit,California,4,not_listed,https://www.fresnocountyca.gov/files/sharedassets/county/v/1/public-works-and-planning/community-development-division/26803-harvest.pdf,"County of Fresno, Public Works and Planning, Community Development Division - Harvest Calendar for Fresno County Crops (2018)",Kiwi: Nov,fetched,HARVEST_MONTHS_EXTRACTED,"Fresno County government calendar; labelled California per user ruling 24 Sep (""just label as California if it's from anywhere in California"")"
United States,California,Kiwifruit,fruit,California,5,not_listed,https://www.fresnocountyca.gov/files/sharedassets/county/v/1/public-works-and-planning/community-development-division/26803-harvest.pdf,"County of Fresno, Public Works and Planning, Community Development Division - Harvest Calendar for Fresno County Crops (2018)",Kiwi: Nov,fetched,HARVEST_MONTHS_EXTRACTED,"Fresno County government calendar; labelled California per user ruling 24 Sep (""just label as California if it's from anywhere in California"")"
United States,California,Kiwifruit,fruit,California,6,not_listed,https://www.fresnocountyca.gov/files/sharedassets/county/v/1/public-works-and-planning/community-development-division/26803-harvest.pdf,"County of Fresno, Public Works and Planning, Community Development Division - Harvest Calendar for Fresno County Crops (2018)",Kiwi: Nov,fetched,HARVEST_MONTHS_EXTRACTED,"Fresno County government calendar; labelled California per user ruling 24 Sep (""just label as California if it's from anywhere in California"")"
United States,California,Kiwifruit,fruit,California,7,not_listed,https://www.fresnocountyca.gov/files/sharedassets/county/v/1/public-works-and-planning/community-development-division/26803-harvest.pdf,"County of Fresno, Public Works and Planning, Community Development Division - Harvest Calendar for Fresno County Crops (2018)",Kiwi: Nov,fetched,HARVEST_MONTHS_EXTRACTED,"Fresno County government calendar; labelled California per user ruling 24 Sep (""just label as California if it's from anywhere in California"")"
United States,California,Kiwifruit,fruit,California,8,not_listed,https://www.fresnocountyca.gov/files/sharedassets/county/v/1/public-works-and-planning/community-development-division/26803-harvest.pdf,"County of Fresno, Public Works and Planning, Community Development Division - Harvest Calendar for Fresno County Crops (2018)",Kiwi: Nov,fetched,HARVEST_MONTHS_EXTRACTED,"Fresno County government calendar; labelled California per user ruling 24 Sep (""just label as California if it's from anywhere in California"")"
United States,California,Kiwifruit,fruit,California,9,not_listed,https://www.fresnocountyca.gov/files/sharedassets/county/v/1/public-works-and-planning/community-development-division/26803-harvest.pdf,"County of Fresno, Public Works and Planning, Community Development Division - Harvest Calendar for Fresno County Crops (2018)",Kiwi: Nov,fetched,HARVEST_MONTHS_EXTRACTED,"Fresno County government calendar; labelled California per user ruling 24 Sep (""just label as California if it's from anywhere in California"")"
United States,California,Kiwifruit,fruit,California,10,not_listed,https://www.fresnocountyca.gov/files/sharedassets/county/v/1/public-works-and-planning/community-development-division/26803-harvest.pdf,"County of Fresno, Public Works and Planning, Community Development Division - Harvest Calendar for Fresno County Crops (2018)",Kiwi: Nov,fetched,HARVEST_MONTHS_EXTRACTED,"Fresno County government calendar; labelled California per user ruling 24 Sep (""just label as California if it's from anywhere in California"")"
United States,California,Kiwifruit,fruit,California,11,in_season,https://www.fresnocountyca.gov/files/sharedassets/county/v/1/public-works-and-planning/community-development-division/26803-harvest.pdf,"County of Fresno, Public Works and Planning, Community Development Division - Harvest Calendar for Fresno County Crops (2018)",Kiwi: Nov,fetched,HARVEST_MONTHS_EXTRACTED,"Fresno County government calendar; labelled California per user ruling 24 Sep (""just label as California if it's from anywhere in California"")"
United States,California,Kiwifruit,fruit,California,12,not_listed,https://www.fresnocountyca.gov/files/sharedassets/county/v/1/public-works-and-planning/community-development-division/26803-harvest.pdf,"County of Fresno, Public Works and Planning, Community Development Division - Harvest Calendar for Fresno County Crops (2018)",Kiwi: Nov,fetched,HARVEST_MONTHS_EXTRACTED,"Fresno County government calendar; labelled California per user ruling 24 Sep (""just label as California if it's from anywhere in California"")"
United States,California,Lemon,fruit,California,1,not_listed,https://www.fresnocountyca.gov/files/sharedassets/county/v/1/public-works-and-planning/community-development-division/26803-harvest.pdf,"County of Fresno, Public Works and Planning, Community Development Division - Harvest Calendar for Fresno County Crops (2018)",Lemons: Nov-Dec,fetched,HARVEST_MONTHS_EXTRACTED,"Fresno County government calendar; labelled California per user ruling 24 Sep (""just label as California if it's from anywhere in California"")"
United States,California,Lemon,fruit,California,2,not_listed,https://www.fresnocountyca.gov/files/sharedassets/county/v/1/public-works-and-planning/community-development-division/26803-harvest.pdf,"County of Fresno, Public Works and Planning, Community Development Division - Harvest Calendar for Fresno County Crops (2018)",Lemons: Nov-Dec,fetched,HARVEST_MONTHS_EXTRACTED,"Fresno County government calendar; labelled California per user ruling 24 Sep (""just label as California if it's from anywhere in California"")"
United States,California,Lemon,fruit,California,3,not_listed,https://www.fresnocountyca.gov/files/sharedassets/county/v/1/public-works-and-planning/community-development-division/26803-harvest.pdf,"County of Fresno, Public Works and Planning, Community Development Division - Harvest Calendar for Fresno County Crops (2018)",Lemons: Nov-Dec,fetched,HARVEST_MONTHS_EXTRACTED,"Fresno County government calendar; labelled California per user ruling 24 Sep (""just label as California if it's from anywhere in California"")"
United States,California,Lemon,fruit,California,4,not_listed,https://www.fresnocountyca.gov/files/sharedassets/county/v/1/public-works-and-planning/community-development-division/26803-harvest.pdf,"County of Fresno, Public Works and Planning, Community Development Division - Harvest Calendar for Fresno County Crops (2018)",Lemons: Nov-Dec,fetched,HARVEST_MONTHS_EXTRACTED,"Fresno County government calendar; labelled California per user ruling 24 Sep (""just label as California if it's from anywhere in California"")"
United States,California,Lemon,fruit,California,5,not_listed,https://www.fresnocountyca.gov/files/sharedassets/county/v/1/public-works-and-planning/community-development-division/26803-harvest.pdf,"County of Fresno, Public Works and Planning, Community Development Division - Harvest Calendar for Fresno County Crops (2018)",Lemons: Nov-Dec,fetched,HARVEST_MONTHS_EXTRACTED,"Fresno County government calendar; labelled California per user ruling 24 Sep (""just label as California if it's from anywhere in California"")"
United States,California,Lemon,fruit,California,6,not_listed,https://www.fresnocountyca.gov/files/sharedassets/county/v/1/public-works-and-planning/community-development-division/26803-harvest.pdf,"County of Fresno, Public Works and Planning, Community Development Division - Harvest Calendar for Fresno County Crops (2018)",Lemons: Nov-Dec,fetched,HARVEST_MONTHS_EXTRACTED,"Fresno County government calendar; labelled California per user ruling 24 Sep (""just label as California if it's from anywhere in California"")"
United States,California,Lemon,fruit,California,7,not_listed,https://www.fresnocountyca.gov/files/sharedassets/county/v/1/public-works-and-planning/community-development-division/26803-harvest.pdf,"County of Fresno, Public Works and Planning, Community Development Division - Harvest Calendar for Fresno County Crops (2018)",Lemons: Nov-Dec,fetched,HARVEST_MONTHS_EXTRACTED,"Fresno County government calendar; labelled California per user ruling 24 Sep (""just label as California if it's from anywhere in California"")"
United States,California,Lemon,fruit,California,8,not_listed,https://www.fresnocountyca.gov/files/sharedassets/county/v/1/public-works-and-planning/community-development-division/26803-harvest.pdf,"County of Fresno, Public Works and Planning, Community Development Division - Harvest Calendar for Fresno County Crops (2018)",Lemons: Nov-Dec,fetched,HARVEST_MONTHS_EXTRACTED,"Fresno County government calendar; labelled California per user ruling 24 Sep (""just label as California if it's from anywhere in California"")"
United States,California,Lemon,fruit,California,9,not_listed,https://www.fresnocountyca.gov/files/sharedassets/county/v/1/public-works-and-planning/community-development-division/26803-harvest.pdf,"County of Fresno, Public Works and Planning, Community Development Division - Harvest Calendar for Fresno County Crops (2018)",Lemons: Nov-Dec,fetched,HARVEST_MONTHS_EXTRACTED,"Fresno County government calendar; labelled California per user ruling 24 Sep (""just label as California if it's from anywhere in California"")"
United States,California,Lemon,fruit,California,10,not_listed,https://www.fresnocountyca.gov/files/sharedassets/county/v/1/public-works-and-planning/community-development-division/26803-harvest.pdf,"County of Fresno, Public Works and Planning, Community Development Division - Harvest Calendar for Fresno County Crops (2018)",Lemons: Nov-Dec,fetched,HARVEST_MONTHS_EXTRACTED,"Fresno County government calendar; labelled California per user ruling 24 Sep (""just label as California if it's from anywhere in California"")"
United States,California,Lemon,fruit,California,11,in_season,https://www.fresnocountyca.gov/files/sharedassets/county/v/1/public-works-and-planning/community-development-division/26803-harvest.pdf,"County of Fresno, Public Works and Planning, Community Development Division - Harvest Calendar for Fresno County Crops (2018)",Lemons: Nov-Dec,fetched,HARVEST_MONTHS_EXTRACTED,"Fresno County government calendar; labelled California per user ruling 24 Sep (""just label as California if it's from anywhere in California"")"
United States,California,Lemon,fruit,California,12,in_season,https://www.fresnocountyca.gov/files/sharedassets/county/v/1/public-works-and-planning/community-development-division/26803-harvest.pdf,"County of Fresno, Public Works and Planning, Community Development Division - Harvest Calendar for Fresno County Crops (2018)",Lemons: Nov-Dec,fetched,HARVEST_MONTHS_EXTRACTED,"Fresno County government calendar; labelled California per user ruling 24 Sep (""just label as California if it's from anywhere in California"")"
United States,California,Olive,fruit,California,1,not_listed,https://www.fresnocountyca.gov/files/sharedassets/county/v/1/public-works-and-planning/community-development-division/26803-harvest.pdf,"County of Fresno, Public Works and Planning, Community Development Division - Harvest Calendar for Fresno County Crops (2018)",Olives: Oct-Nov,fetched,HARVEST_MONTHS_EXTRACTED,"Fresno County government calendar; labelled California per user ruling 24 Sep (""just label as California if it's from anywhere in California"")"
United States,California,Olive,fruit,California,2,not_listed,https://www.fresnocountyca.gov/files/sharedassets/county/v/1/public-works-and-planning/community-development-division/26803-harvest.pdf,"County of Fresno, Public Works and Planning, Community Development Division - Harvest Calendar for Fresno County Crops (2018)",Olives: Oct-Nov,fetched,HARVEST_MONTHS_EXTRACTED,"Fresno County government calendar; labelled California per user ruling 24 Sep (""just label as California if it's from anywhere in California"")"
United States,California,Olive,fruit,California,3,not_listed,https://www.fresnocountyca.gov/files/sharedassets/county/v/1/public-works-and-planning/community-development-division/26803-harvest.pdf,"County of Fresno, Public Works and Planning, Community Development Division - Harvest Calendar for Fresno County Crops (2018)",Olives: Oct-Nov,fetched,HARVEST_MONTHS_EXTRACTED,"Fresno County government calendar; labelled California per user ruling 24 Sep (""just label as California if it's from anywhere in California"")"
United States,California,Olive,fruit,California,4,not_listed,https://www.fresnocountyca.gov/files/sharedassets/county/v/1/public-works-and-planning/community-development-division/26803-harvest.pdf,"County of Fresno, Public Works and Planning, Community Development Division - Harvest Calendar for Fresno County Crops (2018)",Olives: Oct-Nov,fetched,HARVEST_MONTHS_EXTRACTED,"Fresno County government calendar; labelled California per user ruling 24 Sep (""just label as California if it's from anywhere in California"")"
United States,California,Olive,fruit,California,5,not_listed,https://www.fresnocountyca.gov/files/sharedassets/county/v/1/public-works-and-planning/community-development-division/26803-harvest.pdf,"County of Fresno, Public Works and Planning, Community Development Division - Harvest Calendar for Fresno County Crops (2018)",Olives: Oct-Nov,fetched,HARVEST_MONTHS_EXTRACTED,"Fresno County government calendar; labelled California per user ruling 24 Sep (""just label as California if it's from anywhere in California"")"
United States,California,Olive,fruit,California,6,not_listed,https://www.fresnocountyca.gov/files/sharedassets/county/v/1/public-works-and-planning/community-development-division/26803-harvest.pdf,"County of Fresno, Public Works and Planning, Community Development Division - Harvest Calendar for Fresno County Crops (2018)",Olives: Oct-Nov,fetched,HARVEST_MONTHS_EXTRACTED,"Fresno County government calendar; labelled California per user ruling 24 Sep (""just label as California if it's from anywhere in California"")"
United States,California,Olive,fruit,California,7,not_listed,https://www.fresnocountyca.gov/files/sharedassets/county/v/1/public-works-and-planning/community-development-division/26803-harvest.pdf,"County of Fresno, Public Works and Planning, Community Development Division - Harvest Calendar for Fresno County Crops (2018)",Olives: Oct-Nov,fetched,HARVEST_MONTHS_EXTRACTED,"Fresno County government calendar; labelled California per user ruling 24 Sep (""just label as California if it's from anywhere in California"")"
United States,California,Olive,fruit,California,8,not_listed,https://www.fresnocountyca.gov/files/sharedassets/county/v/1/public-works-and-planning/community-development-division/26803-harvest.pdf,"County of Fresno, Public Works and Planning, Community Development Division - Harvest Calendar for Fresno County Crops (2018)",Olives: Oct-Nov,fetched,HARVEST_MONTHS_EXTRACTED,"Fresno County government calendar; labelled California per user ruling 24 Sep (""just label as California if it's from anywhere in California"")"
United States,California,Olive,fruit,California,9,not_listed,https://www.fresnocountyca.gov/files/sharedassets/county/v/1/public-works-and-planning/community-development-division/26803-harvest.pdf,"County of Fresno, Public Works and Planning, Community Development Division - Harvest Calendar for Fresno County Crops (2018)",Olives: Oct-Nov,fetched,HARVEST_MONTHS_EXTRACTED,"Fresno County government calendar; labelled California per user ruling 24 Sep (""just label as California if it's from anywhere in California"")"
United States,California,Olive,fruit,California,10,in_season,https://www.fresnocountyca.gov/files/sharedassets/county/v/1/public-works-and-planning/community-development-division/26803-harvest.pdf,"County of Fresno, Public Works and Planning, Community Development Division - Harvest Calendar for Fresno County Crops (2018)",Olives: Oct-Nov,fetched,HARVEST_MONTHS_EXTRACTED,"Fresno County government calendar; labelled California per user ruling 24 Sep (""just label as California if it's from anywhere in California"")"
United States,California,Olive,fruit,California,11,in_season,https://www.fresnocountyca.gov/files/sharedassets/county/v/1/public-works-and-planning/community-development-division/26803-harvest.pdf,"County of Fresno, Public Works and Planning, Community Development Division - Harvest Calendar for Fresno County Crops (2018)",Olives: Oct-Nov,fetched,HARVEST_MONTHS_EXTRACTED,"Fresno County government calendar; labelled California per user ruling 24 Sep (""just label as California if it's from anywhere in California"")"
United States,California,Olive,fruit,California,12,not_listed,https://www.fresnocountyca.gov/files/sharedassets/county/v/1/public-works-and-planning/community-development-division/26803-harvest.pdf,"County of Fresno, Public Works and Planning, Community Development Division - Harvest Calendar for Fresno County Crops (2018)",Olives: Oct-Nov,fetched,HARVEST_MONTHS_EXTRACTED,"Fresno County government calendar; labelled California per user ruling 24 Sep (""just label as California if it's from anywhere in California"")"
United States,California,Orange (Navel),fruit,California,1,in_season,https://www.fresnocountyca.gov/files/sharedassets/county/v/1/public-works-and-planning/community-development-division/26803-harvest.pdf,"County of Fresno, Public Works and Planning, Community Development Division - Harvest Calendar for Fresno County Crops (2018)","Oranges, Navel: Nov/mid-May",fetched,HARVEST_MONTHS_EXTRACTED,"Fresno County government calendar; labelled California per user ruling 24 Sep (""just label as California if it's from anywhere in California"")"
United States,California,Orange (Navel),fruit,California,2,in_season,https://www.fresnocountyca.gov/files/sharedassets/county/v/1/public-works-and-planning/community-development-division/26803-harvest.pdf,"County of Fresno, Public Works and Planning, Community Development Division - Harvest Calendar for Fresno County Crops (2018)","Oranges, Navel: Nov/mid-May",fetched,HARVEST_MONTHS_EXTRACTED,"Fresno County government calendar; labelled California per user ruling 24 Sep (""just label as California if it's from anywhere in California"")"
United States,California,Orange (Navel),fruit,California,3,in_season,https://www.fresnocountyca.gov/files/sharedassets/county/v/1/public-works-and-planning/community-development-division/26803-harvest.pdf,"County of Fresno, Public Works and Planning, Community Development Division - Harvest Calendar for Fresno County Crops (2018)","Oranges, Navel: Nov/mid-May",fetched,HARVEST_MONTHS_EXTRACTED,"Fresno County government calendar; labelled California per user ruling 24 Sep (""just label as California if it's from anywhere in California"")"
United States,California,Orange (Navel),fruit,California,4,in_season,https://www.fresnocountyca.gov/files/sharedassets/county/v/1/public-works-and-planning/community-development-division/26803-harvest.pdf,"County of Fresno, Public Works and Planning, Community Development Division - Harvest Calendar for Fresno County Crops (2018)","Oranges, Navel: Nov/mid-May",fetched,HARVEST_MONTHS_EXTRACTED,"Fresno County government calendar; labelled California per user ruling 24 Sep (""just label as California if it's from anywhere in California"")"
United States,California,Orange (Navel),fruit,California,5,in_season,https://www.fresnocountyca.gov/files/sharedassets/county/v/1/public-works-and-planning/community-development-division/26803-harvest.pdf,"County of Fresno, Public Works and Planning, Community Development Division - Harvest Calendar for Fresno County Crops (2018)","Oranges, Navel: Nov/mid-May",fetched,HARVEST_MONTHS_EXTRACTED,"Fresno County government calendar; labelled California per user ruling 24 Sep (""just label as California if it's from anywhere in California"")"
United States,California,Orange (Navel),fruit,California,6,not_listed,https://www.fresnocountyca.gov/files/sharedassets/county/v/1/public-works-and-planning/community-development-division/26803-harvest.pdf,"County of Fresno, Public Works and Planning, Community Development Division - Harvest Calendar for Fresno County Crops (2018)","Oranges, Navel: Nov/mid-May",fetched,HARVEST_MONTHS_EXTRACTED,"Fresno County government calendar; labelled California per user ruling 24 Sep (""just label as California if it's from anywhere in California"")"
United States,California,Orange (Navel),fruit,California,7,not_listed,https://www.fresnocountyca.gov/files/sharedassets/county/v/1/public-works-and-planning/community-development-division/26803-harvest.pdf,"County of Fresno, Public Works and Planning, Community Development Division - Harvest Calendar for Fresno County Crops (2018)","Oranges, Navel: Nov/mid-May",fetched,HARVEST_MONTHS_EXTRACTED,"Fresno County government calendar; labelled California per user ruling 24 Sep (""just label as California if it's from anywhere in California"")"
United States,California,Orange (Navel),fruit,California,8,not_listed,https://www.fresnocountyca.gov/files/sharedassets/county/v/1/public-works-and-planning/community-development-division/26803-harvest.pdf,"County of Fresno, Public Works and Planning, Community Development Division - Harvest Calendar for Fresno County Crops (2018)","Oranges, Navel: Nov/mid-May",fetched,HARVEST_MONTHS_EXTRACTED,"Fresno County government calendar; labelled California per user ruling 24 Sep (""just label as California if it's from anywhere in California"")"
United States,California,Orange (Navel),fruit,California,9,not_listed,https://www.fresnocountyca.gov/files/sharedassets/county/v/1/public-works-and-planning/community-development-division/26803-harvest.pdf,"County of Fresno, Public Works and Planning, Community Development Division - Harvest Calendar for Fresno County Crops (2018)","Oranges, Navel: Nov/mid-May",fetched,HARVEST_MONTHS_EXTRACTED,"Fresno County government calendar; labelled California per user ruling 24 Sep (""just label as California if it's from anywhere in California"")"
United States,California,Orange (Navel),fruit,California,10,not_listed,https://www.fresnocountyca.gov/files/sharedassets/county/v/1/public-works-and-planning/community-development-division/26803-harvest.pdf,"County of Fresno, Public Works and Planning, Community Development Division - Harvest Calendar for Fresno County Crops (2018)","Oranges, Navel: Nov/mid-May",fetched,HARVEST_MONTHS_EXTRACTED,"Fresno County government calendar; labelled California per user ruling 24 Sep (""just label as California if it's from anywhere in California"")"
United States,California,Orange (Navel),fruit,California,11,in_season,https://www.fresnocountyca.gov/files/sharedassets/county/v/1/public-works-and-planning/community-development-division/26803-harvest.pdf,"County of Fresno, Public Works and Planning, Community Development Division - Harvest Calendar for Fresno County Crops (2018)","Oranges, Navel: Nov/mid-May",fetched,HARVEST_MONTHS_EXTRACTED,"Fresno County government calendar; labelled California per user ruling 24 Sep (""just label as California if it's from anywhere in California"")"
United States,California,Orange (Navel),fruit,California,12,in_season,https://www.fresnocountyca.gov/files/sharedassets/county/v/1/public-works-and-planning/community-development-division/26803-harvest.pdf,"County of Fresno, Public Works and Planning, Community Development Division - Harvest Calendar for Fresno County Crops (2018)","Oranges, Navel: Nov/mid-May",fetched,HARVEST_MONTHS_EXTRACTED,"Fresno County government calendar; labelled California per user ruling 24 Sep (""just label as California if it's from anywhere in California"")"
United States,California,Orange (Valencia),fruit,California,1,not_listed,https://www.fresnocountyca.gov/files/sharedassets/county/v/1/public-works-and-planning/community-development-division/26803-harvest.pdf,"County of Fresno, Public Works and Planning, Community Development Division - Harvest Calendar for Fresno County Crops (2018)","Oranges, V: April-July",fetched,HARVEST_MONTHS_EXTRACTED,"Fresno County government calendar; labelled California per user ruling 24 Sep (""just label as California if it's from anywhere in California"")"
United States,California,Orange (Valencia),fruit,California,2,not_listed,https://www.fresnocountyca.gov/files/sharedassets/county/v/1/public-works-and-planning/community-development-division/26803-harvest.pdf,"County of Fresno, Public Works and Planning, Community Development Division - Harvest Calendar for Fresno County Crops (2018)","Oranges, V: April-July",fetched,HARVEST_MONTHS_EXTRACTED,"Fresno County government calendar; labelled California per user ruling 24 Sep (""just label as California if it's from anywhere in California"")"
United States,California,Orange (Valencia),fruit,California,3,not_listed,https://www.fresnocountyca.gov/files/sharedassets/county/v/1/public-works-and-planning/community-development-division/26803-harvest.pdf,"County of Fresno, Public Works and Planning, Community Development Division - Harvest Calendar for Fresno County Crops (2018)","Oranges, V: April-July",fetched,HARVEST_MONTHS_EXTRACTED,"Fresno County government calendar; labelled California per user ruling 24 Sep (""just label as California if it's from anywhere in California"")"
United States,California,Orange (Valencia),fruit,California,4,in_season,https://www.fresnocountyca.gov/files/sharedassets/county/v/1/public-works-and-planning/community-development-division/26803-harvest.pdf,"County of Fresno, Public Works and Planning, Community Development Division - Harvest Calendar for Fresno County Crops (2018)","Oranges, V: April-July",fetched,HARVEST_MONTHS_EXTRACTED,"Fresno County government calendar; labelled California per user ruling 24 Sep (""just label as California if it's from anywhere in California"")"
United States,California,Orange (Valencia),fruit,California,5,in_season,https://www.fresnocountyca.gov/files/sharedassets/county/v/1/public-works-and-planning/community-development-division/26803-harvest.pdf,"County of Fresno, Public Works and Planning, Community Development Division - Harvest Calendar for Fresno County Crops (2018)","Oranges, V: April-July",fetched,HARVEST_MONTHS_EXTRACTED,"Fresno County government calendar; labelled California per user ruling 24 Sep (""just label as California if it's from anywhere in California"")"
United States,California,Orange (Valencia),fruit,California,6,in_season,https://www.fresnocountyca.gov/files/sharedassets/county/v/1/public-works-and-planning/community-development-division/26803-harvest.pdf,"County of Fresno, Public Works and Planning, Community Development Division - Harvest Calendar for Fresno County Crops (2018)","Oranges, V: April-July",fetched,HARVEST_MONTHS_EXTRACTED,"Fresno County government calendar; labelled California per user ruling 24 Sep (""just label as California if it's from anywhere in California"")"
United States,California,Orange (Valencia),fruit,California,7,in_season,https://www.fresnocountyca.gov/files/sharedassets/county/v/1/public-works-and-planning/community-development-division/26803-harvest.pdf,"County of Fresno, Public Works and Planning, Community Development Division - Harvest Calendar for Fresno County Crops (2018)","Oranges, V: April-July",fetched,HARVEST_MONTHS_EXTRACTED,"Fresno County government calendar; labelled California per user ruling 24 Sep (""just label as California if it's from anywhere in California"")"
United States,California,Orange (Valencia),fruit,California,8,not_listed,https://www.fresnocountyca.gov/files/sharedassets/county/v/1/public-works-and-planning/community-development-division/26803-harvest.pdf,"County of Fresno, Public Works and Planning, Community Development Division - Harvest Calendar for Fresno County Crops (2018)","Oranges, V: April-July",fetched,HARVEST_MONTHS_EXTRACTED,"Fresno County government calendar; labelled California per user ruling 24 Sep (""just label as California if it's from anywhere in California"")"
United States,California,Orange (Valencia),fruit,California,9,not_listed,https://www.fresnocountyca.gov/files/sharedassets/county/v/1/public-works-and-planning/community-development-division/26803-harvest.pdf,"County of Fresno, Public Works and Planning, Community Development Division - Harvest Calendar for Fresno County Crops (2018)","Oranges, V: April-July",fetched,HARVEST_MONTHS_EXTRACTED,"Fresno County government calendar; labelled California per user ruling 24 Sep (""just label as California if it's from anywhere in California"")"
United States,California,Orange (Valencia),fruit,California,10,not_listed,https://www.fresnocountyca.gov/files/sharedassets/county/v/1/public-works-and-planning/community-development-division/26803-harvest.pdf,"County of Fresno, Public Works and Planning, Community Development Division - Harvest Calendar for Fresno County Crops (2018)","Oranges, V: April-July",fetched,HARVEST_MONTHS_EXTRACTED,"Fresno County government calendar; labelled California per user ruling 24 Sep (""just label as California if it's from anywhere in California"")"
United States,California,Orange (Valencia),fruit,California,11,not_listed,https://www.fresnocountyca.gov/files/sharedassets/county/v/1/public-works-and-planning/community-development-division/26803-harvest.pdf,"County of Fresno, Public Works and Planning, Community Development Division - Harvest Calendar for Fresno County Crops (2018)","Oranges, V: April-July",fetched,HARVEST_MONTHS_EXTRACTED,"Fresno County government calendar; labelled California per user ruling 24 Sep (""just label as California if it's from anywhere in California"")"
United States,California,Orange (Valencia),fruit,California,12,not_listed,https://www.fresnocountyca.gov/files/sharedassets/county/v/1/public-works-and-planning/community-development-division/26803-harvest.pdf,"County of Fresno, Public Works and Planning, Community Development Division - Harvest Calendar for Fresno County Crops (2018)","Oranges, V: April-July",fetched,HARVEST_MONTHS_EXTRACTED,"Fresno County government calendar; labelled California per user ruling 24 Sep (""just label as California if it's from anywhere in California"")"
United States,California,Nectarine,fruit,California,1,not_listed,https://www.fresnocountyca.gov/files/sharedassets/county/v/1/public-works-and-planning/community-development-division/26803-harvest.pdf,"County of Fresno, Public Works and Planning, Community Development Division - Harvest Calendar for Fresno County Crops (2018)",Nectarines: May-Sept,fetched,HARVEST_MONTHS_EXTRACTED,"Fresno County government calendar; labelled California per user ruling 24 Sep (""just label as California if it's from anywhere in California"")"
United States,California,Nectarine,fruit,California,2,not_listed,https://www.fresnocountyca.gov/files/sharedassets/county/v/1/public-works-and-planning/community-development-division/26803-harvest.pdf,"County of Fresno, Public Works and Planning, Community Development Division - Harvest Calendar for Fresno County Crops (2018)",Nectarines: May-Sept,fetched,HARVEST_MONTHS_EXTRACTED,"Fresno County government calendar; labelled California per user ruling 24 Sep (""just label as California if it's from anywhere in California"")"
United States,California,Nectarine,fruit,California,3,not_listed,https://www.fresnocountyca.gov/files/sharedassets/county/v/1/public-works-and-planning/community-development-division/26803-harvest.pdf,"County of Fresno, Public Works and Planning, Community Development Division - Harvest Calendar for Fresno County Crops (2018)",Nectarines: May-Sept,fetched,HARVEST_MONTHS_EXTRACTED,"Fresno County government calendar; labelled California per user ruling 24 Sep (""just label as California if it's from anywhere in California"")"
United States,California,Nectarine,fruit,California,4,not_listed,https://www.fresnocountyca.gov/files/sharedassets/county/v/1/public-works-and-planning/community-development-division/26803-harvest.pdf,"County of Fresno, Public Works and Planning, Community Development Division - Harvest Calendar for Fresno County Crops (2018)",Nectarines: May-Sept,fetched,HARVEST_MONTHS_EXTRACTED,"Fresno County government calendar; labelled California per user ruling 24 Sep (""just label as California if it's from anywhere in California"")"
United States,California,Nectarine,fruit,California,5,in_season,https://www.fresnocountyca.gov/files/sharedassets/county/v/1/public-works-and-planning/community-development-division/26803-harvest.pdf,"County of Fresno, Public Works and Planning, Community Development Division - Harvest Calendar for Fresno County Crops (2018)",Nectarines: May-Sept,fetched,HARVEST_MONTHS_EXTRACTED,"Fresno County government calendar; labelled California per user ruling 24 Sep (""just label as California if it's from anywhere in California"")"
United States,California,Nectarine,fruit,California,6,in_season,https://www.fresnocountyca.gov/files/sharedassets/county/v/1/public-works-and-planning/community-development-division/26803-harvest.pdf,"County of Fresno, Public Works and Planning, Community Development Division - Harvest Calendar for Fresno County Crops (2018)",Nectarines: May-Sept,fetched,HARVEST_MONTHS_EXTRACTED,"Fresno County government calendar; labelled California per user ruling 24 Sep (""just label as California if it's from anywhere in California"")"
United States,California,Nectarine,fruit,California,7,in_season,https://www.fresnocountyca.gov/files/sharedassets/county/v/1/public-works-and-planning/community-development-division/26803-harvest.pdf,"County of Fresno, Public Works and Planning, Community Development Division - Harvest Calendar for Fresno County Crops (2018)",Nectarines: May-Sept,fetched,HARVEST_MONTHS_EXTRACTED,"Fresno County government calendar; labelled California per user ruling 24 Sep (""just label as California if it's from anywhere in California"")"
United States,California,Nectarine,fruit,California,8,in_season,https://www.fresnocountyca.gov/files/sharedassets/county/v/1/public-works-and-planning/community-development-division/26803-harvest.pdf,"County of Fresno, Public Works and Planning, Community Development Division - Harvest Calendar for Fresno County Crops (2018)",Nectarines: May-Sept,fetched,HARVEST_MONTHS_EXTRACTED,"Fresno County government calendar; labelled California per user ruling 24 Sep (""just label as California if it's from anywhere in California"")"
United States,California,Nectarine,fruit,California,9,in_season,https://www.fresnocountyca.gov/files/sharedassets/county/v/1/public-works-and-planning/community-development-division/26803-harvest.pdf,"County of Fresno, Public Works and Planning, Community Development Division - Harvest Calendar for Fresno County Crops (2018)",Nectarines: May-Sept,fetched,HARVEST_MONTHS_EXTRACTED,"Fresno County government calendar; labelled California per user ruling 24 Sep (""just label as California if it's from anywhere in California"")"
United States,California,Nectarine,fruit,California,10,not_listed,https://www.fresnocountyca.gov/files/sharedassets/county/v/1/public-works-and-planning/community-development-division/26803-harvest.pdf,"County of Fresno, Public Works and Planning, Community Development Division - Harvest Calendar for Fresno County Crops (2018)",Nectarines: May-Sept,fetched,HARVEST_MONTHS_EXTRACTED,"Fresno County government calendar; labelled California per user ruling 24 Sep (""just label as California if it's from anywhere in California"")"
United States,California,Nectarine,fruit,California,11,not_listed,https://www.fresnocountyca.gov/files/sharedassets/county/v/1/public-works-and-planning/community-development-division/26803-harvest.pdf,"County of Fresno, Public Works and Planning, Community Development Division - Harvest Calendar for Fresno County Crops (2018)",Nectarines: May-Sept,fetched,HARVEST_MONTHS_EXTRACTED,"Fresno County government calendar; labelled California per user ruling 24 Sep (""just label as California if it's from anywhere in California"")"
United States,California,Nectarine,fruit,California,12,not_listed,https://www.fresnocountyca.gov/files/sharedassets/county/v/1/public-works-and-planning/community-development-division/26803-harvest.pdf,"County of Fresno, Public Works and Planning, Community Development Division - Harvest Calendar for Fresno County Crops (2018)",Nectarines: May-Sept,fetched,HARVEST_MONTHS_EXTRACTED,"Fresno County government calendar; labelled California per user ruling 24 Sep (""just label as California if it's from anywhere in California"")"
United States,California,Peach,fruit,California,1,not_listed,https://www.fresnocountyca.gov/files/sharedassets/county/v/1/public-works-and-planning/community-development-division/26803-harvest.pdf,"County of Fresno, Public Works and Planning, Community Development Division - Harvest Calendar for Fresno County Crops (2018)",Peaches: mid-May/mid-Sept,fetched,HARVEST_MONTHS_EXTRACTED,"Fresno County government calendar; labelled California per user ruling 24 Sep (""just label as California if it's from anywhere in California"")"
United States,California,Peach,fruit,California,2,not_listed,https://www.fresnocountyca.gov/files/sharedassets/county/v/1/public-works-and-planning/community-development-division/26803-harvest.pdf,"County of Fresno, Public Works and Planning, Community Development Division - Harvest Calendar for Fresno County Crops (2018)",Peaches: mid-May/mid-Sept,fetched,HARVEST_MONTHS_EXTRACTED,"Fresno County government calendar; labelled California per user ruling 24 Sep (""just label as California if it's from anywhere in California"")"
United States,California,Peach,fruit,California,3,not_listed,https://www.fresnocountyca.gov/files/sharedassets/county/v/1/public-works-and-planning/community-development-division/26803-harvest.pdf,"County of Fresno, Public Works and Planning, Community Development Division - Harvest Calendar for Fresno County Crops (2018)",Peaches: mid-May/mid-Sept,fetched,HARVEST_MONTHS_EXTRACTED,"Fresno County government calendar; labelled California per user ruling 24 Sep (""just label as California if it's from anywhere in California"")"
United States,California,Peach,fruit,California,4,not_listed,https://www.fresnocountyca.gov/files/sharedassets/county/v/1/public-works-and-planning/community-development-division/26803-harvest.pdf,"County of Fresno, Public Works and Planning, Community Development Division - Harvest Calendar for Fresno County Crops (2018)",Peaches: mid-May/mid-Sept,fetched,HARVEST_MONTHS_EXTRACTED,"Fresno County government calendar; labelled California per user ruling 24 Sep (""just label as California if it's from anywhere in California"")"
United States,California,Peach,fruit,California,5,in_season,https://www.fresnocountyca.gov/files/sharedassets/county/v/1/public-works-and-planning/community-development-division/26803-harvest.pdf,"County of Fresno, Public Works and Planning, Community Development Division - Harvest Calendar for Fresno County Crops (2018)",Peaches: mid-May/mid-Sept,fetched,HARVEST_MONTHS_EXTRACTED,"Fresno County government calendar; labelled California per user ruling 24 Sep (""just label as California if it's from anywhere in California"")"
United States,California,Peach,fruit,California,6,in_season,https://www.fresnocountyca.gov/files/sharedassets/county/v/1/public-works-and-planning/community-development-division/26803-harvest.pdf,"County of Fresno, Public Works and Planning, Community Development Division - Harvest Calendar for Fresno County Crops (2018)",Peaches: mid-May/mid-Sept,fetched,HARVEST_MONTHS_EXTRACTED,"Fresno County government calendar; labelled California per user ruling 24 Sep (""just label as California if it's from anywhere in California"")"
United States,California,Peach,fruit,California,7,in_season,https://www.fresnocountyca.gov/files/sharedassets/county/v/1/public-works-and-planning/community-development-division/26803-harvest.pdf,"County of Fresno, Public Works and Planning, Community Development Division - Harvest Calendar for Fresno County Crops (2018)",Peaches: mid-May/mid-Sept,fetched,HARVEST_MONTHS_EXTRACTED,"Fresno County government calendar; labelled California per user ruling 24 Sep (""just label as California if it's from anywhere in California"")"
United States,California,Peach,fruit,California,8,in_season,https://www.fresnocountyca.gov/files/sharedassets/county/v/1/public-works-and-planning/community-development-division/26803-harvest.pdf,"County of Fresno, Public Works and Planning, Community Development Division - Harvest Calendar for Fresno County Crops (2018)",Peaches: mid-May/mid-Sept,fetched,HARVEST_MONTHS_EXTRACTED,"Fresno County government calendar; labelled California per user ruling 24 Sep (""just label as California if it's from anywhere in California"")"
United States,California,Peach,fruit,California,9,in_season,https://www.fresnocountyca.gov/files/sharedassets/county/v/1/public-works-and-planning/community-development-division/26803-harvest.pdf,"County of Fresno, Public Works and Planning, Community Development Division - Harvest Calendar for Fresno County Crops (2018)",Peaches: mid-May/mid-Sept,fetched,HARVEST_MONTHS_EXTRACTED,"Fresno County government calendar; labelled California per user ruling 24 Sep (""just label as California if it's from anywhere in California"")"
United States,California,Peach,fruit,California,10,not_listed,https://www.fresnocountyca.gov/files/sharedassets/county/v/1/public-works-and-planning/community-development-division/26803-harvest.pdf,"County of Fresno, Public Works and Planning, Community Development Division - Harvest Calendar for Fresno County Crops (2018)",Peaches: mid-May/mid-Sept,fetched,HARVEST_MONTHS_EXTRACTED,"Fresno County government calendar; labelled California per user ruling 24 Sep (""just label as California if it's from anywhere in California"")"
United States,California,Peach,fruit,California,11,not_listed,https://www.fresnocountyca.gov/files/sharedassets/county/v/1/public-works-and-planning/community-development-division/26803-harvest.pdf,"County of Fresno, Public Works and Planning, Community Development Division - Harvest Calendar for Fresno County Crops (2018)",Peaches: mid-May/mid-Sept,fetched,HARVEST_MONTHS_EXTRACTED,"Fresno County government calendar; labelled California per user ruling 24 Sep (""just label as California if it's from anywhere in California"")"
United States,California,Peach,fruit,California,12,not_listed,https://www.fresnocountyca.gov/files/sharedassets/county/v/1/public-works-and-planning/community-development-division/26803-harvest.pdf,"County of Fresno, Public Works and Planning, Community Development Division - Harvest Calendar for Fresno County Crops (2018)",Peaches: mid-May/mid-Sept,fetched,HARVEST_MONTHS_EXTRACTED,"Fresno County government calendar; labelled California per user ruling 24 Sep (""just label as California if it's from anywhere in California"")"
United States,California,Pear,fruit,California,1,not_listed,https://www.fresnocountyca.gov/files/sharedassets/county/v/1/public-works-and-planning/community-development-division/26803-harvest.pdf,"County of Fresno, Public Works and Planning, Community Development Division - Harvest Calendar for Fresno County Crops (2018)",Pears: Aug/mid-Sept,fetched,HARVEST_MONTHS_EXTRACTED,"Fresno County government calendar; labelled California per user ruling 24 Sep (""just label as California if it's from anywhere in California"")"
United States,California,Pear,fruit,California,2,not_listed,https://www.fresnocountyca.gov/files/sharedassets/county/v/1/public-works-and-planning/community-development-division/26803-harvest.pdf,"County of Fresno, Public Works and Planning, Community Development Division - Harvest Calendar for Fresno County Crops (2018)",Pears: Aug/mid-Sept,fetched,HARVEST_MONTHS_EXTRACTED,"Fresno County government calendar; labelled California per user ruling 24 Sep (""just label as California if it's from anywhere in California"")"
United States,California,Pear,fruit,California,3,not_listed,https://www.fresnocountyca.gov/files/sharedassets/county/v/1/public-works-and-planning/community-development-division/26803-harvest.pdf,"County of Fresno, Public Works and Planning, Community Development Division - Harvest Calendar for Fresno County Crops (2018)",Pears: Aug/mid-Sept,fetched,HARVEST_MONTHS_EXTRACTED,"Fresno County government calendar; labelled California per user ruling 24 Sep (""just label as California if it's from anywhere in California"")"
United States,California,Pear,fruit,California,4,not_listed,https://www.fresnocountyca.gov/files/sharedassets/county/v/1/public-works-and-planning/community-development-division/26803-harvest.pdf,"County of Fresno, Public Works and Planning, Community Development Division - Harvest Calendar for Fresno County Crops (2018)",Pears: Aug/mid-Sept,fetched,HARVEST_MONTHS_EXTRACTED,"Fresno County government calendar; labelled California per user ruling 24 Sep (""just label as California if it's from anywhere in California"")"
United States,California,Pear,fruit,California,5,not_listed,https://www.fresnocountyca.gov/files/sharedassets/county/v/1/public-works-and-planning/community-development-division/26803-harvest.pdf,"County of Fresno, Public Works and Planning, Community Development Division - Harvest Calendar for Fresno County Crops (2018)",Pears: Aug/mid-Sept,fetched,HARVEST_MONTHS_EXTRACTED,"Fresno County government calendar; labelled California per user ruling 24 Sep (""just label as California if it's from anywhere in California"")"
United States,California,Pear,fruit,California,6,not_listed,https://www.fresnocountyca.gov/files/sharedassets/county/v/1/public-works-and-planning/community-development-division/26803-harvest.pdf,"County of Fresno, Public Works and Planning, Community Development Division - Harvest Calendar for Fresno County Crops (2018)",Pears: Aug/mid-Sept,fetched,HARVEST_MONTHS_EXTRACTED,"Fresno County government calendar; labelled California per user ruling 24 Sep (""just label as California if it's from anywhere in California"")"
United States,California,Pear,fruit,California,7,not_listed,https://www.fresnocountyca.gov/files/sharedassets/county/v/1/public-works-and-planning/community-development-division/26803-harvest.pdf,"County of Fresno, Public Works and Planning, Community Development Division - Harvest Calendar for Fresno County Crops (2018)",Pears: Aug/mid-Sept,fetched,HARVEST_MONTHS_EXTRACTED,"Fresno County government calendar; labelled California per user ruling 24 Sep (""just label as California if it's from anywhere in California"")"
United States,California,Pear,fruit,California,8,in_season,https://www.fresnocountyca.gov/files/sharedassets/county/v/1/public-works-and-planning/community-development-division/26803-harvest.pdf,"County of Fresno, Public Works and Planning, Community Development Division - Harvest Calendar for Fresno County Crops (2018)",Pears: Aug/mid-Sept,fetched,HARVEST_MONTHS_EXTRACTED,"Fresno County government calendar; labelled California per user ruling 24 Sep (""just label as California if it's from anywhere in California"")"
United States,California,Pear,fruit,California,9,in_season,https://www.fresnocountyca.gov/files/sharedassets/county/v/1/public-works-and-planning/community-development-division/26803-harvest.pdf,"County of Fresno, Public Works and Planning, Community Development Division - Harvest Calendar for Fresno County Crops (2018)",Pears: Aug/mid-Sept,fetched,HARVEST_MONTHS_EXTRACTED,"Fresno County government calendar; labelled California per user ruling 24 Sep (""just label as California if it's from anywhere in California"")"
United States,California,Pear,fruit,California,10,not_listed,https://www.fresnocountyca.gov/files/sharedassets/county/v/1/public-works-and-planning/community-development-division/26803-harvest.pdf,"County of Fresno, Public Works and Planning, Community Development Division - Harvest Calendar for Fresno County Crops (2018)",Pears: Aug/mid-Sept,fetched,HARVEST_MONTHS_EXTRACTED,"Fresno County government calendar; labelled California per user ruling 24 Sep (""just label as California if it's from anywhere in California"")"
United States,California,Pear,fruit,California,11,not_listed,https://www.fresnocountyca.gov/files/sharedassets/county/v/1/public-works-and-planning/community-development-division/26803-harvest.pdf,"County of Fresno, Public Works and Planning, Community Development Division - Harvest Calendar for Fresno County Crops (2018)",Pears: Aug/mid-Sept,fetched,HARVEST_MONTHS_EXTRACTED,"Fresno County government calendar; labelled California per user ruling 24 Sep (""just label as California if it's from anywhere in California"")"
United States,California,Pear,fruit,California,12,not_listed,https://www.fresnocountyca.gov/files/sharedassets/county/v/1/public-works-and-planning/community-development-division/26803-harvest.pdf,"County of Fresno, Public Works and Planning, Community Development Division - Harvest Calendar for Fresno County Crops (2018)",Pears: Aug/mid-Sept,fetched,HARVEST_MONTHS_EXTRACTED,"Fresno County government calendar; labelled California per user ruling 24 Sep (""just label as California if it's from anywhere in California"")"
United States,California,Pecan,fruit,California,1,not_listed,https://www.fresnocountyca.gov/files/sharedassets/county/v/1/public-works-and-planning/community-development-division/26803-harvest.pdf,"County of Fresno, Public Works and Planning, Community Development Division - Harvest Calendar for Fresno County Crops (2018)",Pecans: Nov,fetched,HARVEST_MONTHS_EXTRACTED,"Fresno County government calendar; labelled California per user ruling 24 Sep (""just label as California if it's from anywhere in California"")"
United States,California,Pecan,fruit,California,2,not_listed,https://www.fresnocountyca.gov/files/sharedassets/county/v/1/public-works-and-planning/community-development-division/26803-harvest.pdf,"County of Fresno, Public Works and Planning, Community Development Division - Harvest Calendar for Fresno County Crops (2018)",Pecans: Nov,fetched,HARVEST_MONTHS_EXTRACTED,"Fresno County government calendar; labelled California per user ruling 24 Sep (""just label as California if it's from anywhere in California"")"
United States,California,Pecan,fruit,California,3,not_listed,https://www.fresnocountyca.gov/files/sharedassets/county/v/1/public-works-and-planning/community-development-division/26803-harvest.pdf,"County of Fresno, Public Works and Planning, Community Development Division - Harvest Calendar for Fresno County Crops (2018)",Pecans: Nov,fetched,HARVEST_MONTHS_EXTRACTED,"Fresno County government calendar; labelled California per user ruling 24 Sep (""just label as California if it's from anywhere in California"")"
United States,California,Pecan,fruit,California,4,not_listed,https://www.fresnocountyca.gov/files/sharedassets/county/v/1/public-works-and-planning/community-development-division/26803-harvest.pdf,"County of Fresno, Public Works and Planning, Community Development Division - Harvest Calendar for Fresno County Crops (2018)",Pecans: Nov,fetched,HARVEST_MONTHS_EXTRACTED,"Fresno County government calendar; labelled California per user ruling 24 Sep (""just label as California if it's from anywhere in California"")"
United States,California,Pecan,fruit,California,5,not_listed,https://www.fresnocountyca.gov/files/sharedassets/county/v/1/public-works-and-planning/community-development-division/26803-harvest.pdf,"County of Fresno, Public Works and Planning, Community Development Division - Harvest Calendar for Fresno County Crops (2018)",Pecans: Nov,fetched,HARVEST_MONTHS_EXTRACTED,"Fresno County government calendar; labelled California per user ruling 24 Sep (""just label as California if it's from anywhere in California"")"
United States,California,Pecan,fruit,California,6,not_listed,https://www.fresnocountyca.gov/files/sharedassets/county/v/1/public-works-and-planning/community-development-division/26803-harvest.pdf,"County of Fresno, Public Works and Planning, Community Development Division - Harvest Calendar for Fresno County Crops (2018)",Pecans: Nov,fetched,HARVEST_MONTHS_EXTRACTED,"Fresno County government calendar; labelled California per user ruling 24 Sep (""just label as California if it's from anywhere in California"")"
United States,California,Pecan,fruit,California,7,not_listed,https://www.fresnocountyca.gov/files/sharedassets/county/v/1/public-works-and-planning/community-development-division/26803-harvest.pdf,"County of Fresno, Public Works and Planning, Community Development Division - Harvest Calendar for Fresno County Crops (2018)",Pecans: Nov,fetched,HARVEST_MONTHS_EXTRACTED,"Fresno County government calendar; labelled California per user ruling 24 Sep (""just label as California if it's from anywhere in California"")"
United States,California,Pecan,fruit,California,8,not_listed,https://www.fresnocountyca.gov/files/sharedassets/county/v/1/public-works-and-planning/community-development-division/26803-harvest.pdf,"County of Fresno, Public Works and Planning, Community Development Division - Harvest Calendar for Fresno County Crops (2018)",Pecans: Nov,fetched,HARVEST_MONTHS_EXTRACTED,"Fresno County government calendar; labelled California per user ruling 24 Sep (""just label as California if it's from anywhere in California"")"
United States,California,Pecan,fruit,California,9,not_listed,https://www.fresnocountyca.gov/files/sharedassets/county/v/1/public-works-and-planning/community-development-division/26803-harvest.pdf,"County of Fresno, Public Works and Planning, Community Development Division - Harvest Calendar for Fresno County Crops (2018)",Pecans: Nov,fetched,HARVEST_MONTHS_EXTRACTED,"Fresno County government calendar; labelled California per user ruling 24 Sep (""just label as California if it's from anywhere in California"")"
United States,California,Pecan,fruit,California,10,not_listed,https://www.fresnocountyca.gov/files/sharedassets/county/v/1/public-works-and-planning/community-development-division/26803-harvest.pdf,"County of Fresno, Public Works and Planning, Community Development Division - Harvest Calendar for Fresno County Crops (2018)",Pecans: Nov,fetched,HARVEST_MONTHS_EXTRACTED,"Fresno County government calendar; labelled California per user ruling 24 Sep (""just label as California if it's from anywhere in California"")"
United States,California,Pecan,fruit,California,11,in_season,https://www.fresnocountyca.gov/files/sharedassets/county/v/1/public-works-and-planning/community-development-division/26803-harvest.pdf,"County of Fresno, Public Works and Planning, Community Development Division - Harvest Calendar for Fresno County Crops (2018)",Pecans: Nov,fetched,HARVEST_MONTHS_EXTRACTED,"Fresno County government calendar; labelled California per user ruling 24 Sep (""just label as California if it's from anywhere in California"")"
United States,California,Pecan,fruit,California,12,not_listed,https://www.fresnocountyca.gov/files/sharedassets/county/v/1/public-works-and-planning/community-development-division/26803-harvest.pdf,"County of Fresno, Public Works and Planning, Community Development Division - Harvest Calendar for Fresno County Crops (2018)",Pecans: Nov,fetched,HARVEST_MONTHS_EXTRACTED,"Fresno County government calendar; labelled California per user ruling 24 Sep (""just label as California if it's from anywhere in California"")"
United States,California,Persimmon,fruit,California,1,not_listed,https://www.fresnocountyca.gov/files/sharedassets/county/v/1/public-works-and-planning/community-development-division/26803-harvest.pdf,"County of Fresno, Public Works and Planning, Community Development Division - Harvest Calendar for Fresno County Crops (2018)",Persimmons: Oct-Nov,fetched,HARVEST_MONTHS_EXTRACTED,"Fresno County government calendar; labelled California per user ruling 24 Sep (""just label as California if it's from anywhere in California"")"
United States,California,Persimmon,fruit,California,2,not_listed,https://www.fresnocountyca.gov/files/sharedassets/county/v/1/public-works-and-planning/community-development-division/26803-harvest.pdf,"County of Fresno, Public Works and Planning, Community Development Division - Harvest Calendar for Fresno County Crops (2018)",Persimmons: Oct-Nov,fetched,HARVEST_MONTHS_EXTRACTED,"Fresno County government calendar; labelled California per user ruling 24 Sep (""just label as California if it's from anywhere in California"")"
United States,California,Persimmon,fruit,California,3,not_listed,https://www.fresnocountyca.gov/files/sharedassets/county/v/1/public-works-and-planning/community-development-division/26803-harvest.pdf,"County of Fresno, Public Works and Planning, Community Development Division - Harvest Calendar for Fresno County Crops (2018)",Persimmons: Oct-Nov,fetched,HARVEST_MONTHS_EXTRACTED,"Fresno County government calendar; labelled California per user ruling 24 Sep (""just label as California if it's from anywhere in California"")"
United States,California,Persimmon,fruit,California,4,not_listed,https://www.fresnocountyca.gov/files/sharedassets/county/v/1/public-works-and-planning/community-development-division/26803-harvest.pdf,"County of Fresno, Public Works and Planning, Community Development Division - Harvest Calendar for Fresno County Crops (2018)",Persimmons: Oct-Nov,fetched,HARVEST_MONTHS_EXTRACTED,"Fresno County government calendar; labelled California per user ruling 24 Sep (""just label as California if it's from anywhere in California"")"
United States,California,Persimmon,fruit,California,5,not_listed,https://www.fresnocountyca.gov/files/sharedassets/county/v/1/public-works-and-planning/community-development-division/26803-harvest.pdf,"County of Fresno, Public Works and Planning, Community Development Division - Harvest Calendar for Fresno County Crops (2018)",Persimmons: Oct-Nov,fetched,HARVEST_MONTHS_EXTRACTED,"Fresno County government calendar; labelled California per user ruling 24 Sep (""just label as California if it's from anywhere in California"")"
United States,California,Persimmon,fruit,California,6,not_listed,https://www.fresnocountyca.gov/files/sharedassets/county/v/1/public-works-and-planning/community-development-division/26803-harvest.pdf,"County of Fresno, Public Works and Planning, Community Development Division - Harvest Calendar for Fresno County Crops (2018)",Persimmons: Oct-Nov,fetched,HARVEST_MONTHS_EXTRACTED,"Fresno County government calendar; labelled California per user ruling 24 Sep (""just label as California if it's from anywhere in California"")"
United States,California,Persimmon,fruit,California,7,not_listed,https://www.fresnocountyca.gov/files/sharedassets/county/v/1/public-works-and-planning/community-development-division/26803-harvest.pdf,"County of Fresno, Public Works and Planning, Community Development Division - Harvest Calendar for Fresno County Crops (2018)",Persimmons: Oct-Nov,fetched,HARVEST_MONTHS_EXTRACTED,"Fresno County government calendar; labelled California per user ruling 24 Sep (""just label as California if it's from anywhere in California"")"
United States,California,Persimmon,fruit,California,8,not_listed,https://www.fresnocountyca.gov/files/sharedassets/county/v/1/public-works-and-planning/community-development-division/26803-harvest.pdf,"County of Fresno, Public Works and Planning, Community Development Division - Harvest Calendar for Fresno County Crops (2018)",Persimmons: Oct-Nov,fetched,HARVEST_MONTHS_EXTRACTED,"Fresno County government calendar; labelled California per user ruling 24 Sep (""just label as California if it's from anywhere in California"")"
United States,California,Persimmon,fruit,California,9,not_listed,https://www.fresnocountyca.gov/files/sharedassets/county/v/1/public-works-and-planning/community-development-division/26803-harvest.pdf,"County of Fresno, Public Works and Planning, Community Development Division - Harvest Calendar for Fresno County Crops (2018)",Persimmons: Oct-Nov,fetched,HARVEST_MONTHS_EXTRACTED,"Fresno County government calendar; labelled California per user ruling 24 Sep (""just label as California if it's from anywhere in California"")"
United States,California,Persimmon,fruit,California,10,in_season,https://www.fresnocountyca.gov/files/sharedassets/county/v/1/public-works-and-planning/community-development-division/26803-harvest.pdf,"County of Fresno, Public Works and Planning, Community Development Division - Harvest Calendar for Fresno County Crops (2018)",Persimmons: Oct-Nov,fetched,HARVEST_MONTHS_EXTRACTED,"Fresno County government calendar; labelled California per user ruling 24 Sep (""just label as California if it's from anywhere in California"")"
United States,California,Persimmon,fruit,California,11,in_season,https://www.fresnocountyca.gov/files/sharedassets/county/v/1/public-works-and-planning/community-development-division/26803-harvest.pdf,"County of Fresno, Public Works and Planning, Community Development Division - Harvest Calendar for Fresno County Crops (2018)",Persimmons: Oct-Nov,fetched,HARVEST_MONTHS_EXTRACTED,"Fresno County government calendar; labelled California per user ruling 24 Sep (""just label as California if it's from anywhere in California"")"
United States,California,Persimmon,fruit,California,12,not_listed,https://www.fresnocountyca.gov/files/sharedassets/county/v/1/public-works-and-planning/community-development-division/26803-harvest.pdf,"County of Fresno, Public Works and Planning, Community Development Division - Harvest Calendar for Fresno County Crops (2018)",Persimmons: Oct-Nov,fetched,HARVEST_MONTHS_EXTRACTED,"Fresno County government calendar; labelled California per user ruling 24 Sep (""just label as California if it's from anywhere in California"")"
United States,California,Pistachio,fruit,California,1,not_listed,https://www.fresnocountyca.gov/files/sharedassets/county/v/1/public-works-and-planning/community-development-division/26803-harvest.pdf,"County of Fresno, Public Works and Planning, Community Development Division - Harvest Calendar for Fresno County Crops (2018)",Pistachios: Sept-Nov,fetched,HARVEST_MONTHS_EXTRACTED,"Fresno County government calendar; labelled California per user ruling 24 Sep (""just label as California if it's from anywhere in California"")"
United States,California,Pistachio,fruit,California,2,not_listed,https://www.fresnocountyca.gov/files/sharedassets/county/v/1/public-works-and-planning/community-development-division/26803-harvest.pdf,"County of Fresno, Public Works and Planning, Community Development Division - Harvest Calendar for Fresno County Crops (2018)",Pistachios: Sept-Nov,fetched,HARVEST_MONTHS_EXTRACTED,"Fresno County government calendar; labelled California per user ruling 24 Sep (""just label as California if it's from anywhere in California"")"
United States,California,Pistachio,fruit,California,3,not_listed,https://www.fresnocountyca.gov/files/sharedassets/county/v/1/public-works-and-planning/community-development-division/26803-harvest.pdf,"County of Fresno, Public Works and Planning, Community Development Division - Harvest Calendar for Fresno County Crops (2018)",Pistachios: Sept-Nov,fetched,HARVEST_MONTHS_EXTRACTED,"Fresno County government calendar; labelled California per user ruling 24 Sep (""just label as California if it's from anywhere in California"")"
United States,California,Pistachio,fruit,California,4,not_listed,https://www.fresnocountyca.gov/files/sharedassets/county/v/1/public-works-and-planning/community-development-division/26803-harvest.pdf,"County of Fresno, Public Works and Planning, Community Development Division - Harvest Calendar for Fresno County Crops (2018)",Pistachios: Sept-Nov,fetched,HARVEST_MONTHS_EXTRACTED,"Fresno County government calendar; labelled California per user ruling 24 Sep (""just label as California if it's from anywhere in California"")"
United States,California,Pistachio,fruit,California,5,not_listed,https://www.fresnocountyca.gov/files/sharedassets/county/v/1/public-works-and-planning/community-development-division/26803-harvest.pdf,"County of Fresno, Public Works and Planning, Community Development Division - Harvest Calendar for Fresno County Crops (2018)",Pistachios: Sept-Nov,fetched,HARVEST_MONTHS_EXTRACTED,"Fresno County government calendar; labelled California per user ruling 24 Sep (""just label as California if it's from anywhere in California"")"
United States,California,Pistachio,fruit,California,6,not_listed,https://www.fresnocountyca.gov/files/sharedassets/county/v/1/public-works-and-planning/community-development-division/26803-harvest.pdf,"County of Fresno, Public Works and Planning, Community Development Division - Harvest Calendar for Fresno County Crops (2018)",Pistachios: Sept-Nov,fetched,HARVEST_MONTHS_EXTRACTED,"Fresno County government calendar; labelled California per user ruling 24 Sep (""just label as California if it's from anywhere in California"")"
United States,California,Pistachio,fruit,California,7,not_listed,https://www.fresnocountyca.gov/files/sharedassets/county/v/1/public-works-and-planning/community-development-division/26803-harvest.pdf,"County of Fresno, Public Works and Planning, Community Development Division - Harvest Calendar for Fresno County Crops (2018)",Pistachios: Sept-Nov,fetched,HARVEST_MONTHS_EXTRACTED,"Fresno County government calendar; labelled California per user ruling 24 Sep (""just label as California if it's from anywhere in California"")"
United States,California,Pistachio,fruit,California,8,not_listed,https://www.fresnocountyca.gov/files/sharedassets/county/v/1/public-works-and-planning/community-development-division/26803-harvest.pdf,"County of Fresno, Public Works and Planning, Community Development Division - Harvest Calendar for Fresno County Crops (2018)",Pistachios: Sept-Nov,fetched,HARVEST_MONTHS_EXTRACTED,"Fresno County government calendar; labelled California per user ruling 24 Sep (""just label as California if it's from anywhere in California"")"
United States,California,Pistachio,fruit,California,9,in_season,https://www.fresnocountyca.gov/files/sharedassets/county/v/1/public-works-and-planning/community-development-division/26803-harvest.pdf,"County of Fresno, Public Works and Planning, Community Development Division - Harvest Calendar for Fresno County Crops (2018)",Pistachios: Sept-Nov,fetched,HARVEST_MONTHS_EXTRACTED,"Fresno County government calendar; labelled California per user ruling 24 Sep (""just label as California if it's from anywhere in California"")"
United States,California,Pistachio,fruit,California,10,in_season,https://www.fresnocountyca.gov/files/sharedassets/county/v/1/public-works-and-planning/community-development-division/26803-harvest.pdf,"County of Fresno, Public Works and Planning, Community Development Division - Harvest Calendar for Fresno County Crops (2018)",Pistachios: Sept-Nov,fetched,HARVEST_MONTHS_EXTRACTED,"Fresno County government calendar; labelled California per user ruling 24 Sep (""just label as California if it's from anywhere in California"")"
United States,California,Pistachio,fruit,California,11,in_season,https://www.fresnocountyca.gov/files/sharedassets/county/v/1/public-works-and-planning/community-development-division/26803-harvest.pdf,"County of Fresno, Public Works and Planning, Community Development Division - Harvest Calendar for Fresno County Crops (2018)",Pistachios: Sept-Nov,fetched,HARVEST_MONTHS_EXTRACTED,"Fresno County government calendar; labelled California per user ruling 24 Sep (""just label as California if it's from anywhere in California"")"
United States,California,Pistachio,fruit,California,12,not_listed,https://www.fresnocountyca.gov/files/sharedassets/county/v/1/public-works-and-planning/community-development-division/26803-harvest.pdf,"County of Fresno, Public Works and Planning, Community Development Division - Harvest Calendar for Fresno County Crops (2018)",Pistachios: Sept-Nov,fetched,HARVEST_MONTHS_EXTRACTED,"Fresno County government calendar; labelled California per user ruling 24 Sep (""just label as California if it's from anywhere in California"")"
United States,California,Plum / prune,fruit,California,1,not_listed,https://www.fresnocountyca.gov/files/sharedassets/county/v/1/public-works-and-planning/community-development-division/26803-harvest.pdf,"County of Fresno, Public Works and Planning, Community Development Division - Harvest Calendar for Fresno County Crops (2018)","Plums, Prunes: June/mid-Aug",fetched,HARVEST_MONTHS_EXTRACTED,"Fresno County government calendar; labelled California per user ruling 24 Sep (""just label as California if it's from anywhere in California"")"
United States,California,Plum / prune,fruit,California,2,not_listed,https://www.fresnocountyca.gov/files/sharedassets/county/v/1/public-works-and-planning/community-development-division/26803-harvest.pdf,"County of Fresno, Public Works and Planning, Community Development Division - Harvest Calendar for Fresno County Crops (2018)","Plums, Prunes: June/mid-Aug",fetched,HARVEST_MONTHS_EXTRACTED,"Fresno County government calendar; labelled California per user ruling 24 Sep (""just label as California if it's from anywhere in California"")"
United States,California,Plum / prune,fruit,California,3,not_listed,https://www.fresnocountyca.gov/files/sharedassets/county/v/1/public-works-and-planning/community-development-division/26803-harvest.pdf,"County of Fresno, Public Works and Planning, Community Development Division - Harvest Calendar for Fresno County Crops (2018)","Plums, Prunes: June/mid-Aug",fetched,HARVEST_MONTHS_EXTRACTED,"Fresno County government calendar; labelled California per user ruling 24 Sep (""just label as California if it's from anywhere in California"")"
United States,California,Plum / prune,fruit,California,4,not_listed,https://www.fresnocountyca.gov/files/sharedassets/county/v/1/public-works-and-planning/community-development-division/26803-harvest.pdf,"County of Fresno, Public Works and Planning, Community Development Division - Harvest Calendar for Fresno County Crops (2018)","Plums, Prunes: June/mid-Aug",fetched,HARVEST_MONTHS_EXTRACTED,"Fresno County government calendar; labelled California per user ruling 24 Sep (""just label as California if it's from anywhere in California"")"
United States,California,Plum / prune,fruit,California,5,not_listed,https://www.fresnocountyca.gov/files/sharedassets/county/v/1/public-works-and-planning/community-development-division/26803-harvest.pdf,"County of Fresno, Public Works and Planning, Community Development Division - Harvest Calendar for Fresno County Crops (2018)","Plums, Prunes: June/mid-Aug",fetched,HARVEST_MONTHS_EXTRACTED,"Fresno County government calendar; labelled California per user ruling 24 Sep (""just label as California if it's from anywhere in California"")"
United States,California,Plum / prune,fruit,California,6,in_season,https://www.fresnocountyca.gov/files/sharedassets/county/v/1/public-works-and-planning/community-development-division/26803-harvest.pdf,"County of Fresno, Public Works and Planning, Community Development Division - Harvest Calendar for Fresno County Crops (2018)","Plums, Prunes: June/mid-Aug",fetched,HARVEST_MONTHS_EXTRACTED,"Fresno County government calendar; labelled California per user ruling 24 Sep (""just label as California if it's from anywhere in California"")"
United States,California,Plum / prune,fruit,California,7,in_season,https://www.fresnocountyca.gov/files/sharedassets/county/v/1/public-works-and-planning/community-development-division/26803-harvest.pdf,"County of Fresno, Public Works and Planning, Community Development Division - Harvest Calendar for Fresno County Crops (2018)","Plums, Prunes: June/mid-Aug",fetched,HARVEST_MONTHS_EXTRACTED,"Fresno County government calendar; labelled California per user ruling 24 Sep (""just label as California if it's from anywhere in California"")"
United States,California,Plum / prune,fruit,California,8,in_season,https://www.fresnocountyca.gov/files/sharedassets/county/v/1/public-works-and-planning/community-development-division/26803-harvest.pdf,"County of Fresno, Public Works and Planning, Community Development Division - Harvest Calendar for Fresno County Crops (2018)","Plums, Prunes: June/mid-Aug",fetched,HARVEST_MONTHS_EXTRACTED,"Fresno County government calendar; labelled California per user ruling 24 Sep (""just label as California if it's from anywhere in California"")"
United States,California,Plum / prune,fruit,California,9,not_listed,https://www.fresnocountyca.gov/files/sharedassets/county/v/1/public-works-and-planning/community-development-division/26803-harvest.pdf,"County of Fresno, Public Works and Planning, Community Development Division - Harvest Calendar for Fresno County Crops (2018)","Plums, Prunes: June/mid-Aug",fetched,HARVEST_MONTHS_EXTRACTED,"Fresno County government calendar; labelled California per user ruling 24 Sep (""just label as California if it's from anywhere in California"")"
United States,California,Plum / prune,fruit,California,10,not_listed,https://www.fresnocountyca.gov/files/sharedassets/county/v/1/public-works-and-planning/community-development-division/26803-harvest.pdf,"County of Fresno, Public Works and Planning, Community Development Division - Harvest Calendar for Fresno County Crops (2018)","Plums, Prunes: June/mid-Aug",fetched,HARVEST_MONTHS_EXTRACTED,"Fresno County government calendar; labelled California per user ruling 24 Sep (""just label as California if it's from anywhere in California"")"
United States,California,Plum / prune,fruit,California,11,not_listed,https://www.fresnocountyca.gov/files/sharedassets/county/v/1/public-works-and-planning/community-development-division/26803-harvest.pdf,"County of Fresno, Public Works and Planning, Community Development Division - Harvest Calendar for Fresno County Crops (2018)","Plums, Prunes: June/mid-Aug",fetched,HARVEST_MONTHS_EXTRACTED,"Fresno County government calendar; labelled California per user ruling 24 Sep (""just label as California if it's from anywhere in California"")"
United States,California,Plum / prune,fruit,California,12,not_listed,https://www.fresnocountyca.gov/files/sharedassets/county/v/1/public-works-and-planning/community-development-division/26803-harvest.pdf,"County of Fresno, Public Works and Planning, Community Development Division - Harvest Calendar for Fresno County Crops (2018)","Plums, Prunes: June/mid-Aug",fetched,HARVEST_MONTHS_EXTRACTED,"Fresno County government calendar; labelled California per user ruling 24 Sep (""just label as California if it's from anywhere in California"")"
United States,California,Pomegranate,fruit,California,1,not_listed,https://www.fresnocountyca.gov/files/sharedassets/county/v/1/public-works-and-planning/community-development-division/26803-harvest.pdf,"County of Fresno, Public Works and Planning, Community Development Division - Harvest Calendar for Fresno County Crops (2018)",Pomegranates: Oct-Nov,fetched,HARVEST_MONTHS_EXTRACTED,"Fresno County government calendar; labelled California per user ruling 24 Sep (""just label as California if it's from anywhere in California"")"
United States,California,Pomegranate,fruit,California,2,not_listed,https://www.fresnocountyca.gov/files/sharedassets/county/v/1/public-works-and-planning/community-development-division/26803-harvest.pdf,"County of Fresno, Public Works and Planning, Community Development Division - Harvest Calendar for Fresno County Crops (2018)",Pomegranates: Oct-Nov,fetched,HARVEST_MONTHS_EXTRACTED,"Fresno County government calendar; labelled California per user ruling 24 Sep (""just label as California if it's from anywhere in California"")"
United States,California,Pomegranate,fruit,California,3,not_listed,https://www.fresnocountyca.gov/files/sharedassets/county/v/1/public-works-and-planning/community-development-division/26803-harvest.pdf,"County of Fresno, Public Works and Planning, Community Development Division - Harvest Calendar for Fresno County Crops (2018)",Pomegranates: Oct-Nov,fetched,HARVEST_MONTHS_EXTRACTED,"Fresno County government calendar; labelled California per user ruling 24 Sep (""just label as California if it's from anywhere in California"")"
United States,California,Pomegranate,fruit,California,4,not_listed,https://www.fresnocountyca.gov/files/sharedassets/county/v/1/public-works-and-planning/community-development-division/26803-harvest.pdf,"County of Fresno, Public Works and Planning, Community Development Division - Harvest Calendar for Fresno County Crops (2018)",Pomegranates: Oct-Nov,fetched,HARVEST_MONTHS_EXTRACTED,"Fresno County government calendar; labelled California per user ruling 24 Sep (""just label as California if it's from anywhere in California"")"
United States,California,Pomegranate,fruit,California,5,not_listed,https://www.fresnocountyca.gov/files/sharedassets/county/v/1/public-works-and-planning/community-development-division/26803-harvest.pdf,"County of Fresno, Public Works and Planning, Community Development Division - Harvest Calendar for Fresno County Crops (2018)",Pomegranates: Oct-Nov,fetched,HARVEST_MONTHS_EXTRACTED,"Fresno County government calendar; labelled California per user ruling 24 Sep (""just label as California if it's from anywhere in California"")"
United States,California,Pomegranate,fruit,California,6,not_listed,https://www.fresnocountyca.gov/files/sharedassets/county/v/1/public-works-and-planning/community-development-division/26803-harvest.pdf,"County of Fresno, Public Works and Planning, Community Development Division - Harvest Calendar for Fresno County Crops (2018)",Pomegranates: Oct-Nov,fetched,HARVEST_MONTHS_EXTRACTED,"Fresno County government calendar; labelled California per user ruling 24 Sep (""just label as California if it's from anywhere in California"")"
United States,California,Pomegranate,fruit,California,7,not_listed,https://www.fresnocountyca.gov/files/sharedassets/county/v/1/public-works-and-planning/community-development-division/26803-harvest.pdf,"County of Fresno, Public Works and Planning, Community Development Division - Harvest Calendar for Fresno County Crops (2018)",Pomegranates: Oct-Nov,fetched,HARVEST_MONTHS_EXTRACTED,"Fresno County government calendar; labelled California per user ruling 24 Sep (""just label as California if it's from anywhere in California"")"
United States,California,Pomegranate,fruit,California,8,not_listed,https://www.fresnocountyca.gov/files/sharedassets/county/v/1/public-works-and-planning/community-development-division/26803-harvest.pdf,"County of Fresno, Public Works and Planning, Community Development Division - Harvest Calendar for Fresno County Crops (2018)",Pomegranates: Oct-Nov,fetched,HARVEST_MONTHS_EXTRACTED,"Fresno County government calendar; labelled California per user ruling 24 Sep (""just label as California if it's from anywhere in California"")"
United States,California,Pomegranate,fruit,California,9,not_listed,https://www.fresnocountyca.gov/files/sharedassets/county/v/1/public-works-and-planning/community-development-division/26803-harvest.pdf,"County of Fresno, Public Works and Planning, Community Development Division - Harvest Calendar for Fresno County Crops (2018)",Pomegranates: Oct-Nov,fetched,HARVEST_MONTHS_EXTRACTED,"Fresno County government calendar; labelled California per user ruling 24 Sep (""just label as California if it's from anywhere in California"")"
United States,California,Pomegranate,fruit,California,10,in_season,https://www.fresnocountyca.gov/files/sharedassets/county/v/1/public-works-and-planning/community-development-division/26803-harvest.pdf,"County of Fresno, Public Works and Planning, Community Development Division - Harvest Calendar for Fresno County Crops (2018)",Pomegranates: Oct-Nov,fetched,HARVEST_MONTHS_EXTRACTED,"Fresno County government calendar; labelled California per user ruling 24 Sep (""just label as California if it's from anywhere in California"")"
United States,California,Pomegranate,fruit,California,11,in_season,https://www.fresnocountyca.gov/files/sharedassets/county/v/1/public-works-and-planning/community-development-division/26803-harvest.pdf,"County of Fresno, Public Works and Planning, Community Development Division - Harvest Calendar for Fresno County Crops (2018)",Pomegranates: Oct-Nov,fetched,HARVEST_MONTHS_EXTRACTED,"Fresno County government calendar; labelled California per user ruling 24 Sep (""just label as California if it's from anywhere in California"")"
United States,California,Pomegranate,fruit,California,12,not_listed,https://www.fresnocountyca.gov/files/sharedassets/county/v/1/public-works-and-planning/community-development-division/26803-harvest.pdf,"County of Fresno, Public Works and Planning, Community Development Division - Harvest Calendar for Fresno County Crops (2018)",Pomegranates: Oct-Nov,fetched,HARVEST_MONTHS_EXTRACTED,"Fresno County government calendar; labelled California per user ruling 24 Sep (""just label as California if it's from anywhere in California"")"
United States,California,Walnut,fruit,California,1,not_listed,https://www.fresnocountyca.gov/files/sharedassets/county/v/1/public-works-and-planning/community-development-division/26803-harvest.pdf,"County of Fresno, Public Works and Planning, Community Development Division - Harvest Calendar for Fresno County Crops (2018)",Walnuts: mid-Sept/mid-Nov,fetched,HARVEST_MONTHS_EXTRACTED,"Fresno County government calendar; labelled California per user ruling 24 Sep (""just label as California if it's from anywhere in California"")"
United States,California,Walnut,fruit,California,2,not_listed,https://www.fresnocountyca.gov/files/sharedassets/county/v/1/public-works-and-planning/community-development-division/26803-harvest.pdf,"County of Fresno, Public Works and Planning, Community Development Division - Harvest Calendar for Fresno County Crops (2018)",Walnuts: mid-Sept/mid-Nov,fetched,HARVEST_MONTHS_EXTRACTED,"Fresno County government calendar; labelled California per user ruling 24 Sep (""just label as California if it's from anywhere in California"")"
United States,California,Walnut,fruit,California,3,not_listed,https://www.fresnocountyca.gov/files/sharedassets/county/v/1/public-works-and-planning/community-development-division/26803-harvest.pdf,"County of Fresno, Public Works and Planning, Community Development Division - Harvest Calendar for Fresno County Crops (2018)",Walnuts: mid-Sept/mid-Nov,fetched,HARVEST_MONTHS_EXTRACTED,"Fresno County government calendar; labelled California per user ruling 24 Sep (""just label as California if it's from anywhere in California"")"
United States,California,Walnut,fruit,California,4,not_listed,https://www.fresnocountyca.gov/files/sharedassets/county/v/1/public-works-and-planning/community-development-division/26803-harvest.pdf,"County of Fresno, Public Works and Planning, Community Development Division - Harvest Calendar for Fresno County Crops (2018)",Walnuts: mid-Sept/mid-Nov,fetched,HARVEST_MONTHS_EXTRACTED,"Fresno County government calendar; labelled California per user ruling 24 Sep (""just label as California if it's from anywhere in California"")"
United States,California,Walnut,fruit,California,5,not_listed,https://www.fresnocountyca.gov/files/sharedassets/county/v/1/public-works-and-planning/community-development-division/26803-harvest.pdf,"County of Fresno, Public Works and Planning, Community Development Division - Harvest Calendar for Fresno County Crops (2018)",Walnuts: mid-Sept/mid-Nov,fetched,HARVEST_MONTHS_EXTRACTED,"Fresno County government calendar; labelled California per user ruling 24 Sep (""just label as California if it's from anywhere in California"")"
United States,California,Walnut,fruit,California,6,not_listed,https://www.fresnocountyca.gov/files/sharedassets/county/v/1/public-works-and-planning/community-development-division/26803-harvest.pdf,"County of Fresno, Public Works and Planning, Community Development Division - Harvest Calendar for Fresno County Crops (2018)",Walnuts: mid-Sept/mid-Nov,fetched,HARVEST_MONTHS_EXTRACTED,"Fresno County government calendar; labelled California per user ruling 24 Sep (""just label as California if it's from anywhere in California"")"
United States,California,Walnut,fruit,California,7,not_listed,https://www.fresnocountyca.gov/files/sharedassets/county/v/1/public-works-and-planning/community-development-division/26803-harvest.pdf,"County of Fresno, Public Works and Planning, Community Development Division - Harvest Calendar for Fresno County Crops (2018)",Walnuts: mid-Sept/mid-Nov,fetched,HARVEST_MONTHS_EXTRACTED,"Fresno County government calendar; labelled California per user ruling 24 Sep (""just label as California if it's from anywhere in California"")"
United States,California,Walnut,fruit,California,8,not_listed,https://www.fresnocountyca.gov/files/sharedassets/county/v/1/public-works-and-planning/community-development-division/26803-harvest.pdf,"County of Fresno, Public Works and Planning, Community Development Division - Harvest Calendar for Fresno County Crops (2018)",Walnuts: mid-Sept/mid-Nov,fetched,HARVEST_MONTHS_EXTRACTED,"Fresno County government calendar; labelled California per user ruling 24 Sep (""just label as California if it's from anywhere in California"")"
United States,California,Walnut,fruit,California,9,in_season,https://www.fresnocountyca.gov/files/sharedassets/county/v/1/public-works-and-planning/community-development-division/26803-harvest.pdf,"County of Fresno, Public Works and Planning, Community Development Division - Harvest Calendar for Fresno County Crops (2018)",Walnuts: mid-Sept/mid-Nov,fetched,HARVEST_MONTHS_EXTRACTED,"Fresno County government calendar; labelled California per user ruling 24 Sep (""just label as California if it's from anywhere in California"")"
United States,California,Walnut,fruit,California,10,in_season,https://www.fresnocountyca.gov/files/sharedassets/county/v/1/public-works-and-planning/community-development-division/26803-harvest.pdf,"County of Fresno, Public Works and Planning, Community Development Division - Harvest Calendar for Fresno County Crops (2018)",Walnuts: mid-Sept/mid-Nov,fetched,HARVEST_MONTHS_EXTRACTED,"Fresno County government calendar; labelled California per user ruling 24 Sep (""just label as California if it's from anywhere in California"")"
United States,California,Walnut,fruit,California,11,in_season,https://www.fresnocountyca.gov/files/sharedassets/county/v/1/public-works-and-planning/community-development-division/26803-harvest.pdf,"County of Fresno, Public Works and Planning, Community Development Division - Harvest Calendar for Fresno County Crops (2018)",Walnuts: mid-Sept/mid-Nov,fetched,HARVEST_MONTHS_EXTRACTED,"Fresno County government calendar; labelled California per user ruling 24 Sep (""just label as California if it's from anywhere in California"")"
United States,California,Walnut,fruit,California,12,not_listed,https://www.fresnocountyca.gov/files/sharedassets/county/v/1/public-works-and-planning/community-development-division/26803-harvest.pdf,"County of Fresno, Public Works and Planning, Community Development Division - Harvest Calendar for Fresno County Crops (2018)",Walnuts: mid-Sept/mid-Nov,fetched,HARVEST_MONTHS_EXTRACTED,"Fresno County government calendar; labelled California per user ruling 24 Sep (""just label as California if it's from anywhere in California"")"
United States,California,Asparagus,vegetable,California,1,not_listed,https://www.fresnocountyca.gov/files/sharedassets/county/v/1/public-works-and-planning/community-development-division/26803-harvest.pdf,"County of Fresno, Public Works and Planning, Community Development Division - Harvest Calendar for Fresno County Crops (2018)",Asparagus: mid-Mar/mid-June,fetched,HARVEST_MONTHS_EXTRACTED,"Fresno County government calendar; labelled California per user ruling 24 Sep (""just label as California if it's from anywhere in California"")"
United States,California,Asparagus,vegetable,California,2,not_listed,https://www.fresnocountyca.gov/files/sharedassets/county/v/1/public-works-and-planning/community-development-division/26803-harvest.pdf,"County of Fresno, Public Works and Planning, Community Development Division - Harvest Calendar for Fresno County Crops (2018)",Asparagus: mid-Mar/mid-June,fetched,HARVEST_MONTHS_EXTRACTED,"Fresno County government calendar; labelled California per user ruling 24 Sep (""just label as California if it's from anywhere in California"")"
United States,California,Asparagus,vegetable,California,3,in_season,https://www.fresnocountyca.gov/files/sharedassets/county/v/1/public-works-and-planning/community-development-division/26803-harvest.pdf,"County of Fresno, Public Works and Planning, Community Development Division - Harvest Calendar for Fresno County Crops (2018)",Asparagus: mid-Mar/mid-June,fetched,HARVEST_MONTHS_EXTRACTED,"Fresno County government calendar; labelled California per user ruling 24 Sep (""just label as California if it's from anywhere in California"")"
United States,California,Asparagus,vegetable,California,4,in_season,https://www.fresnocountyca.gov/files/sharedassets/county/v/1/public-works-and-planning/community-development-division/26803-harvest.pdf,"County of Fresno, Public Works and Planning, Community Development Division - Harvest Calendar for Fresno County Crops (2018)",Asparagus: mid-Mar/mid-June,fetched,HARVEST_MONTHS_EXTRACTED,"Fresno County government calendar; labelled California per user ruling 24 Sep (""just label as California if it's from anywhere in California"")"
United States,California,Asparagus,vegetable,California,5,in_season,https://www.fresnocountyca.gov/files/sharedassets/county/v/1/public-works-and-planning/community-development-division/26803-harvest.pdf,"County of Fresno, Public Works and Planning, Community Development Division - Harvest Calendar for Fresno County Crops (2018)",Asparagus: mid-Mar/mid-June,fetched,HARVEST_MONTHS_EXTRACTED,"Fresno County government calendar; labelled California per user ruling 24 Sep (""just label as California if it's from anywhere in California"")"
United States,California,Asparagus,vegetable,California,6,in_season,https://www.fresnocountyca.gov/files/sharedassets/county/v/1/public-works-and-planning/community-development-division/26803-harvest.pdf,"County of Fresno, Public Works and Planning, Community Development Division - Harvest Calendar for Fresno County Crops (2018)",Asparagus: mid-Mar/mid-June,fetched,HARVEST_MONTHS_EXTRACTED,"Fresno County government calendar; labelled California per user ruling 24 Sep (""just label as California if it's from anywhere in California"")"
United States,California,Asparagus,vegetable,California,7,not_listed,https://www.fresnocountyca.gov/files/sharedassets/county/v/1/public-works-and-planning/community-development-division/26803-harvest.pdf,"County of Fresno, Public Works and Planning, Community Development Division - Harvest Calendar for Fresno County Crops (2018)",Asparagus: mid-Mar/mid-June,fetched,HARVEST_MONTHS_EXTRACTED,"Fresno County government calendar; labelled California per user ruling 24 Sep (""just label as California if it's from anywhere in California"")"
United States,California,Asparagus,vegetable,California,8,not_listed,https://www.fresnocountyca.gov/files/sharedassets/county/v/1/public-works-and-planning/community-development-division/26803-harvest.pdf,"County of Fresno, Public Works and Planning, Community Development Division - Harvest Calendar for Fresno County Crops (2018)",Asparagus: mid-Mar/mid-June,fetched,HARVEST_MONTHS_EXTRACTED,"Fresno County government calendar; labelled California per user ruling 24 Sep (""just label as California if it's from anywhere in California"")"
United States,California,Asparagus,vegetable,California,9,not_listed,https://www.fresnocountyca.gov/files/sharedassets/county/v/1/public-works-and-planning/community-development-division/26803-harvest.pdf,"County of Fresno, Public Works and Planning, Community Development Division - Harvest Calendar for Fresno County Crops (2018)",Asparagus: mid-Mar/mid-June,fetched,HARVEST_MONTHS_EXTRACTED,"Fresno County government calendar; labelled California per user ruling 24 Sep (""just label as California if it's from anywhere in California"")"
United States,California,Asparagus,vegetable,California,10,not_listed,https://www.fresnocountyca.gov/files/sharedassets/county/v/1/public-works-and-planning/community-development-division/26803-harvest.pdf,"County of Fresno, Public Works and Planning, Community Development Division - Harvest Calendar for Fresno County Crops (2018)",Asparagus: mid-Mar/mid-June,fetched,HARVEST_MONTHS_EXTRACTED,"Fresno County government calendar; labelled California per user ruling 24 Sep (""just label as California if it's from anywhere in California"")"
United States,California,Asparagus,vegetable,California,11,not_listed,https://www.fresnocountyca.gov/files/sharedassets/county/v/1/public-works-and-planning/community-development-division/26803-harvest.pdf,"County of Fresno, Public Works and Planning, Community Development Division - Harvest Calendar for Fresno County Crops (2018)",Asparagus: mid-Mar/mid-June,fetched,HARVEST_MONTHS_EXTRACTED,"Fresno County government calendar; labelled California per user ruling 24 Sep (""just label as California if it's from anywhere in California"")"
United States,California,Asparagus,vegetable,California,12,not_listed,https://www.fresnocountyca.gov/files/sharedassets/county/v/1/public-works-and-planning/community-development-division/26803-harvest.pdf,"County of Fresno, Public Works and Planning, Community Development Division - Harvest Calendar for Fresno County Crops (2018)",Asparagus: mid-Mar/mid-June,fetched,HARVEST_MONTHS_EXTRACTED,"Fresno County government calendar; labelled California per user ruling 24 Sep (""just label as California if it's from anywhere in California"")"
United States,California,Boysenberry,fruit,California,1,not_listed,https://www.fresnocountyca.gov/files/sharedassets/county/v/1/public-works-and-planning/community-development-division/26803-harvest.pdf,"County of Fresno, Public Works and Planning, Community Development Division - Harvest Calendar for Fresno County Crops (2018)",Boysenberries: mid-May/mid-June,fetched,HARVEST_MONTHS_EXTRACTED,"Fresno County government calendar; labelled California per user ruling 24 Sep (""just label as California if it's from anywhere in California"")"
United States,California,Boysenberry,fruit,California,2,not_listed,https://www.fresnocountyca.gov/files/sharedassets/county/v/1/public-works-and-planning/community-development-division/26803-harvest.pdf,"County of Fresno, Public Works and Planning, Community Development Division - Harvest Calendar for Fresno County Crops (2018)",Boysenberries: mid-May/mid-June,fetched,HARVEST_MONTHS_EXTRACTED,"Fresno County government calendar; labelled California per user ruling 24 Sep (""just label as California if it's from anywhere in California"")"
United States,California,Boysenberry,fruit,California,3,not_listed,https://www.fresnocountyca.gov/files/sharedassets/county/v/1/public-works-and-planning/community-development-division/26803-harvest.pdf,"County of Fresno, Public Works and Planning, Community Development Division - Harvest Calendar for Fresno County Crops (2018)",Boysenberries: mid-May/mid-June,fetched,HARVEST_MONTHS_EXTRACTED,"Fresno County government calendar; labelled California per user ruling 24 Sep (""just label as California if it's from anywhere in California"")"
United States,California,Boysenberry,fruit,California,4,not_listed,https://www.fresnocountyca.gov/files/sharedassets/county/v/1/public-works-and-planning/community-development-division/26803-harvest.pdf,"County of Fresno, Public Works and Planning, Community Development Division - Harvest Calendar for Fresno County Crops (2018)",Boysenberries: mid-May/mid-June,fetched,HARVEST_MONTHS_EXTRACTED,"Fresno County government calendar; labelled California per user ruling 24 Sep (""just label as California if it's from anywhere in California"")"
United States,California,Boysenberry,fruit,California,5,in_season,https://www.fresnocountyca.gov/files/sharedassets/county/v/1/public-works-and-planning/community-development-division/26803-harvest.pdf,"County of Fresno, Public Works and Planning, Community Development Division - Harvest Calendar for Fresno County Crops (2018)",Boysenberries: mid-May/mid-June,fetched,HARVEST_MONTHS_EXTRACTED,"Fresno County government calendar; labelled California per user ruling 24 Sep (""just label as California if it's from anywhere in California"")"
United States,California,Boysenberry,fruit,California,6,in_season,https://www.fresnocountyca.gov/files/sharedassets/county/v/1/public-works-and-planning/community-development-division/26803-harvest.pdf,"County of Fresno, Public Works and Planning, Community Development Division - Harvest Calendar for Fresno County Crops (2018)",Boysenberries: mid-May/mid-June,fetched,HARVEST_MONTHS_EXTRACTED,"Fresno County government calendar; labelled California per user ruling 24 Sep (""just label as California if it's from anywhere in California"")"
United States,California,Boysenberry,fruit,California,7,not_listed,https://www.fresnocountyca.gov/files/sharedassets/county/v/1/public-works-and-planning/community-development-division/26803-harvest.pdf,"County of Fresno, Public Works and Planning, Community Development Division - Harvest Calendar for Fresno County Crops (2018)",Boysenberries: mid-May/mid-June,fetched,HARVEST_MONTHS_EXTRACTED,"Fresno County government calendar; labelled California per user ruling 24 Sep (""just label as California if it's from anywhere in California"")"
United States,California,Boysenberry,fruit,California,8,not_listed,https://www.fresnocountyca.gov/files/sharedassets/county/v/1/public-works-and-planning/community-development-division/26803-harvest.pdf,"County of Fresno, Public Works and Planning, Community Development Division - Harvest Calendar for Fresno County Crops (2018)",Boysenberries: mid-May/mid-June,fetched,HARVEST_MONTHS_EXTRACTED,"Fresno County government calendar; labelled California per user ruling 24 Sep (""just label as California if it's from anywhere in California"")"
United States,California,Boysenberry,fruit,California,9,not_listed,https://www.fresnocountyca.gov/files/sharedassets/county/v/1/public-works-and-planning/community-development-division/26803-harvest.pdf,"County of Fresno, Public Works and Planning, Community Development Division - Harvest Calendar for Fresno County Crops (2018)",Boysenberries: mid-May/mid-June,fetched,HARVEST_MONTHS_EXTRACTED,"Fresno County government calendar; labelled California per user ruling 24 Sep (""just label as California if it's from anywhere in California"")"
United States,California,Boysenberry,fruit,California,10,not_listed,https://www.fresnocountyca.gov/files/sharedassets/county/v/1/public-works-and-planning/community-development-division/26803-harvest.pdf,"County of Fresno, Public Works and Planning, Community Development Division - Harvest Calendar for Fresno County Crops (2018)",Boysenberries: mid-May/mid-June,fetched,HARVEST_MONTHS_EXTRACTED,"Fresno County government calendar; labelled California per user ruling 24 Sep (""just label as California if it's from anywhere in California"")"
United States,California,Boysenberry,fruit,California,11,not_listed,https://www.fresnocountyca.gov/files/sharedassets/county/v/1/public-works-and-planning/community-development-division/26803-harvest.pdf,"County of Fresno, Public Works and Planning, Community Development Division - Harvest Calendar for Fresno County Crops (2018)",Boysenberries: mid-May/mid-June,fetched,HARVEST_MONTHS_EXTRACTED,"Fresno County government calendar; labelled California per user ruling 24 Sep (""just label as California if it's from anywhere in California"")"
United States,California,Boysenberry,fruit,California,12,not_listed,https://www.fresnocountyca.gov/files/sharedassets/county/v/1/public-works-and-planning/community-development-division/26803-harvest.pdf,"County of Fresno, Public Works and Planning, Community Development Division - Harvest Calendar for Fresno County Crops (2018)",Boysenberries: mid-May/mid-June,fetched,HARVEST_MONTHS_EXTRACTED,"Fresno County government calendar; labelled California per user ruling 24 Sep (""just label as California if it's from anywhere in California"")"
United States,California,Broccoli,vegetable,California,1,in_season,https://www.fresnocountyca.gov/files/sharedassets/county/v/1/public-works-and-planning/community-development-division/26803-harvest.pdf,"County of Fresno, Public Works and Planning, Community Development Division - Harvest Calendar for Fresno County Crops (2018)",Broccoli: Mar-June/mid-Sept-Jan,fetched,HARVEST_MONTHS_EXTRACTED,"Fresno County government calendar; labelled California per user ruling 24 Sep (""just label as California if it's from anywhere in California"")"
United States,California,Broccoli,vegetable,California,2,not_listed,https://www.fresnocountyca.gov/files/sharedassets/county/v/1/public-works-and-planning/community-development-division/26803-harvest.pdf,"County of Fresno, Public Works and Planning, Community Development Division - Harvest Calendar for Fresno County Crops (2018)",Broccoli: Mar-June/mid-Sept-Jan,fetched,HARVEST_MONTHS_EXTRACTED,"Fresno County government calendar; labelled California per user ruling 24 Sep (""just label as California if it's from anywhere in California"")"
United States,California,Broccoli,vegetable,California,3,in_season,https://www.fresnocountyca.gov/files/sharedassets/county/v/1/public-works-and-planning/community-development-division/26803-harvest.pdf,"County of Fresno, Public Works and Planning, Community Development Division - Harvest Calendar for Fresno County Crops (2018)",Broccoli: Mar-June/mid-Sept-Jan,fetched,HARVEST_MONTHS_EXTRACTED,"Fresno County government calendar; labelled California per user ruling 24 Sep (""just label as California if it's from anywhere in California"")"
United States,California,Broccoli,vegetable,California,4,in_season,https://www.fresnocountyca.gov/files/sharedassets/county/v/1/public-works-and-planning/community-development-division/26803-harvest.pdf,"County of Fresno, Public Works and Planning, Community Development Division - Harvest Calendar for Fresno County Crops (2018)",Broccoli: Mar-June/mid-Sept-Jan,fetched,HARVEST_MONTHS_EXTRACTED,"Fresno County government calendar; labelled California per user ruling 24 Sep (""just label as California if it's from anywhere in California"")"
United States,California,Broccoli,vegetable,California,5,in_season,https://www.fresnocountyca.gov/files/sharedassets/county/v/1/public-works-and-planning/community-development-division/26803-harvest.pdf,"County of Fresno, Public Works and Planning, Community Development Division - Harvest Calendar for Fresno County Crops (2018)",Broccoli: Mar-June/mid-Sept-Jan,fetched,HARVEST_MONTHS_EXTRACTED,"Fresno County government calendar; labelled California per user ruling 24 Sep (""just label as California if it's from anywhere in California"")"
United States,California,Broccoli,vegetable,California,6,in_season,https://www.fresnocountyca.gov/files/sharedassets/county/v/1/public-works-and-planning/community-development-division/26803-harvest.pdf,"County of Fresno, Public Works and Planning, Community Development Division - Harvest Calendar for Fresno County Crops (2018)",Broccoli: Mar-June/mid-Sept-Jan,fetched,HARVEST_MONTHS_EXTRACTED,"Fresno County government calendar; labelled California per user ruling 24 Sep (""just label as California if it's from anywhere in California"")"
United States,California,Broccoli,vegetable,California,7,not_listed,https://www.fresnocountyca.gov/files/sharedassets/county/v/1/public-works-and-planning/community-development-division/26803-harvest.pdf,"County of Fresno, Public Works and Planning, Community Development Division - Harvest Calendar for Fresno County Crops (2018)",Broccoli: Mar-June/mid-Sept-Jan,fetched,HARVEST_MONTHS_EXTRACTED,"Fresno County government calendar; labelled California per user ruling 24 Sep (""just label as California if it's from anywhere in California"")"
United States,California,Broccoli,vegetable,California,8,not_listed,https://www.fresnocountyca.gov/files/sharedassets/county/v/1/public-works-and-planning/community-development-division/26803-harvest.pdf,"County of Fresno, Public Works and Planning, Community Development Division - Harvest Calendar for Fresno County Crops (2018)",Broccoli: Mar-June/mid-Sept-Jan,fetched,HARVEST_MONTHS_EXTRACTED,"Fresno County government calendar; labelled California per user ruling 24 Sep (""just label as California if it's from anywhere in California"")"
United States,California,Broccoli,vegetable,California,9,in_season,https://www.fresnocountyca.gov/files/sharedassets/county/v/1/public-works-and-planning/community-development-division/26803-harvest.pdf,"County of Fresno, Public Works and Planning, Community Development Division - Harvest Calendar for Fresno County Crops (2018)",Broccoli: Mar-June/mid-Sept-Jan,fetched,HARVEST_MONTHS_EXTRACTED,"Fresno County government calendar; labelled California per user ruling 24 Sep (""just label as California if it's from anywhere in California"")"
United States,California,Broccoli,vegetable,California,10,in_season,https://www.fresnocountyca.gov/files/sharedassets/county/v/1/public-works-and-planning/community-development-division/26803-harvest.pdf,"County of Fresno, Public Works and Planning, Community Development Division - Harvest Calendar for Fresno County Crops (2018)",Broccoli: Mar-June/mid-Sept-Jan,fetched,HARVEST_MONTHS_EXTRACTED,"Fresno County government calendar; labelled California per user ruling 24 Sep (""just label as California if it's from anywhere in California"")"
United States,California,Broccoli,vegetable,California,11,in_season,https://www.fresnocountyca.gov/files/sharedassets/county/v/1/public-works-and-planning/community-development-division/26803-harvest.pdf,"County of Fresno, Public Works and Planning, Community Development Division - Harvest Calendar for Fresno County Crops (2018)",Broccoli: Mar-June/mid-Sept-Jan,fetched,HARVEST_MONTHS_EXTRACTED,"Fresno County government calendar; labelled California per user ruling 24 Sep (""just label as California if it's from anywhere in California"")"
United States,California,Broccoli,vegetable,California,12,in_season,https://www.fresnocountyca.gov/files/sharedassets/county/v/1/public-works-and-planning/community-development-division/26803-harvest.pdf,"County of Fresno, Public Works and Planning, Community Development Division - Harvest Calendar for Fresno County Crops (2018)",Broccoli: Mar-June/mid-Sept-Jan,fetched,HARVEST_MONTHS_EXTRACTED,"Fresno County government calendar; labelled California per user ruling 24 Sep (""just label as California if it's from anywhere in California"")"
United States,California,Cabbage,vegetable,California,1,in_season,https://www.fresnocountyca.gov/files/sharedassets/county/v/1/public-works-and-planning/community-development-division/26803-harvest.pdf,"County of Fresno, Public Works and Planning, Community Development Division - Harvest Calendar for Fresno County Crops (2018)",Cabbage: Mar-June/mid-Sept-Jan,fetched,HARVEST_MONTHS_EXTRACTED,"Fresno County government calendar; labelled California per user ruling 24 Sep (""just label as California if it's from anywhere in California"")"
United States,California,Cabbage,vegetable,California,2,not_listed,https://www.fresnocountyca.gov/files/sharedassets/county/v/1/public-works-and-planning/community-development-division/26803-harvest.pdf,"County of Fresno, Public Works and Planning, Community Development Division - Harvest Calendar for Fresno County Crops (2018)",Cabbage: Mar-June/mid-Sept-Jan,fetched,HARVEST_MONTHS_EXTRACTED,"Fresno County government calendar; labelled California per user ruling 24 Sep (""just label as California if it's from anywhere in California"")"
United States,California,Cabbage,vegetable,California,3,in_season,https://www.fresnocountyca.gov/files/sharedassets/county/v/1/public-works-and-planning/community-development-division/26803-harvest.pdf,"County of Fresno, Public Works and Planning, Community Development Division - Harvest Calendar for Fresno County Crops (2018)",Cabbage: Mar-June/mid-Sept-Jan,fetched,HARVEST_MONTHS_EXTRACTED,"Fresno County government calendar; labelled California per user ruling 24 Sep (""just label as California if it's from anywhere in California"")"
United States,California,Cabbage,vegetable,California,4,in_season,https://www.fresnocountyca.gov/files/sharedassets/county/v/1/public-works-and-planning/community-development-division/26803-harvest.pdf,"County of Fresno, Public Works and Planning, Community Development Division - Harvest Calendar for Fresno County Crops (2018)",Cabbage: Mar-June/mid-Sept-Jan,fetched,HARVEST_MONTHS_EXTRACTED,"Fresno County government calendar; labelled California per user ruling 24 Sep (""just label as California if it's from anywhere in California"")"
United States,California,Cabbage,vegetable,California,5,in_season,https://www.fresnocountyca.gov/files/sharedassets/county/v/1/public-works-and-planning/community-development-division/26803-harvest.pdf,"County of Fresno, Public Works and Planning, Community Development Division - Harvest Calendar for Fresno County Crops (2018)",Cabbage: Mar-June/mid-Sept-Jan,fetched,HARVEST_MONTHS_EXTRACTED,"Fresno County government calendar; labelled California per user ruling 24 Sep (""just label as California if it's from anywhere in California"")"
United States,California,Cabbage,vegetable,California,6,in_season,https://www.fresnocountyca.gov/files/sharedassets/county/v/1/public-works-and-planning/community-development-division/26803-harvest.pdf,"County of Fresno, Public Works and Planning, Community Development Division - Harvest Calendar for Fresno County Crops (2018)",Cabbage: Mar-June/mid-Sept-Jan,fetched,HARVEST_MONTHS_EXTRACTED,"Fresno County government calendar; labelled California per user ruling 24 Sep (""just label as California if it's from anywhere in California"")"
United States,California,Cabbage,vegetable,California,7,not_listed,https://www.fresnocountyca.gov/files/sharedassets/county/v/1/public-works-and-planning/community-development-division/26803-harvest.pdf,"County of Fresno, Public Works and Planning, Community Development Division - Harvest Calendar for Fresno County Crops (2018)",Cabbage: Mar-June/mid-Sept-Jan,fetched,HARVEST_MONTHS_EXTRACTED,"Fresno County government calendar; labelled California per user ruling 24 Sep (""just label as California if it's from anywhere in California"")"
United States,California,Cabbage,vegetable,California,8,not_listed,https://www.fresnocountyca.gov/files/sharedassets/county/v/1/public-works-and-planning/community-development-division/26803-harvest.pdf,"County of Fresno, Public Works and Planning, Community Development Division - Harvest Calendar for Fresno County Crops (2018)",Cabbage: Mar-June/mid-Sept-Jan,fetched,HARVEST_MONTHS_EXTRACTED,"Fresno County government calendar; labelled California per user ruling 24 Sep (""just label as California if it's from anywhere in California"")"
United States,California,Cabbage,vegetable,California,9,in_season,https://www.fresnocountyca.gov/files/sharedassets/county/v/1/public-works-and-planning/community-development-division/26803-harvest.pdf,"County of Fresno, Public Works and Planning, Community Development Division - Harvest Calendar for Fresno County Crops (2018)",Cabbage: Mar-June/mid-Sept-Jan,fetched,HARVEST_MONTHS_EXTRACTED,"Fresno County government calendar; labelled California per user ruling 24 Sep (""just label as California if it's from anywhere in California"")"
United States,California,Cabbage,vegetable,California,10,in_season,https://www.fresnocountyca.gov/files/sharedassets/county/v/1/public-works-and-planning/community-development-division/26803-harvest.pdf,"County of Fresno, Public Works and Planning, Community Development Division - Harvest Calendar for Fresno County Crops (2018)",Cabbage: Mar-June/mid-Sept-Jan,fetched,HARVEST_MONTHS_EXTRACTED,"Fresno County government calendar; labelled California per user ruling 24 Sep (""just label as California if it's from anywhere in California"")"
United States,California,Cabbage,vegetable,California,11,in_season,https://www.fresnocountyca.gov/files/sharedassets/county/v/1/public-works-and-planning/community-development-division/26803-harvest.pdf,"County of Fresno, Public Works and Planning, Community Development Division - Harvest Calendar for Fresno County Crops (2018)",Cabbage: Mar-June/mid-Sept-Jan,fetched,HARVEST_MONTHS_EXTRACTED,"Fresno County government calendar; labelled California per user ruling 24 Sep (""just label as California if it's from anywhere in California"")"
United States,California,Cabbage,vegetable,California,12,in_season,https://www.fresnocountyca.gov/files/sharedassets/county/v/1/public-works-and-planning/community-development-division/26803-harvest.pdf,"County of Fresno, Public Works and Planning, Community Development Division - Harvest Calendar for Fresno County Crops (2018)",Cabbage: Mar-June/mid-Sept-Jan,fetched,HARVEST_MONTHS_EXTRACTED,"Fresno County government calendar; labelled California per user ruling 24 Sep (""just label as California if it's from anywhere in California"")"
United States,California,Cauliflower,vegetable,California,1,in_season,https://www.fresnocountyca.gov/files/sharedassets/county/v/1/public-works-and-planning/community-development-division/26803-harvest.pdf,"County of Fresno, Public Works and Planning, Community Development Division - Harvest Calendar for Fresno County Crops (2018)",Cauliflower: Mar-June/mid-Sept-Jan,fetched,HARVEST_MONTHS_EXTRACTED,"Fresno County government calendar; labelled California per user ruling 24 Sep (""just label as California if it's from anywhere in California"")"
United States,California,Cauliflower,vegetable,California,2,not_listed,https://www.fresnocountyca.gov/files/sharedassets/county/v/1/public-works-and-planning/community-development-division/26803-harvest.pdf,"County of Fresno, Public Works and Planning, Community Development Division - Harvest Calendar for Fresno County Crops (2018)",Cauliflower: Mar-June/mid-Sept-Jan,fetched,HARVEST_MONTHS_EXTRACTED,"Fresno County government calendar; labelled California per user ruling 24 Sep (""just label as California if it's from anywhere in California"")"
United States,California,Cauliflower,vegetable,California,3,in_season,https://www.fresnocountyca.gov/files/sharedassets/county/v/1/public-works-and-planning/community-development-division/26803-harvest.pdf,"County of Fresno, Public Works and Planning, Community Development Division - Harvest Calendar for Fresno County Crops (2018)",Cauliflower: Mar-June/mid-Sept-Jan,fetched,HARVEST_MONTHS_EXTRACTED,"Fresno County government calendar; labelled California per user ruling 24 Sep (""just label as California if it's from anywhere in California"")"
United States,California,Cauliflower,vegetable,California,4,in_season,https://www.fresnocountyca.gov/files/sharedassets/county/v/1/public-works-and-planning/community-development-division/26803-harvest.pdf,"County of Fresno, Public Works and Planning, Community Development Division - Harvest Calendar for Fresno County Crops (2018)",Cauliflower: Mar-June/mid-Sept-Jan,fetched,HARVEST_MONTHS_EXTRACTED,"Fresno County government calendar; labelled California per user ruling 24 Sep (""just label as California if it's from anywhere in California"")"
United States,California,Cauliflower,vegetable,California,5,in_season,https://www.fresnocountyca.gov/files/sharedassets/county/v/1/public-works-and-planning/community-development-division/26803-harvest.pdf,"County of Fresno, Public Works and Planning, Community Development Division - Harvest Calendar for Fresno County Crops (2018)",Cauliflower: Mar-June/mid-Sept-Jan,fetched,HARVEST_MONTHS_EXTRACTED,"Fresno County government calendar; labelled California per user ruling 24 Sep (""just label as California if it's from anywhere in California"")"
United States,California,Cauliflower,vegetable,California,6,in_season,https://www.fresnocountyca.gov/files/sharedassets/county/v/1/public-works-and-planning/community-development-division/26803-harvest.pdf,"County of Fresno, Public Works and Planning, Community Development Division - Harvest Calendar for Fresno County Crops (2018)",Cauliflower: Mar-June/mid-Sept-Jan,fetched,HARVEST_MONTHS_EXTRACTED,"Fresno County government calendar; labelled California per user ruling 24 Sep (""just label as California if it's from anywhere in California"")"
United States,California,Cauliflower,vegetable,California,7,not_listed,https://www.fresnocountyca.gov/files/sharedassets/county/v/1/public-works-and-planning/community-development-division/26803-harvest.pdf,"County of Fresno, Public Works and Planning, Community Development Division - Harvest Calendar for Fresno County Crops (2018)",Cauliflower: Mar-June/mid-Sept-Jan,fetched,HARVEST_MONTHS_EXTRACTED,"Fresno County government calendar; labelled California per user ruling 24 Sep (""just label as California if it's from anywhere in California"")"
United States,California,Cauliflower,vegetable,California,8,not_listed,https://www.fresnocountyca.gov/files/sharedassets/county/v/1/public-works-and-planning/community-development-division/26803-harvest.pdf,"County of Fresno, Public Works and Planning, Community Development Division - Harvest Calendar for Fresno County Crops (2018)",Cauliflower: Mar-June/mid-Sept-Jan,fetched,HARVEST_MONTHS_EXTRACTED,"Fresno County government calendar; labelled California per user ruling 24 Sep (""just label as California if it's from anywhere in California"")"
United States,California,Cauliflower,vegetable,California,9,in_season,https://www.fresnocountyca.gov/files/sharedassets/county/v/1/public-works-and-planning/community-development-division/26803-harvest.pdf,"County of Fresno, Public Works and Planning, Community Development Division - Harvest Calendar for Fresno County Crops (2018)",Cauliflower: Mar-June/mid-Sept-Jan,fetched,HARVEST_MONTHS_EXTRACTED,"Fresno County government calendar; labelled California per user ruling 24 Sep (""just label as California if it's from anywhere in California"")"
United States,California,Cauliflower,vegetable,California,10,in_season,https://www.fresnocountyca.gov/files/sharedassets/county/v/1/public-works-and-planning/community-development-division/26803-harvest.pdf,"County of Fresno, Public Works and Planning, Community Development Division - Harvest Calendar for Fresno County Crops (2018)",Cauliflower: Mar-June/mid-Sept-Jan,fetched,HARVEST_MONTHS_EXTRACTED,"Fresno County government calendar; labelled California per user ruling 24 Sep (""just label as California if it's from anywhere in California"")"
United States,California,Cauliflower,vegetable,California,11,in_season,https://www.fresnocountyca.gov/files/sharedassets/county/v/1/public-works-and-planning/community-development-division/26803-harvest.pdf,"County of Fresno, Public Works and Planning, Community Development Division - Harvest Calendar for Fresno County Crops (2018)",Cauliflower: Mar-June/mid-Sept-Jan,fetched,HARVEST_MONTHS_EXTRACTED,"Fresno County government calendar; labelled California per user ruling 24 Sep (""just label as California if it's from anywhere in California"")"
United States,California,Cauliflower,vegetable,California,12,in_season,https://www.fresnocountyca.gov/files/sharedassets/county/v/1/public-works-and-planning/community-development-division/26803-harvest.pdf,"County of Fresno, Public Works and Planning, Community Development Division - Harvest Calendar for Fresno County Crops (2018)",Cauliflower: Mar-June/mid-Sept-Jan,fetched,HARVEST_MONTHS_EXTRACTED,"Fresno County government calendar; labelled California per user ruling 24 Sep (""just label as California if it's from anywhere in California"")"
United States,California,Carrot,vegetable,California,1,not_listed,https://www.fresnocountyca.gov/files/sharedassets/county/v/1/public-works-and-planning/community-development-division/26803-harvest.pdf,"County of Fresno, Public Works and Planning, Community Development Division - Harvest Calendar for Fresno County Crops (2018)",Carrots: Mar-June/Aug-Sept,fetched,HARVEST_MONTHS_EXTRACTED,"Fresno County government calendar; labelled California per user ruling 24 Sep (""just label as California if it's from anywhere in California"")"
United States,California,Carrot,vegetable,California,2,not_listed,https://www.fresnocountyca.gov/files/sharedassets/county/v/1/public-works-and-planning/community-development-division/26803-harvest.pdf,"County of Fresno, Public Works and Planning, Community Development Division - Harvest Calendar for Fresno County Crops (2018)",Carrots: Mar-June/Aug-Sept,fetched,HARVEST_MONTHS_EXTRACTED,"Fresno County government calendar; labelled California per user ruling 24 Sep (""just label as California if it's from anywhere in California"")"
United States,California,Carrot,vegetable,California,3,in_season,https://www.fresnocountyca.gov/files/sharedassets/county/v/1/public-works-and-planning/community-development-division/26803-harvest.pdf,"County of Fresno, Public Works and Planning, Community Development Division - Harvest Calendar for Fresno County Crops (2018)",Carrots: Mar-June/Aug-Sept,fetched,HARVEST_MONTHS_EXTRACTED,"Fresno County government calendar; labelled California per user ruling 24 Sep (""just label as California if it's from anywhere in California"")"
United States,California,Carrot,vegetable,California,4,in_season,https://www.fresnocountyca.gov/files/sharedassets/county/v/1/public-works-and-planning/community-development-division/26803-harvest.pdf,"County of Fresno, Public Works and Planning, Community Development Division - Harvest Calendar for Fresno County Crops (2018)",Carrots: Mar-June/Aug-Sept,fetched,HARVEST_MONTHS_EXTRACTED,"Fresno County government calendar; labelled California per user ruling 24 Sep (""just label as California if it's from anywhere in California"")"
United States,California,Carrot,vegetable,California,5,in_season,https://www.fresnocountyca.gov/files/sharedassets/county/v/1/public-works-and-planning/community-development-division/26803-harvest.pdf,"County of Fresno, Public Works and Planning, Community Development Division - Harvest Calendar for Fresno County Crops (2018)",Carrots: Mar-June/Aug-Sept,fetched,HARVEST_MONTHS_EXTRACTED,"Fresno County government calendar; labelled California per user ruling 24 Sep (""just label as California if it's from anywhere in California"")"
United States,California,Carrot,vegetable,California,6,in_season,https://www.fresnocountyca.gov/files/sharedassets/county/v/1/public-works-and-planning/community-development-division/26803-harvest.pdf,"County of Fresno, Public Works and Planning, Community Development Division - Harvest Calendar for Fresno County Crops (2018)",Carrots: Mar-June/Aug-Sept,fetched,HARVEST_MONTHS_EXTRACTED,"Fresno County government calendar; labelled California per user ruling 24 Sep (""just label as California if it's from anywhere in California"")"
United States,California,Carrot,vegetable,California,7,not_listed,https://www.fresnocountyca.gov/files/sharedassets/county/v/1/public-works-and-planning/community-development-division/26803-harvest.pdf,"County of Fresno, Public Works and Planning, Community Development Division - Harvest Calendar for Fresno County Crops (2018)",Carrots: Mar-June/Aug-Sept,fetched,HARVEST_MONTHS_EXTRACTED,"Fresno County government calendar; labelled California per user ruling 24 Sep (""just label as California if it's from anywhere in California"")"
United States,California,Carrot,vegetable,California,8,in_season,https://www.fresnocountyca.gov/files/sharedassets/county/v/1/public-works-and-planning/community-development-division/26803-harvest.pdf,"County of Fresno, Public Works and Planning, Community Development Division - Harvest Calendar for Fresno County Crops (2018)",Carrots: Mar-June/Aug-Sept,fetched,HARVEST_MONTHS_EXTRACTED,"Fresno County government calendar; labelled California per user ruling 24 Sep (""just label as California if it's from anywhere in California"")"
United States,California,Carrot,vegetable,California,9,in_season,https://www.fresnocountyca.gov/files/sharedassets/county/v/1/public-works-and-planning/community-development-division/26803-harvest.pdf,"County of Fresno, Public Works and Planning, Community Development Division - Harvest Calendar for Fresno County Crops (2018)",Carrots: Mar-June/Aug-Sept,fetched,HARVEST_MONTHS_EXTRACTED,"Fresno County government calendar; labelled California per user ruling 24 Sep (""just label as California if it's from anywhere in California"")"
United States,California,Carrot,vegetable,California,10,not_listed,https://www.fresnocountyca.gov/files/sharedassets/county/v/1/public-works-and-planning/community-development-division/26803-harvest.pdf,"County of Fresno, Public Works and Planning, Community Development Division - Harvest Calendar for Fresno County Crops (2018)",Carrots: Mar-June/Aug-Sept,fetched,HARVEST_MONTHS_EXTRACTED,"Fresno County government calendar; labelled California per user ruling 24 Sep (""just label as California if it's from anywhere in California"")"
United States,California,Carrot,vegetable,California,11,not_listed,https://www.fresnocountyca.gov/files/sharedassets/county/v/1/public-works-and-planning/community-development-division/26803-harvest.pdf,"County of Fresno, Public Works and Planning, Community Development Division - Harvest Calendar for Fresno County Crops (2018)",Carrots: Mar-June/Aug-Sept,fetched,HARVEST_MONTHS_EXTRACTED,"Fresno County government calendar; labelled California per user ruling 24 Sep (""just label as California if it's from anywhere in California"")"
United States,California,Carrot,vegetable,California,12,not_listed,https://www.fresnocountyca.gov/files/sharedassets/county/v/1/public-works-and-planning/community-development-division/26803-harvest.pdf,"County of Fresno, Public Works and Planning, Community Development Division - Harvest Calendar for Fresno County Crops (2018)",Carrots: Mar-June/Aug-Sept,fetched,HARVEST_MONTHS_EXTRACTED,"Fresno County government calendar; labelled California per user ruling 24 Sep (""just label as California if it's from anywhere in California"")"
United States,California,Celery,vegetable,California,1,not_listed,https://www.fresnocountyca.gov/files/sharedassets/county/v/1/public-works-and-planning/community-development-division/26803-harvest.pdf,"County of Fresno, Public Works and Planning, Community Development Division - Harvest Calendar for Fresno County Crops (2018)",Celery: mid-July/mid-Oct,fetched,HARVEST_MONTHS_EXTRACTED,"Fresno County government calendar; labelled California per user ruling 24 Sep (""just label as California if it's from anywhere in California"")"
United States,California,Celery,vegetable,California,2,not_listed,https://www.fresnocountyca.gov/files/sharedassets/county/v/1/public-works-and-planning/community-development-division/26803-harvest.pdf,"County of Fresno, Public Works and Planning, Community Development Division - Harvest Calendar for Fresno County Crops (2018)",Celery: mid-July/mid-Oct,fetched,HARVEST_MONTHS_EXTRACTED,"Fresno County government calendar; labelled California per user ruling 24 Sep (""just label as California if it's from anywhere in California"")"
United States,California,Celery,vegetable,California,3,not_listed,https://www.fresnocountyca.gov/files/sharedassets/county/v/1/public-works-and-planning/community-development-division/26803-harvest.pdf,"County of Fresno, Public Works and Planning, Community Development Division - Harvest Calendar for Fresno County Crops (2018)",Celery: mid-July/mid-Oct,fetched,HARVEST_MONTHS_EXTRACTED,"Fresno County government calendar; labelled California per user ruling 24 Sep (""just label as California if it's from anywhere in California"")"
United States,California,Celery,vegetable,California,4,not_listed,https://www.fresnocountyca.gov/files/sharedassets/county/v/1/public-works-and-planning/community-development-division/26803-harvest.pdf,"County of Fresno, Public Works and Planning, Community Development Division - Harvest Calendar for Fresno County Crops (2018)",Celery: mid-July/mid-Oct,fetched,HARVEST_MONTHS_EXTRACTED,"Fresno County government calendar; labelled California per user ruling 24 Sep (""just label as California if it's from anywhere in California"")"
United States,California,Celery,vegetable,California,5,not_listed,https://www.fresnocountyca.gov/files/sharedassets/county/v/1/public-works-and-planning/community-development-division/26803-harvest.pdf,"County of Fresno, Public Works and Planning, Community Development Division - Harvest Calendar for Fresno County Crops (2018)",Celery: mid-July/mid-Oct,fetched,HARVEST_MONTHS_EXTRACTED,"Fresno County government calendar; labelled California per user ruling 24 Sep (""just label as California if it's from anywhere in California"")"
United States,California,Celery,vegetable,California,6,not_listed,https://www.fresnocountyca.gov/files/sharedassets/county/v/1/public-works-and-planning/community-development-division/26803-harvest.pdf,"County of Fresno, Public Works and Planning, Community Development Division - Harvest Calendar for Fresno County Crops (2018)",Celery: mid-July/mid-Oct,fetched,HARVEST_MONTHS_EXTRACTED,"Fresno County government calendar; labelled California per user ruling 24 Sep (""just label as California if it's from anywhere in California"")"
United States,California,Celery,vegetable,California,7,in_season,https://www.fresnocountyca.gov/files/sharedassets/county/v/1/public-works-and-planning/community-development-division/26803-harvest.pdf,"County of Fresno, Public Works and Planning, Community Development Division - Harvest Calendar for Fresno County Crops (2018)",Celery: mid-July/mid-Oct,fetched,HARVEST_MONTHS_EXTRACTED,"Fresno County government calendar; labelled California per user ruling 24 Sep (""just label as California if it's from anywhere in California"")"
United States,California,Celery,vegetable,California,8,in_season,https://www.fresnocountyca.gov/files/sharedassets/county/v/1/public-works-and-planning/community-development-division/26803-harvest.pdf,"County of Fresno, Public Works and Planning, Community Development Division - Harvest Calendar for Fresno County Crops (2018)",Celery: mid-July/mid-Oct,fetched,HARVEST_MONTHS_EXTRACTED,"Fresno County government calendar; labelled California per user ruling 24 Sep (""just label as California if it's from anywhere in California"")"
United States,California,Celery,vegetable,California,9,in_season,https://www.fresnocountyca.gov/files/sharedassets/county/v/1/public-works-and-planning/community-development-division/26803-harvest.pdf,"County of Fresno, Public Works and Planning, Community Development Division - Harvest Calendar for Fresno County Crops (2018)",Celery: mid-July/mid-Oct,fetched,HARVEST_MONTHS_EXTRACTED,"Fresno County government calendar; labelled California per user ruling 24 Sep (""just label as California if it's from anywhere in California"")"
United States,California,Celery,vegetable,California,10,in_season,https://www.fresnocountyca.gov/files/sharedassets/county/v/1/public-works-and-planning/community-development-division/26803-harvest.pdf,"County of Fresno, Public Works and Planning, Community Development Division - Harvest Calendar for Fresno County Crops (2018)",Celery: mid-July/mid-Oct,fetched,HARVEST_MONTHS_EXTRACTED,"Fresno County government calendar; labelled California per user ruling 24 Sep (""just label as California if it's from anywhere in California"")"
United States,California,Celery,vegetable,California,11,not_listed,https://www.fresnocountyca.gov/files/sharedassets/county/v/1/public-works-and-planning/community-development-division/26803-harvest.pdf,"County of Fresno, Public Works and Planning, Community Development Division - Harvest Calendar for Fresno County Crops (2018)",Celery: mid-July/mid-Oct,fetched,HARVEST_MONTHS_EXTRACTED,"Fresno County government calendar; labelled California per user ruling 24 Sep (""just label as California if it's from anywhere in California"")"
United States,California,Celery,vegetable,California,12,not_listed,https://www.fresnocountyca.gov/files/sharedassets/county/v/1/public-works-and-planning/community-development-division/26803-harvest.pdf,"County of Fresno, Public Works and Planning, Community Development Division - Harvest Calendar for Fresno County Crops (2018)",Celery: mid-July/mid-Oct,fetched,HARVEST_MONTHS_EXTRACTED,"Fresno County government calendar; labelled California per user ruling 24 Sep (""just label as California if it's from anywhere in California"")"
United States,California,Lettuce,vegetable,California,1,not_listed,https://www.fresnocountyca.gov/files/sharedassets/county/v/1/public-works-and-planning/community-development-division/26803-harvest.pdf,"County of Fresno, Public Works and Planning, Community Development Division - Harvest Calendar for Fresno County Crops (2018)",Lettuce: Mar-Apr/Oct-Dec,fetched,HARVEST_MONTHS_EXTRACTED,"Fresno County government calendar; labelled California per user ruling 24 Sep (""just label as California if it's from anywhere in California"")"
United States,California,Lettuce,vegetable,California,2,not_listed,https://www.fresnocountyca.gov/files/sharedassets/county/v/1/public-works-and-planning/community-development-division/26803-harvest.pdf,"County of Fresno, Public Works and Planning, Community Development Division - Harvest Calendar for Fresno County Crops (2018)",Lettuce: Mar-Apr/Oct-Dec,fetched,HARVEST_MONTHS_EXTRACTED,"Fresno County government calendar; labelled California per user ruling 24 Sep (""just label as California if it's from anywhere in California"")"
United States,California,Lettuce,vegetable,California,3,in_season,https://www.fresnocountyca.gov/files/sharedassets/county/v/1/public-works-and-planning/community-development-division/26803-harvest.pdf,"County of Fresno, Public Works and Planning, Community Development Division - Harvest Calendar for Fresno County Crops (2018)",Lettuce: Mar-Apr/Oct-Dec,fetched,HARVEST_MONTHS_EXTRACTED,"Fresno County government calendar; labelled California per user ruling 24 Sep (""just label as California if it's from anywhere in California"")"
United States,California,Lettuce,vegetable,California,4,in_season,https://www.fresnocountyca.gov/files/sharedassets/county/v/1/public-works-and-planning/community-development-division/26803-harvest.pdf,"County of Fresno, Public Works and Planning, Community Development Division - Harvest Calendar for Fresno County Crops (2018)",Lettuce: Mar-Apr/Oct-Dec,fetched,HARVEST_MONTHS_EXTRACTED,"Fresno County government calendar; labelled California per user ruling 24 Sep (""just label as California if it's from anywhere in California"")"
United States,California,Lettuce,vegetable,California,5,not_listed,https://www.fresnocountyca.gov/files/sharedassets/county/v/1/public-works-and-planning/community-development-division/26803-harvest.pdf,"County of Fresno, Public Works and Planning, Community Development Division - Harvest Calendar for Fresno County Crops (2018)",Lettuce: Mar-Apr/Oct-Dec,fetched,HARVEST_MONTHS_EXTRACTED,"Fresno County government calendar; labelled California per user ruling 24 Sep (""just label as California if it's from anywhere in California"")"
United States,California,Lettuce,vegetable,California,6,not_listed,https://www.fresnocountyca.gov/files/sharedassets/county/v/1/public-works-and-planning/community-development-division/26803-harvest.pdf,"County of Fresno, Public Works and Planning, Community Development Division - Harvest Calendar for Fresno County Crops (2018)",Lettuce: Mar-Apr/Oct-Dec,fetched,HARVEST_MONTHS_EXTRACTED,"Fresno County government calendar; labelled California per user ruling 24 Sep (""just label as California if it's from anywhere in California"")"
United States,California,Lettuce,vegetable,California,7,not_listed,https://www.fresnocountyca.gov/files/sharedassets/county/v/1/public-works-and-planning/community-development-division/26803-harvest.pdf,"County of Fresno, Public Works and Planning, Community Development Division - Harvest Calendar for Fresno County Crops (2018)",Lettuce: Mar-Apr/Oct-Dec,fetched,HARVEST_MONTHS_EXTRACTED,"Fresno County government calendar; labelled California per user ruling 24 Sep (""just label as California if it's from anywhere in California"")"
United States,California,Lettuce,vegetable,California,8,not_listed,https://www.fresnocountyca.gov/files/sharedassets/county/v/1/public-works-and-planning/community-development-division/26803-harvest.pdf,"County of Fresno, Public Works and Planning, Community Development Division - Harvest Calendar for Fresno County Crops (2018)",Lettuce: Mar-Apr/Oct-Dec,fetched,HARVEST_MONTHS_EXTRACTED,"Fresno County government calendar; labelled California per user ruling 24 Sep (""just label as California if it's from anywhere in California"")"
United States,California,Lettuce,vegetable,California,9,not_listed,https://www.fresnocountyca.gov/files/sharedassets/county/v/1/public-works-and-planning/community-development-division/26803-harvest.pdf,"County of Fresno, Public Works and Planning, Community Development Division - Harvest Calendar for Fresno County Crops (2018)",Lettuce: Mar-Apr/Oct-Dec,fetched,HARVEST_MONTHS_EXTRACTED,"Fresno County government calendar; labelled California per user ruling 24 Sep (""just label as California if it's from anywhere in California"")"
United States,California,Lettuce,vegetable,California,10,in_season,https://www.fresnocountyca.gov/files/sharedassets/county/v/1/public-works-and-planning/community-development-division/26803-harvest.pdf,"County of Fresno, Public Works and Planning, Community Development Division - Harvest Calendar for Fresno County Crops (2018)",Lettuce: Mar-Apr/Oct-Dec,fetched,HARVEST_MONTHS_EXTRACTED,"Fresno County government calendar; labelled California per user ruling 24 Sep (""just label as California if it's from anywhere in California"")"
United States,California,Lettuce,vegetable,California,11,in_season,https://www.fresnocountyca.gov/files/sharedassets/county/v/1/public-works-and-planning/community-development-division/26803-harvest.pdf,"County of Fresno, Public Works and Planning, Community Development Division - Harvest Calendar for Fresno County Crops (2018)",Lettuce: Mar-Apr/Oct-Dec,fetched,HARVEST_MONTHS_EXTRACTED,"Fresno County government calendar; labelled California per user ruling 24 Sep (""just label as California if it's from anywhere in California"")"
United States,California,Lettuce,vegetable,California,12,in_season,https://www.fresnocountyca.gov/files/sharedassets/county/v/1/public-works-and-planning/community-development-division/26803-harvest.pdf,"County of Fresno, Public Works and Planning, Community Development Division - Harvest Calendar for Fresno County Crops (2018)",Lettuce: Mar-Apr/Oct-Dec,fetched,HARVEST_MONTHS_EXTRACTED,"Fresno County government calendar; labelled California per user ruling 24 Sep (""just label as California if it's from anywhere in California"")"
United States,California,Melon,fruit,California,1,not_listed,https://www.fresnocountyca.gov/files/sharedassets/county/v/1/public-works-and-planning/community-development-division/26803-harvest.pdf,"County of Fresno, Public Works and Planning, Community Development Division - Harvest Calendar for Fresno County Crops (2018)",Melons: June/mid-Oct,fetched,HARVEST_MONTHS_EXTRACTED,"Fresno County government calendar; labelled California per user ruling 24 Sep (""just label as California if it's from anywhere in California"")"
United States,California,Melon,fruit,California,2,not_listed,https://www.fresnocountyca.gov/files/sharedassets/county/v/1/public-works-and-planning/community-development-division/26803-harvest.pdf,"County of Fresno, Public Works and Planning, Community Development Division - Harvest Calendar for Fresno County Crops (2018)",Melons: June/mid-Oct,fetched,HARVEST_MONTHS_EXTRACTED,"Fresno County government calendar; labelled California per user ruling 24 Sep (""just label as California if it's from anywhere in California"")"
United States,California,Melon,fruit,California,3,not_listed,https://www.fresnocountyca.gov/files/sharedassets/county/v/1/public-works-and-planning/community-development-division/26803-harvest.pdf,"County of Fresno, Public Works and Planning, Community Development Division - Harvest Calendar for Fresno County Crops (2018)",Melons: June/mid-Oct,fetched,HARVEST_MONTHS_EXTRACTED,"Fresno County government calendar; labelled California per user ruling 24 Sep (""just label as California if it's from anywhere in California"")"
United States,California,Melon,fruit,California,4,not_listed,https://www.fresnocountyca.gov/files/sharedassets/county/v/1/public-works-and-planning/community-development-division/26803-harvest.pdf,"County of Fresno, Public Works and Planning, Community Development Division - Harvest Calendar for Fresno County Crops (2018)",Melons: June/mid-Oct,fetched,HARVEST_MONTHS_EXTRACTED,"Fresno County government calendar; labelled California per user ruling 24 Sep (""just label as California if it's from anywhere in California"")"
United States,California,Melon,fruit,California,5,not_listed,https://www.fresnocountyca.gov/files/sharedassets/county/v/1/public-works-and-planning/community-development-division/26803-harvest.pdf,"County of Fresno, Public Works and Planning, Community Development Division - Harvest Calendar for Fresno County Crops (2018)",Melons: June/mid-Oct,fetched,HARVEST_MONTHS_EXTRACTED,"Fresno County government calendar; labelled California per user ruling 24 Sep (""just label as California if it's from anywhere in California"")"
United States,California,Melon,fruit,California,6,in_season,https://www.fresnocountyca.gov/files/sharedassets/county/v/1/public-works-and-planning/community-development-division/26803-harvest.pdf,"County of Fresno, Public Works and Planning, Community Development Division - Harvest Calendar for Fresno County Crops (2018)",Melons: June/mid-Oct,fetched,HARVEST_MONTHS_EXTRACTED,"Fresno County government calendar; labelled California per user ruling 24 Sep (""just label as California if it's from anywhere in California"")"
United States,California,Melon,fruit,California,7,in_season,https://www.fresnocountyca.gov/files/sharedassets/county/v/1/public-works-and-planning/community-development-division/26803-harvest.pdf,"County of Fresno, Public Works and Planning, Community Development Division - Harvest Calendar for Fresno County Crops (2018)",Melons: June/mid-Oct,fetched,HARVEST_MONTHS_EXTRACTED,"Fresno County government calendar; labelled California per user ruling 24 Sep (""just label as California if it's from anywhere in California"")"
United States,California,Melon,fruit,California,8,in_season,https://www.fresnocountyca.gov/files/sharedassets/county/v/1/public-works-and-planning/community-development-division/26803-harvest.pdf,"County of Fresno, Public Works and Planning, Community Development Division - Harvest Calendar for Fresno County Crops (2018)",Melons: June/mid-Oct,fetched,HARVEST_MONTHS_EXTRACTED,"Fresno County government calendar; labelled California per user ruling 24 Sep (""just label as California if it's from anywhere in California"")"
United States,California,Melon,fruit,California,9,in_season,https://www.fresnocountyca.gov/files/sharedassets/county/v/1/public-works-and-planning/community-development-division/26803-harvest.pdf,"County of Fresno, Public Works and Planning, Community Development Division - Harvest Calendar for Fresno County Crops (2018)",Melons: June/mid-Oct,fetched,HARVEST_MONTHS_EXTRACTED,"Fresno County government calendar; labelled California per user ruling 24 Sep (""just label as California if it's from anywhere in California"")"
United States,California,Melon,fruit,California,10,in_season,https://www.fresnocountyca.gov/files/sharedassets/county/v/1/public-works-and-planning/community-development-division/26803-harvest.pdf,"County of Fresno, Public Works and Planning, Community Development Division - Harvest Calendar for Fresno County Crops (2018)",Melons: June/mid-Oct,fetched,HARVEST_MONTHS_EXTRACTED,"Fresno County government calendar; labelled California per user ruling 24 Sep (""just label as California if it's from anywhere in California"")"
United States,California,Melon,fruit,California,11,not_listed,https://www.fresnocountyca.gov/files/sharedassets/county/v/1/public-works-and-planning/community-development-division/26803-harvest.pdf,"County of Fresno, Public Works and Planning, Community Development Division - Harvest Calendar for Fresno County Crops (2018)",Melons: June/mid-Oct,fetched,HARVEST_MONTHS_EXTRACTED,"Fresno County government calendar; labelled California per user ruling 24 Sep (""just label as California if it's from anywhere in California"")"
United States,California,Melon,fruit,California,12,not_listed,https://www.fresnocountyca.gov/files/sharedassets/county/v/1/public-works-and-planning/community-development-division/26803-harvest.pdf,"County of Fresno, Public Works and Planning, Community Development Division - Harvest Calendar for Fresno County Crops (2018)",Melons: June/mid-Oct,fetched,HARVEST_MONTHS_EXTRACTED,"Fresno County government calendar; labelled California per user ruling 24 Sep (""just label as California if it's from anywhere in California"")"
United States,California,Onion,vegetable,California,1,not_listed,https://www.fresnocountyca.gov/files/sharedassets/county/v/1/public-works-and-planning/community-development-division/26803-harvest.pdf,"County of Fresno, Public Works and Planning, Community Development Division - Harvest Calendar for Fresno County Crops (2018)",Onions: Aug-Oct,fetched,HARVEST_MONTHS_EXTRACTED,"Fresno County government calendar; labelled California per user ruling 24 Sep (""just label as California if it's from anywhere in California"")"
United States,California,Onion,vegetable,California,2,not_listed,https://www.fresnocountyca.gov/files/sharedassets/county/v/1/public-works-and-planning/community-development-division/26803-harvest.pdf,"County of Fresno, Public Works and Planning, Community Development Division - Harvest Calendar for Fresno County Crops (2018)",Onions: Aug-Oct,fetched,HARVEST_MONTHS_EXTRACTED,"Fresno County government calendar; labelled California per user ruling 24 Sep (""just label as California if it's from anywhere in California"")"
United States,California,Onion,vegetable,California,3,not_listed,https://www.fresnocountyca.gov/files/sharedassets/county/v/1/public-works-and-planning/community-development-division/26803-harvest.pdf,"County of Fresno, Public Works and Planning, Community Development Division - Harvest Calendar for Fresno County Crops (2018)",Onions: Aug-Oct,fetched,HARVEST_MONTHS_EXTRACTED,"Fresno County government calendar; labelled California per user ruling 24 Sep (""just label as California if it's from anywhere in California"")"
United States,California,Onion,vegetable,California,4,not_listed,https://www.fresnocountyca.gov/files/sharedassets/county/v/1/public-works-and-planning/community-development-division/26803-harvest.pdf,"County of Fresno, Public Works and Planning, Community Development Division - Harvest Calendar for Fresno County Crops (2018)",Onions: Aug-Oct,fetched,HARVEST_MONTHS_EXTRACTED,"Fresno County government calendar; labelled California per user ruling 24 Sep (""just label as California if it's from anywhere in California"")"
United States,California,Onion,vegetable,California,5,not_listed,https://www.fresnocountyca.gov/files/sharedassets/county/v/1/public-works-and-planning/community-development-division/26803-harvest.pdf,"County of Fresno, Public Works and Planning, Community Development Division - Harvest Calendar for Fresno County Crops (2018)",Onions: Aug-Oct,fetched,HARVEST_MONTHS_EXTRACTED,"Fresno County government calendar; labelled California per user ruling 24 Sep (""just label as California if it's from anywhere in California"")"
United States,California,Onion,vegetable,California,6,not_listed,https://www.fresnocountyca.gov/files/sharedassets/county/v/1/public-works-and-planning/community-development-division/26803-harvest.pdf,"County of Fresno, Public Works and Planning, Community Development Division - Harvest Calendar for Fresno County Crops (2018)",Onions: Aug-Oct,fetched,HARVEST_MONTHS_EXTRACTED,"Fresno County government calendar; labelled California per user ruling 24 Sep (""just label as California if it's from anywhere in California"")"
United States,California,Onion,vegetable,California,7,not_listed,https://www.fresnocountyca.gov/files/sharedassets/county/v/1/public-works-and-planning/community-development-division/26803-harvest.pdf,"County of Fresno, Public Works and Planning, Community Development Division - Harvest Calendar for Fresno County Crops (2018)",Onions: Aug-Oct,fetched,HARVEST_MONTHS_EXTRACTED,"Fresno County government calendar; labelled California per user ruling 24 Sep (""just label as California if it's from anywhere in California"")"
United States,California,Onion,vegetable,California,8,in_season,https://www.fresnocountyca.gov/files/sharedassets/county/v/1/public-works-and-planning/community-development-division/26803-harvest.pdf,"County of Fresno, Public Works and Planning, Community Development Division - Harvest Calendar for Fresno County Crops (2018)",Onions: Aug-Oct,fetched,HARVEST_MONTHS_EXTRACTED,"Fresno County government calendar; labelled California per user ruling 24 Sep (""just label as California if it's from anywhere in California"")"
United States,California,Onion,vegetable,California,9,in_season,https://www.fresnocountyca.gov/files/sharedassets/county/v/1/public-works-and-planning/community-development-division/26803-harvest.pdf,"County of Fresno, Public Works and Planning, Community Development Division - Harvest Calendar for Fresno County Crops (2018)",Onions: Aug-Oct,fetched,HARVEST_MONTHS_EXTRACTED,"Fresno County government calendar; labelled California per user ruling 24 Sep (""just label as California if it's from anywhere in California"")"
United States,California,Onion,vegetable,California,10,in_season,https://www.fresnocountyca.gov/files/sharedassets/county/v/1/public-works-and-planning/community-development-division/26803-harvest.pdf,"County of Fresno, Public Works and Planning, Community Development Division - Harvest Calendar for Fresno County Crops (2018)",Onions: Aug-Oct,fetched,HARVEST_MONTHS_EXTRACTED,"Fresno County government calendar; labelled California per user ruling 24 Sep (""just label as California if it's from anywhere in California"")"
United States,California,Onion,vegetable,California,11,not_listed,https://www.fresnocountyca.gov/files/sharedassets/county/v/1/public-works-and-planning/community-development-division/26803-harvest.pdf,"County of Fresno, Public Works and Planning, Community Development Division - Harvest Calendar for Fresno County Crops (2018)",Onions: Aug-Oct,fetched,HARVEST_MONTHS_EXTRACTED,"Fresno County government calendar; labelled California per user ruling 24 Sep (""just label as California if it's from anywhere in California"")"
United States,California,Onion,vegetable,California,12,not_listed,https://www.fresnocountyca.gov/files/sharedassets/county/v/1/public-works-and-planning/community-development-division/26803-harvest.pdf,"County of Fresno, Public Works and Planning, Community Development Division - Harvest Calendar for Fresno County Crops (2018)",Onions: Aug-Oct,fetched,HARVEST_MONTHS_EXTRACTED,"Fresno County government calendar; labelled California per user ruling 24 Sep (""just label as California if it's from anywhere in California"")"
United States,California,Pea,vegetable,California,1,not_listed,https://www.fresnocountyca.gov/files/sharedassets/county/v/1/public-works-and-planning/community-development-division/26803-harvest.pdf,"County of Fresno, Public Works and Planning, Community Development Division - Harvest Calendar for Fresno County Crops (2018)",Peas: Feb-Apr/Aug-mid-Oct,fetched,HARVEST_MONTHS_EXTRACTED,"Fresno County government calendar; labelled California per user ruling 24 Sep (""just label as California if it's from anywhere in California"")"
United States,California,Pea,vegetable,California,2,in_season,https://www.fresnocountyca.gov/files/sharedassets/county/v/1/public-works-and-planning/community-development-division/26803-harvest.pdf,"County of Fresno, Public Works and Planning, Community Development Division - Harvest Calendar for Fresno County Crops (2018)",Peas: Feb-Apr/Aug-mid-Oct,fetched,HARVEST_MONTHS_EXTRACTED,"Fresno County government calendar; labelled California per user ruling 24 Sep (""just label as California if it's from anywhere in California"")"
United States,California,Pea,vegetable,California,3,in_season,https://www.fresnocountyca.gov/files/sharedassets/county/v/1/public-works-and-planning/community-development-division/26803-harvest.pdf,"County of Fresno, Public Works and Planning, Community Development Division - Harvest Calendar for Fresno County Crops (2018)",Peas: Feb-Apr/Aug-mid-Oct,fetched,HARVEST_MONTHS_EXTRACTED,"Fresno County government calendar; labelled California per user ruling 24 Sep (""just label as California if it's from anywhere in California"")"
United States,California,Pea,vegetable,California,4,in_season,https://www.fresnocountyca.gov/files/sharedassets/county/v/1/public-works-and-planning/community-development-division/26803-harvest.pdf,"County of Fresno, Public Works and Planning, Community Development Division - Harvest Calendar for Fresno County Crops (2018)",Peas: Feb-Apr/Aug-mid-Oct,fetched,HARVEST_MONTHS_EXTRACTED,"Fresno County government calendar; labelled California per user ruling 24 Sep (""just label as California if it's from anywhere in California"")"
United States,California,Pea,vegetable,California,5,not_listed,https://www.fresnocountyca.gov/files/sharedassets/county/v/1/public-works-and-planning/community-development-division/26803-harvest.pdf,"County of Fresno, Public Works and Planning, Community Development Division - Harvest Calendar for Fresno County Crops (2018)",Peas: Feb-Apr/Aug-mid-Oct,fetched,HARVEST_MONTHS_EXTRACTED,"Fresno County government calendar; labelled California per user ruling 24 Sep (""just label as California if it's from anywhere in California"")"
United States,California,Pea,vegetable,California,6,not_listed,https://www.fresnocountyca.gov/files/sharedassets/county/v/1/public-works-and-planning/community-development-division/26803-harvest.pdf,"County of Fresno, Public Works and Planning, Community Development Division - Harvest Calendar for Fresno County Crops (2018)",Peas: Feb-Apr/Aug-mid-Oct,fetched,HARVEST_MONTHS_EXTRACTED,"Fresno County government calendar; labelled California per user ruling 24 Sep (""just label as California if it's from anywhere in California"")"
United States,California,Pea,vegetable,California,7,not_listed,https://www.fresnocountyca.gov/files/sharedassets/county/v/1/public-works-and-planning/community-development-division/26803-harvest.pdf,"County of Fresno, Public Works and Planning, Community Development Division - Harvest Calendar for Fresno County Crops (2018)",Peas: Feb-Apr/Aug-mid-Oct,fetched,HARVEST_MONTHS_EXTRACTED,"Fresno County government calendar; labelled California per user ruling 24 Sep (""just label as California if it's from anywhere in California"")"
United States,California,Pea,vegetable,California,8,in_season,https://www.fresnocountyca.gov/files/sharedassets/county/v/1/public-works-and-planning/community-development-division/26803-harvest.pdf,"County of Fresno, Public Works and Planning, Community Development Division - Harvest Calendar for Fresno County Crops (2018)",Peas: Feb-Apr/Aug-mid-Oct,fetched,HARVEST_MONTHS_EXTRACTED,"Fresno County government calendar; labelled California per user ruling 24 Sep (""just label as California if it's from anywhere in California"")"
United States,California,Pea,vegetable,California,9,in_season,https://www.fresnocountyca.gov/files/sharedassets/county/v/1/public-works-and-planning/community-development-division/26803-harvest.pdf,"County of Fresno, Public Works and Planning, Community Development Division - Harvest Calendar for Fresno County Crops (2018)",Peas: Feb-Apr/Aug-mid-Oct,fetched,HARVEST_MONTHS_EXTRACTED,"Fresno County government calendar; labelled California per user ruling 24 Sep (""just label as California if it's from anywhere in California"")"
United States,California,Pea,vegetable,California,10,in_season,https://www.fresnocountyca.gov/files/sharedassets/county/v/1/public-works-and-planning/community-development-division/26803-harvest.pdf,"County of Fresno, Public Works and Planning, Community Development Division - Harvest Calendar for Fresno County Crops (2018)",Peas: Feb-Apr/Aug-mid-Oct,fetched,HARVEST_MONTHS_EXTRACTED,"Fresno County government calendar; labelled California per user ruling 24 Sep (""just label as California if it's from anywhere in California"")"
United States,California,Pea,vegetable,California,11,not_listed,https://www.fresnocountyca.gov/files/sharedassets/county/v/1/public-works-and-planning/community-development-division/26803-harvest.pdf,"County of Fresno, Public Works and Planning, Community Development Division - Harvest Calendar for Fresno County Crops (2018)",Peas: Feb-Apr/Aug-mid-Oct,fetched,HARVEST_MONTHS_EXTRACTED,"Fresno County government calendar; labelled California per user ruling 24 Sep (""just label as California if it's from anywhere in California"")"
United States,California,Pea,vegetable,California,12,not_listed,https://www.fresnocountyca.gov/files/sharedassets/county/v/1/public-works-and-planning/community-development-division/26803-harvest.pdf,"County of Fresno, Public Works and Planning, Community Development Division - Harvest Calendar for Fresno County Crops (2018)",Peas: Feb-Apr/Aug-mid-Oct,fetched,HARVEST_MONTHS_EXTRACTED,"Fresno County government calendar; labelled California per user ruling 24 Sep (""just label as California if it's from anywhere in California"")"
United States,California,Lima bean,vegetable,California,1,not_listed,https://www.fresnocountyca.gov/files/sharedassets/county/v/1/public-works-and-planning/community-development-division/26803-harvest.pdf,"County of Fresno, Public Works and Planning, Community Development Division - Harvest Calendar for Fresno County Crops (2018)",Limas: Feb-Apr/Aug-mid-Oct,fetched,HARVEST_MONTHS_EXTRACTED,"Fresno County government calendar; labelled California per user ruling 24 Sep (""just label as California if it's from anywhere in California"")"
United States,California,Lima bean,vegetable,California,2,in_season,https://www.fresnocountyca.gov/files/sharedassets/county/v/1/public-works-and-planning/community-development-division/26803-harvest.pdf,"County of Fresno, Public Works and Planning, Community Development Division - Harvest Calendar for Fresno County Crops (2018)",Limas: Feb-Apr/Aug-mid-Oct,fetched,HARVEST_MONTHS_EXTRACTED,"Fresno County government calendar; labelled California per user ruling 24 Sep (""just label as California if it's from anywhere in California"")"
United States,California,Lima bean,vegetable,California,3,in_season,https://www.fresnocountyca.gov/files/sharedassets/county/v/1/public-works-and-planning/community-development-division/26803-harvest.pdf,"County of Fresno, Public Works and Planning, Community Development Division - Harvest Calendar for Fresno County Crops (2018)",Limas: Feb-Apr/Aug-mid-Oct,fetched,HARVEST_MONTHS_EXTRACTED,"Fresno County government calendar; labelled California per user ruling 24 Sep (""just label as California if it's from anywhere in California"")"
United States,California,Lima bean,vegetable,California,4,in_season,https://www.fresnocountyca.gov/files/sharedassets/county/v/1/public-works-and-planning/community-development-division/26803-harvest.pdf,"County of Fresno, Public Works and Planning, Community Development Division - Harvest Calendar for Fresno County Crops (2018)",Limas: Feb-Apr/Aug-mid-Oct,fetched,HARVEST_MONTHS_EXTRACTED,"Fresno County government calendar; labelled California per user ruling 24 Sep (""just label as California if it's from anywhere in California"")"
United States,California,Lima bean,vegetable,California,5,not_listed,https://www.fresnocountyca.gov/files/sharedassets/county/v/1/public-works-and-planning/community-development-division/26803-harvest.pdf,"County of Fresno, Public Works and Planning, Community Development Division - Harvest Calendar for Fresno County Crops (2018)",Limas: Feb-Apr/Aug-mid-Oct,fetched,HARVEST_MONTHS_EXTRACTED,"Fresno County government calendar; labelled California per user ruling 24 Sep (""just label as California if it's from anywhere in California"")"
United States,California,Lima bean,vegetable,California,6,not_listed,https://www.fresnocountyca.gov/files/sharedassets/county/v/1/public-works-and-planning/community-development-division/26803-harvest.pdf,"County of Fresno, Public Works and Planning, Community Development Division - Harvest Calendar for Fresno County Crops (2018)",Limas: Feb-Apr/Aug-mid-Oct,fetched,HARVEST_MONTHS_EXTRACTED,"Fresno County government calendar; labelled California per user ruling 24 Sep (""just label as California if it's from anywhere in California"")"
United States,California,Lima bean,vegetable,California,7,not_listed,https://www.fresnocountyca.gov/files/sharedassets/county/v/1/public-works-and-planning/community-development-division/26803-harvest.pdf,"County of Fresno, Public Works and Planning, Community Development Division - Harvest Calendar for Fresno County Crops (2018)",Limas: Feb-Apr/Aug-mid-Oct,fetched,HARVEST_MONTHS_EXTRACTED,"Fresno County government calendar; labelled California per user ruling 24 Sep (""just label as California if it's from anywhere in California"")"
United States,California,Lima bean,vegetable,California,8,in_season,https://www.fresnocountyca.gov/files/sharedassets/county/v/1/public-works-and-planning/community-development-division/26803-harvest.pdf,"County of Fresno, Public Works and Planning, Community Development Division - Harvest Calendar for Fresno County Crops (2018)",Limas: Feb-Apr/Aug-mid-Oct,fetched,HARVEST_MONTHS_EXTRACTED,"Fresno County government calendar; labelled California per user ruling 24 Sep (""just label as California if it's from anywhere in California"")"
United States,California,Lima bean,vegetable,California,9,in_season,https://www.fresnocountyca.gov/files/sharedassets/county/v/1/public-works-and-planning/community-development-division/26803-harvest.pdf,"County of Fresno, Public Works and Planning, Community Development Division - Harvest Calendar for Fresno County Crops (2018)",Limas: Feb-Apr/Aug-mid-Oct,fetched,HARVEST_MONTHS_EXTRACTED,"Fresno County government calendar; labelled California per user ruling 24 Sep (""just label as California if it's from anywhere in California"")"
United States,California,Lima bean,vegetable,California,10,in_season,https://www.fresnocountyca.gov/files/sharedassets/county/v/1/public-works-and-planning/community-development-division/26803-harvest.pdf,"County of Fresno, Public Works and Planning, Community Development Division - Harvest Calendar for Fresno County Crops (2018)",Limas: Feb-Apr/Aug-mid-Oct,fetched,HARVEST_MONTHS_EXTRACTED,"Fresno County government calendar; labelled California per user ruling 24 Sep (""just label as California if it's from anywhere in California"")"
United States,California,Lima bean,vegetable,California,11,not_listed,https://www.fresnocountyca.gov/files/sharedassets/county/v/1/public-works-and-planning/community-development-division/26803-harvest.pdf,"County of Fresno, Public Works and Planning, Community Development Division - Harvest Calendar for Fresno County Crops (2018)",Limas: Feb-Apr/Aug-mid-Oct,fetched,HARVEST_MONTHS_EXTRACTED,"Fresno County government calendar; labelled California per user ruling 24 Sep (""just label as California if it's from anywhere in California"")"
United States,California,Lima bean,vegetable,California,12,not_listed,https://www.fresnocountyca.gov/files/sharedassets/county/v/1/public-works-and-planning/community-development-division/26803-harvest.pdf,"County of Fresno, Public Works and Planning, Community Development Division - Harvest Calendar for Fresno County Crops (2018)",Limas: Feb-Apr/Aug-mid-Oct,fetched,HARVEST_MONTHS_EXTRACTED,"Fresno County government calendar; labelled California per user ruling 24 Sep (""just label as California if it's from anywhere in California"")"
United States,California,Snap bean,vegetable,California,1,not_listed,https://www.fresnocountyca.gov/files/sharedassets/county/v/1/public-works-and-planning/community-development-division/26803-harvest.pdf,"County of Fresno, Public Works and Planning, Community Development Division - Harvest Calendar for Fresno County Crops (2018)",Snap Beans: Feb-Apr/Aug-mid-Oct,fetched,HARVEST_MONTHS_EXTRACTED,"Fresno County government calendar; labelled California per user ruling 24 Sep (""just label as California if it's from anywhere in California"")"
United States,California,Snap bean,vegetable,California,2,in_season,https://www.fresnocountyca.gov/files/sharedassets/county/v/1/public-works-and-planning/community-development-division/26803-harvest.pdf,"County of Fresno, Public Works and Planning, Community Development Division - Harvest Calendar for Fresno County Crops (2018)",Snap Beans: Feb-Apr/Aug-mid-Oct,fetched,HARVEST_MONTHS_EXTRACTED,"Fresno County government calendar; labelled California per user ruling 24 Sep (""just label as California if it's from anywhere in California"")"
United States,California,Snap bean,vegetable,California,3,in_season,https://www.fresnocountyca.gov/files/sharedassets/county/v/1/public-works-and-planning/community-development-division/26803-harvest.pdf,"County of Fresno, Public Works and Planning, Community Development Division - Harvest Calendar for Fresno County Crops (2018)",Snap Beans: Feb-Apr/Aug-mid-Oct,fetched,HARVEST_MONTHS_EXTRACTED,"Fresno County government calendar; labelled California per user ruling 24 Sep (""just label as California if it's from anywhere in California"")"
United States,California,Snap bean,vegetable,California,4,in_season,https://www.fresnocountyca.gov/files/sharedassets/county/v/1/public-works-and-planning/community-development-division/26803-harvest.pdf,"County of Fresno, Public Works and Planning, Community Development Division - Harvest Calendar for Fresno County Crops (2018)",Snap Beans: Feb-Apr/Aug-mid-Oct,fetched,HARVEST_MONTHS_EXTRACTED,"Fresno County government calendar; labelled California per user ruling 24 Sep (""just label as California if it's from anywhere in California"")"
United States,California,Snap bean,vegetable,California,5,not_listed,https://www.fresnocountyca.gov/files/sharedassets/county/v/1/public-works-and-planning/community-development-division/26803-harvest.pdf,"County of Fresno, Public Works and Planning, Community Development Division - Harvest Calendar for Fresno County Crops (2018)",Snap Beans: Feb-Apr/Aug-mid-Oct,fetched,HARVEST_MONTHS_EXTRACTED,"Fresno County government calendar; labelled California per user ruling 24 Sep (""just label as California if it's from anywhere in California"")"
United States,California,Snap bean,vegetable,California,6,not_listed,https://www.fresnocountyca.gov/files/sharedassets/county/v/1/public-works-and-planning/community-development-division/26803-harvest.pdf,"County of Fresno, Public Works and Planning, Community Development Division - Harvest Calendar for Fresno County Crops (2018)",Snap Beans: Feb-Apr/Aug-mid-Oct,fetched,HARVEST_MONTHS_EXTRACTED,"Fresno County government calendar; labelled California per user ruling 24 Sep (""just label as California if it's from anywhere in California"")"
United States,California,Snap bean,vegetable,California,7,not_listed,https://www.fresnocountyca.gov/files/sharedassets/county/v/1/public-works-and-planning/community-development-division/26803-harvest.pdf,"County of Fresno, Public Works and Planning, Community Development Division - Harvest Calendar for Fresno County Crops (2018)",Snap Beans: Feb-Apr/Aug-mid-Oct,fetched,HARVEST_MONTHS_EXTRACTED,"Fresno County government calendar; labelled California per user ruling 24 Sep (""just label as California if it's from anywhere in California"")"
United States,California,Snap bean,vegetable,California,8,in_season,https://www.fresnocountyca.gov/files/sharedassets/county/v/1/public-works-and-planning/community-development-division/26803-harvest.pdf,"County of Fresno, Public Works and Planning, Community Development Division - Harvest Calendar for Fresno County Crops (2018)",Snap Beans: Feb-Apr/Aug-mid-Oct,fetched,HARVEST_MONTHS_EXTRACTED,"Fresno County government calendar; labelled California per user ruling 24 Sep (""just label as California if it's from anywhere in California"")"
United States,California,Snap bean,vegetable,California,9,in_season,https://www.fresnocountyca.gov/files/sharedassets/county/v/1/public-works-and-planning/community-development-division/26803-harvest.pdf,"County of Fresno, Public Works and Planning, Community Development Division - Harvest Calendar for Fresno County Crops (2018)",Snap Beans: Feb-Apr/Aug-mid-Oct,fetched,HARVEST_MONTHS_EXTRACTED,"Fresno County government calendar; labelled California per user ruling 24 Sep (""just label as California if it's from anywhere in California"")"
United States,California,Snap bean,vegetable,California,10,in_season,https://www.fresnocountyca.gov/files/sharedassets/county/v/1/public-works-and-planning/community-development-division/26803-harvest.pdf,"County of Fresno, Public Works and Planning, Community Development Division - Harvest Calendar for Fresno County Crops (2018)",Snap Beans: Feb-Apr/Aug-mid-Oct,fetched,HARVEST_MONTHS_EXTRACTED,"Fresno County government calendar; labelled California per user ruling 24 Sep (""just label as California if it's from anywhere in California"")"
United States,California,Snap bean,vegetable,California,11,not_listed,https://www.fresnocountyca.gov/files/sharedassets/county/v/1/public-works-and-planning/community-development-division/26803-harvest.pdf,"County of Fresno, Public Works and Planning, Community Development Division - Harvest Calendar for Fresno County Crops (2018)",Snap Beans: Feb-Apr/Aug-mid-Oct,fetched,HARVEST_MONTHS_EXTRACTED,"Fresno County government calendar; labelled California per user ruling 24 Sep (""just label as California if it's from anywhere in California"")"
United States,California,Snap bean,vegetable,California,12,not_listed,https://www.fresnocountyca.gov/files/sharedassets/county/v/1/public-works-and-planning/community-development-division/26803-harvest.pdf,"County of Fresno, Public Works and Planning, Community Development Division - Harvest Calendar for Fresno County Crops (2018)",Snap Beans: Feb-Apr/Aug-mid-Oct,fetched,HARVEST_MONTHS_EXTRACTED,"Fresno County government calendar; labelled California per user ruling 24 Sep (""just label as California if it's from anywhere in California"")"
United States,California,Pumpkin,vegetable,California,1,not_listed,https://www.fresnocountyca.gov/files/sharedassets/county/v/1/public-works-and-planning/community-development-division/26803-harvest.pdf,"County of Fresno, Public Works and Planning, Community Development Division - Harvest Calendar for Fresno County Crops (2018)",Pumpkins: Oct,fetched,HARVEST_MONTHS_EXTRACTED,"Fresno County government calendar; labelled California per user ruling 24 Sep (""just label as California if it's from anywhere in California"")"
United States,California,Pumpkin,vegetable,California,2,not_listed,https://www.fresnocountyca.gov/files/sharedassets/county/v/1/public-works-and-planning/community-development-division/26803-harvest.pdf,"County of Fresno, Public Works and Planning, Community Development Division - Harvest Calendar for Fresno County Crops (2018)",Pumpkins: Oct,fetched,HARVEST_MONTHS_EXTRACTED,"Fresno County government calendar; labelled California per user ruling 24 Sep (""just label as California if it's from anywhere in California"")"
United States,California,Pumpkin,vegetable,California,3,not_listed,https://www.fresnocountyca.gov/files/sharedassets/county/v/1/public-works-and-planning/community-development-division/26803-harvest.pdf,"County of Fresno, Public Works and Planning, Community Development Division - Harvest Calendar for Fresno County Crops (2018)",Pumpkins: Oct,fetched,HARVEST_MONTHS_EXTRACTED,"Fresno County government calendar; labelled California per user ruling 24 Sep (""just label as California if it's from anywhere in California"")"
United States,California,Pumpkin,vegetable,California,4,not_listed,https://www.fresnocountyca.gov/files/sharedassets/county/v/1/public-works-and-planning/community-development-division/26803-harvest.pdf,"County of Fresno, Public Works and Planning, Community Development Division - Harvest Calendar for Fresno County Crops (2018)",Pumpkins: Oct,fetched,HARVEST_MONTHS_EXTRACTED,"Fresno County government calendar; labelled California per user ruling 24 Sep (""just label as California if it's from anywhere in California"")"
United States,California,Pumpkin,vegetable,California,5,not_listed,https://www.fresnocountyca.gov/files/sharedassets/county/v/1/public-works-and-planning/community-development-division/26803-harvest.pdf,"County of Fresno, Public Works and Planning, Community Development Division - Harvest Calendar for Fresno County Crops (2018)",Pumpkins: Oct,fetched,HARVEST_MONTHS_EXTRACTED,"Fresno County government calendar; labelled California per user ruling 24 Sep (""just label as California if it's from anywhere in California"")"
United States,California,Pumpkin,vegetable,California,6,not_listed,https://www.fresnocountyca.gov/files/sharedassets/county/v/1/public-works-and-planning/community-development-division/26803-harvest.pdf,"County of Fresno, Public Works and Planning, Community Development Division - Harvest Calendar for Fresno County Crops (2018)",Pumpkins: Oct,fetched,HARVEST_MONTHS_EXTRACTED,"Fresno County government calendar; labelled California per user ruling 24 Sep (""just label as California if it's from anywhere in California"")"
United States,California,Pumpkin,vegetable,California,7,not_listed,https://www.fresnocountyca.gov/files/sharedassets/county/v/1/public-works-and-planning/community-development-division/26803-harvest.pdf,"County of Fresno, Public Works and Planning, Community Development Division - Harvest Calendar for Fresno County Crops (2018)",Pumpkins: Oct,fetched,HARVEST_MONTHS_EXTRACTED,"Fresno County government calendar; labelled California per user ruling 24 Sep (""just label as California if it's from anywhere in California"")"
United States,California,Pumpkin,vegetable,California,8,not_listed,https://www.fresnocountyca.gov/files/sharedassets/county/v/1/public-works-and-planning/community-development-division/26803-harvest.pdf,"County of Fresno, Public Works and Planning, Community Development Division - Harvest Calendar for Fresno County Crops (2018)",Pumpkins: Oct,fetched,HARVEST_MONTHS_EXTRACTED,"Fresno County government calendar; labelled California per user ruling 24 Sep (""just label as California if it's from anywhere in California"")"
United States,California,Pumpkin,vegetable,California,9,not_listed,https://www.fresnocountyca.gov/files/sharedassets/county/v/1/public-works-and-planning/community-development-division/26803-harvest.pdf,"County of Fresno, Public Works and Planning, Community Development Division - Harvest Calendar for Fresno County Crops (2018)",Pumpkins: Oct,fetched,HARVEST_MONTHS_EXTRACTED,"Fresno County government calendar; labelled California per user ruling 24 Sep (""just label as California if it's from anywhere in California"")"
United States,California,Pumpkin,vegetable,California,10,in_season,https://www.fresnocountyca.gov/files/sharedassets/county/v/1/public-works-and-planning/community-development-division/26803-harvest.pdf,"County of Fresno, Public Works and Planning, Community Development Division - Harvest Calendar for Fresno County Crops (2018)",Pumpkins: Oct,fetched,HARVEST_MONTHS_EXTRACTED,"Fresno County government calendar; labelled California per user ruling 24 Sep (""just label as California if it's from anywhere in California"")"
United States,California,Pumpkin,vegetable,California,11,not_listed,https://www.fresnocountyca.gov/files/sharedassets/county/v/1/public-works-and-planning/community-development-division/26803-harvest.pdf,"County of Fresno, Public Works and Planning, Community Development Division - Harvest Calendar for Fresno County Crops (2018)",Pumpkins: Oct,fetched,HARVEST_MONTHS_EXTRACTED,"Fresno County government calendar; labelled California per user ruling 24 Sep (""just label as California if it's from anywhere in California"")"
United States,California,Pumpkin,vegetable,California,12,not_listed,https://www.fresnocountyca.gov/files/sharedassets/county/v/1/public-works-and-planning/community-development-division/26803-harvest.pdf,"County of Fresno, Public Works and Planning, Community Development Division - Harvest Calendar for Fresno County Crops (2018)",Pumpkins: Oct,fetched,HARVEST_MONTHS_EXTRACTED,"Fresno County government calendar; labelled California per user ruling 24 Sep (""just label as California if it's from anywhere in California"")"
United States,California,Radish,vegetable,California,1,not_listed,https://www.fresnocountyca.gov/files/sharedassets/county/v/1/public-works-and-planning/community-development-division/26803-harvest.pdf,"County of Fresno, Public Works and Planning, Community Development Division - Harvest Calendar for Fresno County Crops (2018)",Radishes: Mar-May,fetched,HARVEST_MONTHS_EXTRACTED,"Fresno County government calendar; labelled California per user ruling 24 Sep (""just label as California if it's from anywhere in California"")"
United States,California,Radish,vegetable,California,2,not_listed,https://www.fresnocountyca.gov/files/sharedassets/county/v/1/public-works-and-planning/community-development-division/26803-harvest.pdf,"County of Fresno, Public Works and Planning, Community Development Division - Harvest Calendar for Fresno County Crops (2018)",Radishes: Mar-May,fetched,HARVEST_MONTHS_EXTRACTED,"Fresno County government calendar; labelled California per user ruling 24 Sep (""just label as California if it's from anywhere in California"")"
United States,California,Radish,vegetable,California,3,in_season,https://www.fresnocountyca.gov/files/sharedassets/county/v/1/public-works-and-planning/community-development-division/26803-harvest.pdf,"County of Fresno, Public Works and Planning, Community Development Division - Harvest Calendar for Fresno County Crops (2018)",Radishes: Mar-May,fetched,HARVEST_MONTHS_EXTRACTED,"Fresno County government calendar; labelled California per user ruling 24 Sep (""just label as California if it's from anywhere in California"")"
United States,California,Radish,vegetable,California,4,in_season,https://www.fresnocountyca.gov/files/sharedassets/county/v/1/public-works-and-planning/community-development-division/26803-harvest.pdf,"County of Fresno, Public Works and Planning, Community Development Division - Harvest Calendar for Fresno County Crops (2018)",Radishes: Mar-May,fetched,HARVEST_MONTHS_EXTRACTED,"Fresno County government calendar; labelled California per user ruling 24 Sep (""just label as California if it's from anywhere in California"")"
United States,California,Radish,vegetable,California,5,in_season,https://www.fresnocountyca.gov/files/sharedassets/county/v/1/public-works-and-planning/community-development-division/26803-harvest.pdf,"County of Fresno, Public Works and Planning, Community Development Division - Harvest Calendar for Fresno County Crops (2018)",Radishes: Mar-May,fetched,HARVEST_MONTHS_EXTRACTED,"Fresno County government calendar; labelled California per user ruling 24 Sep (""just label as California if it's from anywhere in California"")"
United States,California,Radish,vegetable,California,6,not_listed,https://www.fresnocountyca.gov/files/sharedassets/county/v/1/public-works-and-planning/community-development-division/26803-harvest.pdf,"County of Fresno, Public Works and Planning, Community Development Division - Harvest Calendar for Fresno County Crops (2018)",Radishes: Mar-May,fetched,HARVEST_MONTHS_EXTRACTED,"Fresno County government calendar; labelled California per user ruling 24 Sep (""just label as California if it's from anywhere in California"")"
United States,California,Radish,vegetable,California,7,not_listed,https://www.fresnocountyca.gov/files/sharedassets/county/v/1/public-works-and-planning/community-development-division/26803-harvest.pdf,"County of Fresno, Public Works and Planning, Community Development Division - Harvest Calendar for Fresno County Crops (2018)",Radishes: Mar-May,fetched,HARVEST_MONTHS_EXTRACTED,"Fresno County government calendar; labelled California per user ruling 24 Sep (""just label as California if it's from anywhere in California"")"
United States,California,Radish,vegetable,California,8,not_listed,https://www.fresnocountyca.gov/files/sharedassets/county/v/1/public-works-and-planning/community-development-division/26803-harvest.pdf,"County of Fresno, Public Works and Planning, Community Development Division - Harvest Calendar for Fresno County Crops (2018)",Radishes: Mar-May,fetched,HARVEST_MONTHS_EXTRACTED,"Fresno County government calendar; labelled California per user ruling 24 Sep (""just label as California if it's from anywhere in California"")"
United States,California,Radish,vegetable,California,9,not_listed,https://www.fresnocountyca.gov/files/sharedassets/county/v/1/public-works-and-planning/community-development-division/26803-harvest.pdf,"County of Fresno, Public Works and Planning, Community Development Division - Harvest Calendar for Fresno County Crops (2018)",Radishes: Mar-May,fetched,HARVEST_MONTHS_EXTRACTED,"Fresno County government calendar; labelled California per user ruling 24 Sep (""just label as California if it's from anywhere in California"")"
United States,California,Radish,vegetable,California,10,not_listed,https://www.fresnocountyca.gov/files/sharedassets/county/v/1/public-works-and-planning/community-development-division/26803-harvest.pdf,"County of Fresno, Public Works and Planning, Community Development Division - Harvest Calendar for Fresno County Crops (2018)",Radishes: Mar-May,fetched,HARVEST_MONTHS_EXTRACTED,"Fresno County government calendar; labelled California per user ruling 24 Sep (""just label as California if it's from anywhere in California"")"
United States,California,Radish,vegetable,California,11,not_listed,https://www.fresnocountyca.gov/files/sharedassets/county/v/1/public-works-and-planning/community-development-division/26803-harvest.pdf,"County of Fresno, Public Works and Planning, Community Development Division - Harvest Calendar for Fresno County Crops (2018)",Radishes: Mar-May,fetched,HARVEST_MONTHS_EXTRACTED,"Fresno County government calendar; labelled California per user ruling 24 Sep (""just label as California if it's from anywhere in California"")"
United States,California,Radish,vegetable,California,12,not_listed,https://www.fresnocountyca.gov/files/sharedassets/county/v/1/public-works-and-planning/community-development-division/26803-harvest.pdf,"County of Fresno, Public Works and Planning, Community Development Division - Harvest Calendar for Fresno County Crops (2018)",Radishes: Mar-May,fetched,HARVEST_MONTHS_EXTRACTED,"Fresno County government calendar; labelled California per user ruling 24 Sep (""just label as California if it's from anywhere in California"")"
United States,California,Strawberry,fruit,California,1,not_listed,https://www.fresnocountyca.gov/files/sharedassets/county/v/1/public-works-and-planning/community-development-division/26803-harvest.pdf,"County of Fresno, Public Works and Planning, Community Development Division - Harvest Calendar for Fresno County Crops (2018)",Strawberries: May-Sept,fetched,HARVEST_MONTHS_EXTRACTED,"Fresno County government calendar; labelled California per user ruling 24 Sep (""just label as California if it's from anywhere in California"")"
United States,California,Strawberry,fruit,California,2,not_listed,https://www.fresnocountyca.gov/files/sharedassets/county/v/1/public-works-and-planning/community-development-division/26803-harvest.pdf,"County of Fresno, Public Works and Planning, Community Development Division - Harvest Calendar for Fresno County Crops (2018)",Strawberries: May-Sept,fetched,HARVEST_MONTHS_EXTRACTED,"Fresno County government calendar; labelled California per user ruling 24 Sep (""just label as California if it's from anywhere in California"")"
United States,California,Strawberry,fruit,California,3,not_listed,https://www.fresnocountyca.gov/files/sharedassets/county/v/1/public-works-and-planning/community-development-division/26803-harvest.pdf,"County of Fresno, Public Works and Planning, Community Development Division - Harvest Calendar for Fresno County Crops (2018)",Strawberries: May-Sept,fetched,HARVEST_MONTHS_EXTRACTED,"Fresno County government calendar; labelled California per user ruling 24 Sep (""just label as California if it's from anywhere in California"")"
United States,California,Strawberry,fruit,California,4,not_listed,https://www.fresnocountyca.gov/files/sharedassets/county/v/1/public-works-and-planning/community-development-division/26803-harvest.pdf,"County of Fresno, Public Works and Planning, Community Development Division - Harvest Calendar for Fresno County Crops (2018)",Strawberries: May-Sept,fetched,HARVEST_MONTHS_EXTRACTED,"Fresno County government calendar; labelled California per user ruling 24 Sep (""just label as California if it's from anywhere in California"")"
United States,California,Strawberry,fruit,California,5,in_season,https://www.fresnocountyca.gov/files/sharedassets/county/v/1/public-works-and-planning/community-development-division/26803-harvest.pdf,"County of Fresno, Public Works and Planning, Community Development Division - Harvest Calendar for Fresno County Crops (2018)",Strawberries: May-Sept,fetched,HARVEST_MONTHS_EXTRACTED,"Fresno County government calendar; labelled California per user ruling 24 Sep (""just label as California if it's from anywhere in California"")"
United States,California,Strawberry,fruit,California,6,in_season,https://www.fresnocountyca.gov/files/sharedassets/county/v/1/public-works-and-planning/community-development-division/26803-harvest.pdf,"County of Fresno, Public Works and Planning, Community Development Division - Harvest Calendar for Fresno County Crops (2018)",Strawberries: May-Sept,fetched,HARVEST_MONTHS_EXTRACTED,"Fresno County government calendar; labelled California per user ruling 24 Sep (""just label as California if it's from anywhere in California"")"
United States,California,Strawberry,fruit,California,7,in_season,https://www.fresnocountyca.gov/files/sharedassets/county/v/1/public-works-and-planning/community-development-division/26803-harvest.pdf,"County of Fresno, Public Works and Planning, Community Development Division - Harvest Calendar for Fresno County Crops (2018)",Strawberries: May-Sept,fetched,HARVEST_MONTHS_EXTRACTED,"Fresno County government calendar; labelled California per user ruling 24 Sep (""just label as California if it's from anywhere in California"")"
United States,California,Strawberry,fruit,California,8,in_season,https://www.fresnocountyca.gov/files/sharedassets/county/v/1/public-works-and-planning/community-development-division/26803-harvest.pdf,"County of Fresno, Public Works and Planning, Community Development Division - Harvest Calendar for Fresno County Crops (2018)",Strawberries: May-Sept,fetched,HARVEST_MONTHS_EXTRACTED,"Fresno County government calendar; labelled California per user ruling 24 Sep (""just label as California if it's from anywhere in California"")"
United States,California,Strawberry,fruit,California,9,in_season,https://www.fresnocountyca.gov/files/sharedassets/county/v/1/public-works-and-planning/community-development-division/26803-harvest.pdf,"County of Fresno, Public Works and Planning, Community Development Division - Harvest Calendar for Fresno County Crops (2018)",Strawberries: May-Sept,fetched,HARVEST_MONTHS_EXTRACTED,"Fresno County government calendar; labelled California per user ruling 24 Sep (""just label as California if it's from anywhere in California"")"
United States,California,Strawberry,fruit,California,10,not_listed,https://www.fresnocountyca.gov/files/sharedassets/county/v/1/public-works-and-planning/community-development-division/26803-harvest.pdf,"County of Fresno, Public Works and Planning, Community Development Division - Harvest Calendar for Fresno County Crops (2018)",Strawberries: May-Sept,fetched,HARVEST_MONTHS_EXTRACTED,"Fresno County government calendar; labelled California per user ruling 24 Sep (""just label as California if it's from anywhere in California"")"
United States,California,Strawberry,fruit,California,11,not_listed,https://www.fresnocountyca.gov/files/sharedassets/county/v/1/public-works-and-planning/community-development-division/26803-harvest.pdf,"County of Fresno, Public Works and Planning, Community Development Division - Harvest Calendar for Fresno County Crops (2018)",Strawberries: May-Sept,fetched,HARVEST_MONTHS_EXTRACTED,"Fresno County government calendar; labelled California per user ruling 24 Sep (""just label as California if it's from anywhere in California"")"
United States,California,Strawberry,fruit,California,12,not_listed,https://www.fresnocountyca.gov/files/sharedassets/county/v/1/public-works-and-planning/community-development-division/26803-harvest.pdf,"County of Fresno, Public Works and Planning, Community Development Division - Harvest Calendar for Fresno County Crops (2018)",Strawberries: May-Sept,fetched,HARVEST_MONTHS_EXTRACTED,"Fresno County government calendar; labelled California per user ruling 24 Sep (""just label as California if it's from anywhere in California"")"
United States,California,Sweet corn,vegetable,California,1,not_listed,https://www.fresnocountyca.gov/files/sharedassets/county/v/1/public-works-and-planning/community-development-division/26803-harvest.pdf,"County of Fresno, Public Works and Planning, Community Development Division - Harvest Calendar for Fresno County Crops (2018)",Sweet Corn: mid-July/mid-Oct,fetched,HARVEST_MONTHS_EXTRACTED,"Fresno County government calendar; labelled California per user ruling 24 Sep (""just label as California if it's from anywhere in California"")"
United States,California,Sweet corn,vegetable,California,2,not_listed,https://www.fresnocountyca.gov/files/sharedassets/county/v/1/public-works-and-planning/community-development-division/26803-harvest.pdf,"County of Fresno, Public Works and Planning, Community Development Division - Harvest Calendar for Fresno County Crops (2018)",Sweet Corn: mid-July/mid-Oct,fetched,HARVEST_MONTHS_EXTRACTED,"Fresno County government calendar; labelled California per user ruling 24 Sep (""just label as California if it's from anywhere in California"")"
United States,California,Sweet corn,vegetable,California,3,not_listed,https://www.fresnocountyca.gov/files/sharedassets/county/v/1/public-works-and-planning/community-development-division/26803-harvest.pdf,"County of Fresno, Public Works and Planning, Community Development Division - Harvest Calendar for Fresno County Crops (2018)",Sweet Corn: mid-July/mid-Oct,fetched,HARVEST_MONTHS_EXTRACTED,"Fresno County government calendar; labelled California per user ruling 24 Sep (""just label as California if it's from anywhere in California"")"
United States,California,Sweet corn,vegetable,California,4,not_listed,https://www.fresnocountyca.gov/files/sharedassets/county/v/1/public-works-and-planning/community-development-division/26803-harvest.pdf,"County of Fresno, Public Works and Planning, Community Development Division - Harvest Calendar for Fresno County Crops (2018)",Sweet Corn: mid-July/mid-Oct,fetched,HARVEST_MONTHS_EXTRACTED,"Fresno County government calendar; labelled California per user ruling 24 Sep (""just label as California if it's from anywhere in California"")"
United States,California,Sweet corn,vegetable,California,5,not_listed,https://www.fresnocountyca.gov/files/sharedassets/county/v/1/public-works-and-planning/community-development-division/26803-harvest.pdf,"County of Fresno, Public Works and Planning, Community Development Division - Harvest Calendar for Fresno County Crops (2018)",Sweet Corn: mid-July/mid-Oct,fetched,HARVEST_MONTHS_EXTRACTED,"Fresno County government calendar; labelled California per user ruling 24 Sep (""just label as California if it's from anywhere in California"")"
United States,California,Sweet corn,vegetable,California,6,not_listed,https://www.fresnocountyca.gov/files/sharedassets/county/v/1/public-works-and-planning/community-development-division/26803-harvest.pdf,"County of Fresno, Public Works and Planning, Community Development Division - Harvest Calendar for Fresno County Crops (2018)",Sweet Corn: mid-July/mid-Oct,fetched,HARVEST_MONTHS_EXTRACTED,"Fresno County government calendar; labelled California per user ruling 24 Sep (""just label as California if it's from anywhere in California"")"
United States,California,Sweet corn,vegetable,California,7,in_season,https://www.fresnocountyca.gov/files/sharedassets/county/v/1/public-works-and-planning/community-development-division/26803-harvest.pdf,"County of Fresno, Public Works and Planning, Community Development Division - Harvest Calendar for Fresno County Crops (2018)",Sweet Corn: mid-July/mid-Oct,fetched,HARVEST_MONTHS_EXTRACTED,"Fresno County government calendar; labelled California per user ruling 24 Sep (""just label as California if it's from anywhere in California"")"
United States,California,Sweet corn,vegetable,California,8,in_season,https://www.fresnocountyca.gov/files/sharedassets/county/v/1/public-works-and-planning/community-development-division/26803-harvest.pdf,"County of Fresno, Public Works and Planning, Community Development Division - Harvest Calendar for Fresno County Crops (2018)",Sweet Corn: mid-July/mid-Oct,fetched,HARVEST_MONTHS_EXTRACTED,"Fresno County government calendar; labelled California per user ruling 24 Sep (""just label as California if it's from anywhere in California"")"
United States,California,Sweet corn,vegetable,California,9,in_season,https://www.fresnocountyca.gov/files/sharedassets/county/v/1/public-works-and-planning/community-development-division/26803-harvest.pdf,"County of Fresno, Public Works and Planning, Community Development Division - Harvest Calendar for Fresno County Crops (2018)",Sweet Corn: mid-July/mid-Oct,fetched,HARVEST_MONTHS_EXTRACTED,"Fresno County government calendar; labelled California per user ruling 24 Sep (""just label as California if it's from anywhere in California"")"
United States,California,Sweet corn,vegetable,California,10,in_season,https://www.fresnocountyca.gov/files/sharedassets/county/v/1/public-works-and-planning/community-development-division/26803-harvest.pdf,"County of Fresno, Public Works and Planning, Community Development Division - Harvest Calendar for Fresno County Crops (2018)",Sweet Corn: mid-July/mid-Oct,fetched,HARVEST_MONTHS_EXTRACTED,"Fresno County government calendar; labelled California per user ruling 24 Sep (""just label as California if it's from anywhere in California"")"
United States,California,Sweet corn,vegetable,California,11,not_listed,https://www.fresnocountyca.gov/files/sharedassets/county/v/1/public-works-and-planning/community-development-division/26803-harvest.pdf,"County of Fresno, Public Works and Planning, Community Development Division - Harvest Calendar for Fresno County Crops (2018)",Sweet Corn: mid-July/mid-Oct,fetched,HARVEST_MONTHS_EXTRACTED,"Fresno County government calendar; labelled California per user ruling 24 Sep (""just label as California if it's from anywhere in California"")"
United States,California,Sweet corn,vegetable,California,12,not_listed,https://www.fresnocountyca.gov/files/sharedassets/county/v/1/public-works-and-planning/community-development-division/26803-harvest.pdf,"County of Fresno, Public Works and Planning, Community Development Division - Harvest Calendar for Fresno County Crops (2018)",Sweet Corn: mid-July/mid-Oct,fetched,HARVEST_MONTHS_EXTRACTED,"Fresno County government calendar; labelled California per user ruling 24 Sep (""just label as California if it's from anywhere in California"")"
United States,California,Sweet potato / yam,vegetable,California,1,not_listed,https://www.fresnocountyca.gov/files/sharedassets/county/v/1/public-works-and-planning/community-development-division/26803-harvest.pdf,"County of Fresno, Public Works and Planning, Community Development Division - Harvest Calendar for Fresno County Crops (2018)",Sweet Potatoes/Yams: Nov-Dec/mid-Feb-mid-Mar,fetched,HARVEST_MONTHS_EXTRACTED,"Fresno County government calendar; labelled California per user ruling 24 Sep (""just label as California if it's from anywhere in California"")"
United States,California,Sweet potato / yam,vegetable,California,2,in_season,https://www.fresnocountyca.gov/files/sharedassets/county/v/1/public-works-and-planning/community-development-division/26803-harvest.pdf,"County of Fresno, Public Works and Planning, Community Development Division - Harvest Calendar for Fresno County Crops (2018)",Sweet Potatoes/Yams: Nov-Dec/mid-Feb-mid-Mar,fetched,HARVEST_MONTHS_EXTRACTED,"Fresno County government calendar; labelled California per user ruling 24 Sep (""just label as California if it's from anywhere in California"")"
United States,California,Sweet potato / yam,vegetable,California,3,in_season,https://www.fresnocountyca.gov/files/sharedassets/county/v/1/public-works-and-planning/community-development-division/26803-harvest.pdf,"County of Fresno, Public Works and Planning, Community Development Division - Harvest Calendar for Fresno County Crops (2018)",Sweet Potatoes/Yams: Nov-Dec/mid-Feb-mid-Mar,fetched,HARVEST_MONTHS_EXTRACTED,"Fresno County government calendar; labelled California per user ruling 24 Sep (""just label as California if it's from anywhere in California"")"
United States,California,Sweet potato / yam,vegetable,California,4,not_listed,https://www.fresnocountyca.gov/files/sharedassets/county/v/1/public-works-and-planning/community-development-division/26803-harvest.pdf,"County of Fresno, Public Works and Planning, Community Development Division - Harvest Calendar for Fresno County Crops (2018)",Sweet Potatoes/Yams: Nov-Dec/mid-Feb-mid-Mar,fetched,HARVEST_MONTHS_EXTRACTED,"Fresno County government calendar; labelled California per user ruling 24 Sep (""just label as California if it's from anywhere in California"")"
United States,California,Sweet potato / yam,vegetable,California,5,not_listed,https://www.fresnocountyca.gov/files/sharedassets/county/v/1/public-works-and-planning/community-development-division/26803-harvest.pdf,"County of Fresno, Public Works and Planning, Community Development Division - Harvest Calendar for Fresno County Crops (2018)",Sweet Potatoes/Yams: Nov-Dec/mid-Feb-mid-Mar,fetched,HARVEST_MONTHS_EXTRACTED,"Fresno County government calendar; labelled California per user ruling 24 Sep (""just label as California if it's from anywhere in California"")"
United States,California,Sweet potato / yam,vegetable,California,6,not_listed,https://www.fresnocountyca.gov/files/sharedassets/county/v/1/public-works-and-planning/community-development-division/26803-harvest.pdf,"County of Fresno, Public Works and Planning, Community Development Division - Harvest Calendar for Fresno County Crops (2018)",Sweet Potatoes/Yams: Nov-Dec/mid-Feb-mid-Mar,fetched,HARVEST_MONTHS_EXTRACTED,"Fresno County government calendar; labelled California per user ruling 24 Sep (""just label as California if it's from anywhere in California"")"
United States,California,Sweet potato / yam,vegetable,California,7,not_listed,https://www.fresnocountyca.gov/files/sharedassets/county/v/1/public-works-and-planning/community-development-division/26803-harvest.pdf,"County of Fresno, Public Works and Planning, Community Development Division - Harvest Calendar for Fresno County Crops (2018)",Sweet Potatoes/Yams: Nov-Dec/mid-Feb-mid-Mar,fetched,HARVEST_MONTHS_EXTRACTED,"Fresno County government calendar; labelled California per user ruling 24 Sep (""just label as California if it's from anywhere in California"")"
United States,California,Sweet potato / yam,vegetable,California,8,not_listed,https://www.fresnocountyca.gov/files/sharedassets/county/v/1/public-works-and-planning/community-development-division/26803-harvest.pdf,"County of Fresno, Public Works and Planning, Community Development Division - Harvest Calendar for Fresno County Crops (2018)",Sweet Potatoes/Yams: Nov-Dec/mid-Feb-mid-Mar,fetched,HARVEST_MONTHS_EXTRACTED,"Fresno County government calendar; labelled California per user ruling 24 Sep (""just label as California if it's from anywhere in California"")"
United States,California,Sweet potato / yam,vegetable,California,9,not_listed,https://www.fresnocountyca.gov/files/sharedassets/county/v/1/public-works-and-planning/community-development-division/26803-harvest.pdf,"County of Fresno, Public Works and Planning, Community Development Division - Harvest Calendar for Fresno County Crops (2018)",Sweet Potatoes/Yams: Nov-Dec/mid-Feb-mid-Mar,fetched,HARVEST_MONTHS_EXTRACTED,"Fresno County government calendar; labelled California per user ruling 24 Sep (""just label as California if it's from anywhere in California"")"
United States,California,Sweet potato / yam,vegetable,California,10,not_listed,https://www.fresnocountyca.gov/files/sharedassets/county/v/1/public-works-and-planning/community-development-division/26803-harvest.pdf,"County of Fresno, Public Works and Planning, Community Development Division - Harvest Calendar for Fresno County Crops (2018)",Sweet Potatoes/Yams: Nov-Dec/mid-Feb-mid-Mar,fetched,HARVEST_MONTHS_EXTRACTED,"Fresno County government calendar; labelled California per user ruling 24 Sep (""just label as California if it's from anywhere in California"")"
United States,California,Sweet potato / yam,vegetable,California,11,in_season,https://www.fresnocountyca.gov/files/sharedassets/county/v/1/public-works-and-planning/community-development-division/26803-harvest.pdf,"County of Fresno, Public Works and Planning, Community Development Division - Harvest Calendar for Fresno County Crops (2018)",Sweet Potatoes/Yams: Nov-Dec/mid-Feb-mid-Mar,fetched,HARVEST_MONTHS_EXTRACTED,"Fresno County government calendar; labelled California per user ruling 24 Sep (""just label as California if it's from anywhere in California"")"
United States,California,Sweet potato / yam,vegetable,California,12,in_season,https://www.fresnocountyca.gov/files/sharedassets/county/v/1/public-works-and-planning/community-development-division/26803-harvest.pdf,"County of Fresno, Public Works and Planning, Community Development Division - Harvest Calendar for Fresno County Crops (2018)",Sweet Potatoes/Yams: Nov-Dec/mid-Feb-mid-Mar,fetched,HARVEST_MONTHS_EXTRACTED,"Fresno County government calendar; labelled California per user ruling 24 Sep (""just label as California if it's from anywhere in California"")"
United States,California,Tomato,vegetable,California,1,not_listed,https://www.fresnocountyca.gov/files/sharedassets/county/v/1/public-works-and-planning/community-development-division/26803-harvest.pdf,"County of Fresno, Public Works and Planning, Community Development Division - Harvest Calendar for Fresno County Crops (2018)",Tomatoes: June/mid-Aug and Sept/mid-Nov,fetched,HARVEST_MONTHS_EXTRACTED,"Fresno County government calendar; labelled California per user ruling 24 Sep (""just label as California if it's from anywhere in California"")"
United States,California,Tomato,vegetable,California,2,not_listed,https://www.fresnocountyca.gov/files/sharedassets/county/v/1/public-works-and-planning/community-development-division/26803-harvest.pdf,"County of Fresno, Public Works and Planning, Community Development Division - Harvest Calendar for Fresno County Crops (2018)",Tomatoes: June/mid-Aug and Sept/mid-Nov,fetched,HARVEST_MONTHS_EXTRACTED,"Fresno County government calendar; labelled California per user ruling 24 Sep (""just label as California if it's from anywhere in California"")"
United States,California,Tomato,vegetable,California,3,not_listed,https://www.fresnocountyca.gov/files/sharedassets/county/v/1/public-works-and-planning/community-development-division/26803-harvest.pdf,"County of Fresno, Public Works and Planning, Community Development Division - Harvest Calendar for Fresno County Crops (2018)",Tomatoes: June/mid-Aug and Sept/mid-Nov,fetched,HARVEST_MONTHS_EXTRACTED,"Fresno County government calendar; labelled California per user ruling 24 Sep (""just label as California if it's from anywhere in California"")"
United States,California,Tomato,vegetable,California,4,not_listed,https://www.fresnocountyca.gov/files/sharedassets/county/v/1/public-works-and-planning/community-development-division/26803-harvest.pdf,"County of Fresno, Public Works and Planning, Community Development Division - Harvest Calendar for Fresno County Crops (2018)",Tomatoes: June/mid-Aug and Sept/mid-Nov,fetched,HARVEST_MONTHS_EXTRACTED,"Fresno County government calendar; labelled California per user ruling 24 Sep (""just label as California if it's from anywhere in California"")"
United States,California,Tomato,vegetable,California,5,not_listed,https://www.fresnocountyca.gov/files/sharedassets/county/v/1/public-works-and-planning/community-development-division/26803-harvest.pdf,"County of Fresno, Public Works and Planning, Community Development Division - Harvest Calendar for Fresno County Crops (2018)",Tomatoes: June/mid-Aug and Sept/mid-Nov,fetched,HARVEST_MONTHS_EXTRACTED,"Fresno County government calendar; labelled California per user ruling 24 Sep (""just label as California if it's from anywhere in California"")"
United States,California,Tomato,vegetable,California,6,in_season,https://www.fresnocountyca.gov/files/sharedassets/county/v/1/public-works-and-planning/community-development-division/26803-harvest.pdf,"County of Fresno, Public Works and Planning, Community Development Division - Harvest Calendar for Fresno County Crops (2018)",Tomatoes: June/mid-Aug and Sept/mid-Nov,fetched,HARVEST_MONTHS_EXTRACTED,"Fresno County government calendar; labelled California per user ruling 24 Sep (""just label as California if it's from anywhere in California"")"
United States,California,Tomato,vegetable,California,7,in_season,https://www.fresnocountyca.gov/files/sharedassets/county/v/1/public-works-and-planning/community-development-division/26803-harvest.pdf,"County of Fresno, Public Works and Planning, Community Development Division - Harvest Calendar for Fresno County Crops (2018)",Tomatoes: June/mid-Aug and Sept/mid-Nov,fetched,HARVEST_MONTHS_EXTRACTED,"Fresno County government calendar; labelled California per user ruling 24 Sep (""just label as California if it's from anywhere in California"")"
United States,California,Tomato,vegetable,California,8,in_season,https://www.fresnocountyca.gov/files/sharedassets/county/v/1/public-works-and-planning/community-development-division/26803-harvest.pdf,"County of Fresno, Public Works and Planning, Community Development Division - Harvest Calendar for Fresno County Crops (2018)",Tomatoes: June/mid-Aug and Sept/mid-Nov,fetched,HARVEST_MONTHS_EXTRACTED,"Fresno County government calendar; labelled California per user ruling 24 Sep (""just label as California if it's from anywhere in California"")"
United States,California,Tomato,vegetable,California,9,in_season,https://www.fresnocountyca.gov/files/sharedassets/county/v/1/public-works-and-planning/community-development-division/26803-harvest.pdf,"County of Fresno, Public Works and Planning, Community Development Division - Harvest Calendar for Fresno County Crops (2018)",Tomatoes: June/mid-Aug and Sept/mid-Nov,fetched,HARVEST_MONTHS_EXTRACTED,"Fresno County government calendar; labelled California per user ruling 24 Sep (""just label as California if it's from anywhere in California"")"
United States,California,Tomato,vegetable,California,10,in_season,https://www.fresnocountyca.gov/files/sharedassets/county/v/1/public-works-and-planning/community-development-division/26803-harvest.pdf,"County of Fresno, Public Works and Planning, Community Development Division - Harvest Calendar for Fresno County Crops (2018)",Tomatoes: June/mid-Aug and Sept/mid-Nov,fetched,HARVEST_MONTHS_EXTRACTED,"Fresno County government calendar; labelled California per user ruling 24 Sep (""just label as California if it's from anywhere in California"")"
United States,California,Tomato,vegetable,California,11,in_season,https://www.fresnocountyca.gov/files/sharedassets/county/v/1/public-works-and-planning/community-development-division/26803-harvest.pdf,"County of Fresno, Public Works and Planning, Community Development Division - Harvest Calendar for Fresno County Crops (2018)",Tomatoes: June/mid-Aug and Sept/mid-Nov,fetched,HARVEST_MONTHS_EXTRACTED,"Fresno County government calendar; labelled California per user ruling 24 Sep (""just label as California if it's from anywhere in California"")"
United States,California,Tomato,vegetable,California,12,not_listed,https://www.fresnocountyca.gov/files/sharedassets/county/v/1/public-works-and-planning/community-development-division/26803-harvest.pdf,"County of Fresno, Public Works and Planning, Community Development Division - Harvest Calendar for Fresno County Crops (2018)",Tomatoes: June/mid-Aug and Sept/mid-Nov,fetched,HARVEST_MONTHS_EXTRACTED,"Fresno County government calendar; labelled California per user ruling 24 Sep (""just label as California if it's from anywhere in California"")"
United States,California,Turnip,vegetable,California,1,in_season,https://www.fresnocountyca.gov/files/sharedassets/county/v/1/public-works-and-planning/community-development-division/26803-harvest.pdf,"County of Fresno, Public Works and Planning, Community Development Division - Harvest Calendar for Fresno County Crops (2018)",Turnips: Nov-Jan.Mar-Apr,fetched,HARVEST_MONTHS_EXTRACTED,"Fresno County government calendar; labelled California per user ruling 24 Sep (""just label as California if it's from anywhere in California"")"
United States,California,Turnip,vegetable,California,2,not_listed,https://www.fresnocountyca.gov/files/sharedassets/county/v/1/public-works-and-planning/community-development-division/26803-harvest.pdf,"County of Fresno, Public Works and Planning, Community Development Division - Harvest Calendar for Fresno County Crops (2018)",Turnips: Nov-Jan.Mar-Apr,fetched,HARVEST_MONTHS_EXTRACTED,"Fresno County government calendar; labelled California per user ruling 24 Sep (""just label as California if it's from anywhere in California"")"
United States,California,Turnip,vegetable,California,3,in_season,https://www.fresnocountyca.gov/files/sharedassets/county/v/1/public-works-and-planning/community-development-division/26803-harvest.pdf,"County of Fresno, Public Works and Planning, Community Development Division - Harvest Calendar for Fresno County Crops (2018)",Turnips: Nov-Jan.Mar-Apr,fetched,HARVEST_MONTHS_EXTRACTED,"Fresno County government calendar; labelled California per user ruling 24 Sep (""just label as California if it's from anywhere in California"")"
United States,California,Turnip,vegetable,California,4,in_season,https://www.fresnocountyca.gov/files/sharedassets/county/v/1/public-works-and-planning/community-development-division/26803-harvest.pdf,"County of Fresno, Public Works and Planning, Community Development Division - Harvest Calendar for Fresno County Crops (2018)",Turnips: Nov-Jan.Mar-Apr,fetched,HARVEST_MONTHS_EXTRACTED,"Fresno County government calendar; labelled California per user ruling 24 Sep (""just label as California if it's from anywhere in California"")"
United States,California,Turnip,vegetable,California,5,not_listed,https://www.fresnocountyca.gov/files/sharedassets/county/v/1/public-works-and-planning/community-development-division/26803-harvest.pdf,"County of Fresno, Public Works and Planning, Community Development Division - Harvest Calendar for Fresno County Crops (2018)",Turnips: Nov-Jan.Mar-Apr,fetched,HARVEST_MONTHS_EXTRACTED,"Fresno County government calendar; labelled California per user ruling 24 Sep (""just label as California if it's from anywhere in California"")"
United States,California,Turnip,vegetable,California,6,not_listed,https://www.fresnocountyca.gov/files/sharedassets/county/v/1/public-works-and-planning/community-development-division/26803-harvest.pdf,"County of Fresno, Public Works and Planning, Community Development Division - Harvest Calendar for Fresno County Crops (2018)",Turnips: Nov-Jan.Mar-Apr,fetched,HARVEST_MONTHS_EXTRACTED,"Fresno County government calendar; labelled California per user ruling 24 Sep (""just label as California if it's from anywhere in California"")"
United States,California,Turnip,vegetable,California,7,not_listed,https://www.fresnocountyca.gov/files/sharedassets/county/v/1/public-works-and-planning/community-development-division/26803-harvest.pdf,"County of Fresno, Public Works and Planning, Community Development Division - Harvest Calendar for Fresno County Crops (2018)",Turnips: Nov-Jan.Mar-Apr,fetched,HARVEST_MONTHS_EXTRACTED,"Fresno County government calendar; labelled California per user ruling 24 Sep (""just label as California if it's from anywhere in California"")"
United States,California,Turnip,vegetable,California,8,not_listed,https://www.fresnocountyca.gov/files/sharedassets/county/v/1/public-works-and-planning/community-development-division/26803-harvest.pdf,"County of Fresno, Public Works and Planning, Community Development Division - Harvest Calendar for Fresno County Crops (2018)",Turnips: Nov-Jan.Mar-Apr,fetched,HARVEST_MONTHS_EXTRACTED,"Fresno County government calendar; labelled California per user ruling 24 Sep (""just label as California if it's from anywhere in California"")"
United States,California,Turnip,vegetable,California,9,not_listed,https://www.fresnocountyca.gov/files/sharedassets/county/v/1/public-works-and-planning/community-development-division/26803-harvest.pdf,"County of Fresno, Public Works and Planning, Community Development Division - Harvest Calendar for Fresno County Crops (2018)",Turnips: Nov-Jan.Mar-Apr,fetched,HARVEST_MONTHS_EXTRACTED,"Fresno County government calendar; labelled California per user ruling 24 Sep (""just label as California if it's from anywhere in California"")"
United States,California,Turnip,vegetable,California,10,not_listed,https://www.fresnocountyca.gov/files/sharedassets/county/v/1/public-works-and-planning/community-development-division/26803-harvest.pdf,"County of Fresno, Public Works and Planning, Community Development Division - Harvest Calendar for Fresno County Crops (2018)",Turnips: Nov-Jan.Mar-Apr,fetched,HARVEST_MONTHS_EXTRACTED,"Fresno County government calendar; labelled California per user ruling 24 Sep (""just label as California if it's from anywhere in California"")"
United States,California,Turnip,vegetable,California,11,in_season,https://www.fresnocountyca.gov/files/sharedassets/county/v/1/public-works-and-planning/community-development-division/26803-harvest.pdf,"County of Fresno, Public Works and Planning, Community Development Division - Harvest Calendar for Fresno County Crops (2018)",Turnips: Nov-Jan.Mar-Apr,fetched,HARVEST_MONTHS_EXTRACTED,"Fresno County government calendar; labelled California per user ruling 24 Sep (""just label as California if it's from anywhere in California"")"
United States,California,Turnip,vegetable,California,12,in_season,https://www.fresnocountyca.gov/files/sharedassets/county/v/1/public-works-and-planning/community-development-division/26803-harvest.pdf,"County of Fresno, Public Works and Planning, Community Development Division - Harvest Calendar for Fresno County Crops (2018)",Turnips: Nov-Jan.Mar-Apr,fetched,HARVEST_MONTHS_EXTRACTED,"Fresno County government calendar; labelled California per user ruling 24 Sep (""just label as California if it's from anywhere in California"")"
United States,California,Artichoke,vegetable,"California (centre: Castroville, Monterey County)",1,in_season,https://artichokes.org/recipes-and-such/california-artichoke-facts,California Artichoke Advisory Board,"Artichoke production occurs year-round, but nearly one-third the crop is harvested between March and May. There is another smaller peak that generally happens in October.",fetched,HARVEST_MONTHS_COMPOSED,v1.1 R1-R8 pass (everyday-basket gap). Peaks Mar-May and Oct.
United States,California,Artichoke,vegetable,"California (centre: Castroville, Monterey County)",2,in_season,https://artichokes.org/recipes-and-such/california-artichoke-facts,California Artichoke Advisory Board,"Artichoke production occurs year-round, but nearly one-third the crop is harvested between March and May. There is another smaller peak that generally happens in October.",fetched,HARVEST_MONTHS_COMPOSED,v1.1 R1-R8 pass (everyday-basket gap). Peaks Mar-May and Oct.
United States,California,Artichoke,vegetable,"California (centre: Castroville, Monterey County)",3,peak,https://artichokes.org/recipes-and-such/california-artichoke-facts,California Artichoke Advisory Board,"Artichoke production occurs year-round, but nearly one-third the crop is harvested between March and May. There is another smaller peak that generally happens in October.",fetched,HARVEST_MONTHS_COMPOSED,v1.1 R1-R8 pass (everyday-basket gap). Peaks Mar-May and Oct.
United States,California,Artichoke,vegetable,"California (centre: Castroville, Monterey County)",4,peak,https://artichokes.org/recipes-and-such/california-artichoke-facts,California Artichoke Advisory Board,"Artichoke production occurs year-round, but nearly one-third the crop is harvested between March and May. There is another smaller peak that generally happens in October.",fetched,HARVEST_MONTHS_COMPOSED,v1.1 R1-R8 pass (everyday-basket gap). Peaks Mar-May and Oct.
United States,California,Artichoke,vegetable,"California (centre: Castroville, Monterey County)",5,peak,https://artichokes.org/recipes-and-such/california-artichoke-facts,California Artichoke Advisory Board,"Artichoke production occurs year-round, but nearly one-third the crop is harvested between March and May. There is another smaller peak that generally happens in October.",fetched,HARVEST_MONTHS_COMPOSED,v1.1 R1-R8 pass (everyday-basket gap). Peaks Mar-May and Oct.
United States,California,Artichoke,vegetable,"California (centre: Castroville, Monterey County)",6,in_season,https://artichokes.org/recipes-and-such/california-artichoke-facts,California Artichoke Advisory Board,"Artichoke production occurs year-round, but nearly one-third the crop is harvested between March and May. There is another smaller peak that generally happens in October.",fetched,HARVEST_MONTHS_COMPOSED,v1.1 R1-R8 pass (everyday-basket gap). Peaks Mar-May and Oct.
United States,California,Artichoke,vegetable,"California (centre: Castroville, Monterey County)",7,in_season,https://artichokes.org/recipes-and-such/california-artichoke-facts,California Artichoke Advisory Board,"Artichoke production occurs year-round, but nearly one-third the crop is harvested between March and May. There is another smaller peak that generally happens in October.",fetched,HARVEST_MONTHS_COMPOSED,v1.1 R1-R8 pass (everyday-basket gap). Peaks Mar-May and Oct.
United States,California,Artichoke,vegetable,"California (centre: Castroville, Monterey County)",8,in_season,https://artichokes.org/recipes-and-such/california-artichoke-facts,California Artichoke Advisory Board,"Artichoke production occurs year-round, but nearly one-third the crop is harvested between March and May. There is another smaller peak that generally happens in October.",fetched,HARVEST_MONTHS_COMPOSED,v1.1 R1-R8 pass (everyday-basket gap). Peaks Mar-May and Oct.
United States,California,Artichoke,vegetable,"California (centre: Castroville, Monterey County)",9,in_season,https://artichokes.org/recipes-and-such/california-artichoke-facts,California Artichoke Advisory Board,"Artichoke production occurs year-round, but nearly one-third the crop is harvested between March and May. There is another smaller peak that generally happens in October.",fetched,HARVEST_MONTHS_COMPOSED,v1.1 R1-R8 pass (everyday-basket gap). Peaks Mar-May and Oct.
United States,California,Artichoke,vegetable,"California (centre: Castroville, Monterey County)",10,peak,https://artichokes.org/recipes-and-such/california-artichoke-facts,California Artichoke Advisory Board,"Artichoke production occurs year-round, but nearly one-third the crop is harvested between March and May. There is another smaller peak that generally happens in October.",fetched,HARVEST_MONTHS_COMPOSED,v1.1 R1-R8 pass (everyday-basket gap). Peaks Mar-May and Oct.
United States,California,Artichoke,vegetable,"California (centre: Castroville, Monterey County)",11,in_season,https://artichokes.org/recipes-and-such/california-artichoke-facts,California Artichoke Advisory Board,"Artichoke production occurs year-round, but nearly one-third the crop is harvested between March and May. There is another smaller peak that generally happens in October.",fetched,HARVEST_MONTHS_COMPOSED,v1.1 R1-R8 pass (everyday-basket gap). Peaks Mar-May and Oct.
United States,California,Artichoke,vegetable,"California (centre: Castroville, Monterey County)",12,in_season,https://artichokes.org/recipes-and-such/california-artichoke-facts,California Artichoke Advisory Board,"Artichoke production occurs year-round, but nearly one-third the crop is harvested between March and May. There is another smaller peak that generally happens in October.",fetched,HARVEST_MONTHS_COMPOSED,v1.1 R1-R8 pass (everyday-basket gap). Peaks Mar-May and Oct.
United States,California,Date,fruit,Coachella Valley,1,not_listed,https://cvindependent.com/2025/11/cv-history-dates-the-coachella-valleys-top-agricultural-crop-were-introduced,Coachella Valley Independent (2025-11-18),Dates ripen in six to seven months and are harvested from September through December.,fetched,HARVEST_MONTHS_COMPOSED,v1.1 R1-R8 pass (everyday-basket gap). Regional press.
United States,California,Date,fruit,Coachella Valley,2,not_listed,https://cvindependent.com/2025/11/cv-history-dates-the-coachella-valleys-top-agricultural-crop-were-introduced,Coachella Valley Independent (2025-11-18),Dates ripen in six to seven months and are harvested from September through December.,fetched,HARVEST_MONTHS_COMPOSED,v1.1 R1-R8 pass (everyday-basket gap). Regional press.
United States,California,Date,fruit,Coachella Valley,3,not_listed,https://cvindependent.com/2025/11/cv-history-dates-the-coachella-valleys-top-agricultural-crop-were-introduced,Coachella Valley Independent (2025-11-18),Dates ripen in six to seven months and are harvested from September through December.,fetched,HARVEST_MONTHS_COMPOSED,v1.1 R1-R8 pass (everyday-basket gap). Regional press.
United States,California,Date,fruit,Coachella Valley,4,not_listed,https://cvindependent.com/2025/11/cv-history-dates-the-coachella-valleys-top-agricultural-crop-were-introduced,Coachella Valley Independent (2025-11-18),Dates ripen in six to seven months and are harvested from September through December.,fetched,HARVEST_MONTHS_COMPOSED,v1.1 R1-R8 pass (everyday-basket gap). Regional press.
United States,California,Date,fruit,Coachella Valley,5,not_listed,https://cvindependent.com/2025/11/cv-history-dates-the-coachella-valleys-top-agricultural-crop-were-introduced,Coachella Valley Independent (2025-11-18),Dates ripen in six to seven months and are harvested from September through December.,fetched,HARVEST_MONTHS_COMPOSED,v1.1 R1-R8 pass (everyday-basket gap). Regional press.
United States,California,Date,fruit,Coachella Valley,6,not_listed,https://cvindependent.com/2025/11/cv-history-dates-the-coachella-valleys-top-agricultural-crop-were-introduced,Coachella Valley Independent (2025-11-18),Dates ripen in six to seven months and are harvested from September through December.,fetched,HARVEST_MONTHS_COMPOSED,v1.1 R1-R8 pass (everyday-basket gap). Regional press.
United States,California,Date,fruit,Coachella Valley,7,not_listed,https://cvindependent.com/2025/11/cv-history-dates-the-coachella-valleys-top-agricultural-crop-were-introduced,Coachella Valley Independent (2025-11-18),Dates ripen in six to seven months and are harvested from September through December.,fetched,HARVEST_MONTHS_COMPOSED,v1.1 R1-R8 pass (everyday-basket gap). Regional press.
United States,California,Date,fruit,Coachella Valley,8,not_listed,https://cvindependent.com/2025/11/cv-history-dates-the-coachella-valleys-top-agricultural-crop-were-introduced,Coachella Valley Independent (2025-11-18),Dates ripen in six to seven months and are harvested from September through December.,fetched,HARVEST_MONTHS_COMPOSED,v1.1 R1-R8 pass (everyday-basket gap). Regional press.
United States,California,Date,fruit,Coachella Valley,9,in_season,https://cvindependent.com/2025/11/cv-history-dates-the-coachella-valleys-top-agricultural-crop-were-introduced,Coachella Valley Independent (2025-11-18),Dates ripen in six to seven months and are harvested from September through December.,fetched,HARVEST_MONTHS_COMPOSED,v1.1 R1-R8 pass (everyday-basket gap). Regional press.
United States,California,Date,fruit,Coachella Valley,10,in_season,https://cvindependent.com/2025/11/cv-history-dates-the-coachella-valleys-top-agricultural-crop-were-introduced,Coachella Valley Independent (2025-11-18),Dates ripen in six to seven months and are harvested from September through December.,fetched,HARVEST_MONTHS_COMPOSED,v1.1 R1-R8 pass (everyday-basket gap). Regional press.
United States,California,Date,fruit,Coachella Valley,11,in_season,https://cvindependent.com/2025/11/cv-history-dates-the-coachella-valleys-top-agricultural-crop-were-introduced,Coachella Valley Independent (2025-11-18),Dates ripen in six to seven months and are harvested from September through December.,fetched,HARVEST_MONTHS_COMPOSED,v1.1 R1-R8 pass (everyday-basket gap). Regional press.
United States,California,Date,fruit,Coachella Valley,12,in_season,https://cvindependent.com/2025/11/cv-history-dates-the-coachella-valleys-top-agricultural-crop-were-introduced,Coachella Valley Independent (2025-11-18),Dates ripen in six to seven months and are harvested from September through December.,fetched,HARVEST_MONTHS_COMPOSED,v1.1 R1-R8 pass (everyday-basket gap). Regional press.
United States,California,Mandarin,fruit,"California (Cuties growers, San Joaquin Valley)",1,in_season,https://www.theproducenerd.com/2016/12/how-cuties-are-harvested-packed/,"The Produce Nerd (2016-12-14, packer tour)",There is an approximate six month Cuties harvesting and packing window between November and April,fetched,HARVEST_MONTHS_COMPOSED,"v1.1 R1-R8 pass (everyday-basket gap). Trade blog from a packer visit; older source, flagged."
United States,California,Mandarin,fruit,"California (Cuties growers, San Joaquin Valley)",2,in_season,https://www.theproducenerd.com/2016/12/how-cuties-are-harvested-packed/,"The Produce Nerd (2016-12-14, packer tour)",There is an approximate six month Cuties harvesting and packing window between November and April,fetched,HARVEST_MONTHS_COMPOSED,"v1.1 R1-R8 pass (everyday-basket gap). Trade blog from a packer visit; older source, flagged."
United States,California,Mandarin,fruit,"California (Cuties growers, San Joaquin Valley)",3,in_season,https://www.theproducenerd.com/2016/12/how-cuties-are-harvested-packed/,"The Produce Nerd (2016-12-14, packer tour)",There is an approximate six month Cuties harvesting and packing window between November and April,fetched,HARVEST_MONTHS_COMPOSED,"v1.1 R1-R8 pass (everyday-basket gap). Trade blog from a packer visit; older source, flagged."
United States,California,Mandarin,fruit,"California (Cuties growers, San Joaquin Valley)",4,in_season,https://www.theproducenerd.com/2016/12/how-cuties-are-harvested-packed/,"The Produce Nerd (2016-12-14, packer tour)",There is an approximate six month Cuties harvesting and packing window between November and April,fetched,HARVEST_MONTHS_COMPOSED,"v1.1 R1-R8 pass (everyday-basket gap). Trade blog from a packer visit; older source, flagged."
United States,California,Mandarin,fruit,"California (Cuties growers, San Joaquin Valley)",5,not_listed,https://www.theproducenerd.com/2016/12/how-cuties-are-harvested-packed/,"The Produce Nerd (2016-12-14, packer tour)",There is an approximate six month Cuties harvesting and packing window between November and April,fetched,HARVEST_MONTHS_COMPOSED,"v1.1 R1-R8 pass (everyday-basket gap). Trade blog from a packer visit; older source, flagged."
United States,California,Mandarin,fruit,"California (Cuties growers, San Joaquin Valley)",6,not_listed,https://www.theproducenerd.com/2016/12/how-cuties-are-harvested-packed/,"The Produce Nerd (2016-12-14, packer tour)",There is an approximate six month Cuties harvesting and packing window between November and April,fetched,HARVEST_MONTHS_COMPOSED,"v1.1 R1-R8 pass (everyday-basket gap). Trade blog from a packer visit; older source, flagged."
United States,California,Mandarin,fruit,"California (Cuties growers, San Joaquin Valley)",7,not_listed,https://www.theproducenerd.com/2016/12/how-cuties-are-harvested-packed/,"The Produce Nerd (2016-12-14, packer tour)",There is an approximate six month Cuties harvesting and packing window between November and April,fetched,HARVEST_MONTHS_COMPOSED,"v1.1 R1-R8 pass (everyday-basket gap). Trade blog from a packer visit; older source, flagged."
United States,California,Mandarin,fruit,"California (Cuties growers, San Joaquin Valley)",8,not_listed,https://www.theproducenerd.com/2016/12/how-cuties-are-harvested-packed/,"The Produce Nerd (2016-12-14, packer tour)",There is an approximate six month Cuties harvesting and packing window between November and April,fetched,HARVEST_MONTHS_COMPOSED,"v1.1 R1-R8 pass (everyday-basket gap). Trade blog from a packer visit; older source, flagged."
United States,California,Mandarin,fruit,"California (Cuties growers, San Joaquin Valley)",9,not_listed,https://www.theproducenerd.com/2016/12/how-cuties-are-harvested-packed/,"The Produce Nerd (2016-12-14, packer tour)",There is an approximate six month Cuties harvesting and packing window between November and April,fetched,HARVEST_MONTHS_COMPOSED,"v1.1 R1-R8 pass (everyday-basket gap). Trade blog from a packer visit; older source, flagged."
United States,California,Mandarin,fruit,"California (Cuties growers, San Joaquin Valley)",10,not_listed,https://www.theproducenerd.com/2016/12/how-cuties-are-harvested-packed/,"The Produce Nerd (2016-12-14, packer tour)",There is an approximate six month Cuties harvesting and packing window between November and April,fetched,HARVEST_MONTHS_COMPOSED,"v1.1 R1-R8 pass (everyday-basket gap). Trade blog from a packer visit; older source, flagged."
United States,California,Mandarin,fruit,"California (Cuties growers, San Joaquin Valley)",11,in_season,https://www.theproducenerd.com/2016/12/how-cuties-are-harvested-packed/,"The Produce Nerd (2016-12-14, packer tour)",There is an approximate six month Cuties harvesting and packing window between November and April,fetched,HARVEST_MONTHS_COMPOSED,"v1.1 R1-R8 pass (everyday-basket gap). Trade blog from a packer visit; older source, flagged."
United States,California,Mandarin,fruit,"California (Cuties growers, San Joaquin Valley)",12,in_season,https://www.theproducenerd.com/2016/12/how-cuties-are-harvested-packed/,"The Produce Nerd (2016-12-14, packer tour)",There is an approximate six month Cuties harvesting and packing window between November and April,fetched,HARVEST_MONTHS_COMPOSED,"v1.1 R1-R8 pass (everyday-basket gap). Trade blog from a packer visit; older source, flagged."
United States,California,Garlic,vegetable,"California (Fresno County, Gilroy)",1,not_listed,https://californiagrown.org/blog/how-is-garlic-grown/,California Grown (2024-06-13),"In California, garlic harvest typically begins in June and is complete by late August.",fetched,HARVEST_MONTHS_COMPOSED,v1.1 R1-R8 pass (everyday-basket gap). 
United States,California,Garlic,vegetable,"California (Fresno County, Gilroy)",2,not_listed,https://californiagrown.org/blog/how-is-garlic-grown/,California Grown (2024-06-13),"In California, garlic harvest typically begins in June and is complete by late August.",fetched,HARVEST_MONTHS_COMPOSED,v1.1 R1-R8 pass (everyday-basket gap). 
United States,California,Garlic,vegetable,"California (Fresno County, Gilroy)",3,not_listed,https://californiagrown.org/blog/how-is-garlic-grown/,California Grown (2024-06-13),"In California, garlic harvest typically begins in June and is complete by late August.",fetched,HARVEST_MONTHS_COMPOSED,v1.1 R1-R8 pass (everyday-basket gap). 
United States,California,Garlic,vegetable,"California (Fresno County, Gilroy)",4,not_listed,https://californiagrown.org/blog/how-is-garlic-grown/,California Grown (2024-06-13),"In California, garlic harvest typically begins in June and is complete by late August.",fetched,HARVEST_MONTHS_COMPOSED,v1.1 R1-R8 pass (everyday-basket gap). 
United States,California,Garlic,vegetable,"California (Fresno County, Gilroy)",5,not_listed,https://californiagrown.org/blog/how-is-garlic-grown/,California Grown (2024-06-13),"In California, garlic harvest typically begins in June and is complete by late August.",fetched,HARVEST_MONTHS_COMPOSED,v1.1 R1-R8 pass (everyday-basket gap). 
United States,California,Garlic,vegetable,"California (Fresno County, Gilroy)",6,in_season,https://californiagrown.org/blog/how-is-garlic-grown/,California Grown (2024-06-13),"In California, garlic harvest typically begins in June and is complete by late August.",fetched,HARVEST_MONTHS_COMPOSED,v1.1 R1-R8 pass (everyday-basket gap). 
United States,California,Garlic,vegetable,"California (Fresno County, Gilroy)",7,in_season,https://californiagrown.org/blog/how-is-garlic-grown/,California Grown (2024-06-13),"In California, garlic harvest typically begins in June and is complete by late August.",fetched,HARVEST_MONTHS_COMPOSED,v1.1 R1-R8 pass (everyday-basket gap). 
United States,California,Garlic,vegetable,"California (Fresno County, Gilroy)",8,in_season,https://californiagrown.org/blog/how-is-garlic-grown/,California Grown (2024-06-13),"In California, garlic harvest typically begins in June and is complete by late August.",fetched,HARVEST_MONTHS_COMPOSED,v1.1 R1-R8 pass (everyday-basket gap). 
United States,California,Garlic,vegetable,"California (Fresno County, Gilroy)",9,not_listed,https://californiagrown.org/blog/how-is-garlic-grown/,California Grown (2024-06-13),"In California, garlic harvest typically begins in June and is complete by late August.",fetched,HARVEST_MONTHS_COMPOSED,v1.1 R1-R8 pass (everyday-basket gap). 
United States,California,Garlic,vegetable,"California (Fresno County, Gilroy)",10,not_listed,https://californiagrown.org/blog/how-is-garlic-grown/,California Grown (2024-06-13),"In California, garlic harvest typically begins in June and is complete by late August.",fetched,HARVEST_MONTHS_COMPOSED,v1.1 R1-R8 pass (everyday-basket gap). 
United States,California,Garlic,vegetable,"California (Fresno County, Gilroy)",11,not_listed,https://californiagrown.org/blog/how-is-garlic-grown/,California Grown (2024-06-13),"In California, garlic harvest typically begins in June and is complete by late August.",fetched,HARVEST_MONTHS_COMPOSED,v1.1 R1-R8 pass (everyday-basket gap). 
United States,California,Garlic,vegetable,"California (Fresno County, Gilroy)",12,not_listed,https://californiagrown.org/blog/how-is-garlic-grown/,California Grown (2024-06-13),"In California, garlic harvest typically begins in June and is complete by late August.",fetched,HARVEST_MONTHS_COMPOSED,v1.1 R1-R8 pass (everyday-basket gap). 
