fact_id,country,geo_scope_label,geo_scope_level,item_source_label,month,month_num,state,layer_class,source_id,source_url
US-FL-FDACS-0001,United States,Florida (statewide; not USA national),state,Avocado,JAN,1,in_season,PRIMARY_CONSUMER_AVAILABILITY_MONTHS_REGIONAL,FDACS-SAC-2023,https://ccmedia.fdacs.gov/content/download/16790/file/florida-produce-seasonal-availability-chart.pdf
US-FL-FDACS-0002,United States,Florida (statewide; not USA national),state,Avocado,FEB,2,in_season,PRIMARY_CONSUMER_AVAILABILITY_MONTHS_REGIONAL,FDACS-SAC-2023,https://ccmedia.fdacs.gov/content/download/16790/file/florida-produce-seasonal-availability-chart.pdf
US-FL-FDACS-0003,United States,Florida (statewide; not USA national),state,Avocado,MAR,3,not_in_season,PRIMARY_CONSUMER_AVAILABILITY_MONTHS_REGIONAL,FDACS-SAC-2023,https://ccmedia.fdacs.gov/content/download/16790/file/florida-produce-seasonal-availability-chart.pdf
US-FL-FDACS-0004,United States,Florida (statewide; not USA national),state,Avocado,APR,4,not_in_season,PRIMARY_CONSUMER_AVAILABILITY_MONTHS_REGIONAL,FDACS-SAC-2023,https://ccmedia.fdacs.gov/content/download/16790/file/florida-produce-seasonal-availability-chart.pdf
US-FL-FDACS-0005,United States,Florida (statewide; not USA national),state,Avocado,MAY,5,not_in_season,PRIMARY_CONSUMER_AVAILABILITY_MONTHS_REGIONAL,FDACS-SAC-2023,https://ccmedia.fdacs.gov/content/download/16790/file/florida-produce-seasonal-availability-chart.pdf
US-FL-FDACS-0006,United States,Florida (statewide; not USA national),state,Avocado,JUN,6,in_season,PRIMARY_CONSUMER_AVAILABILITY_MONTHS_REGIONAL,FDACS-SAC-2023,https://ccmedia.fdacs.gov/content/download/16790/file/florida-produce-seasonal-availability-chart.pdf
US-FL-FDACS-0007,United States,Florida (statewide; not USA national),state,Avocado,JUL,7,in_season,PRIMARY_CONSUMER_AVAILABILITY_MONTHS_REGIONAL,FDACS-SAC-2023,https://ccmedia.fdacs.gov/content/download/16790/file/florida-produce-seasonal-availability-chart.pdf
US-FL-FDACS-0008,United States,Florida (statewide; not USA national),state,Avocado,AUG,8,in_season,PRIMARY_CONSUMER_AVAILABILITY_MONTHS_REGIONAL,FDACS-SAC-2023,https://ccmedia.fdacs.gov/content/download/16790/file/florida-produce-seasonal-availability-chart.pdf
US-FL-FDACS-0009,United States,Florida (statewide; not USA national),state,Avocado,SEP,9,in_season,PRIMARY_CONSUMER_AVAILABILITY_MONTHS_REGIONAL,FDACS-SAC-2023,https://ccmedia.fdacs.gov/content/download/16790/file/florida-produce-seasonal-availability-chart.pdf
US-FL-FDACS-0010,United States,Florida (statewide; not USA national),state,Avocado,OCT,10,in_season,PRIMARY_CONSUMER_AVAILABILITY_MONTHS_REGIONAL,FDACS-SAC-2023,https://ccmedia.fdacs.gov/content/download/16790/file/florida-produce-seasonal-availability-chart.pdf
US-FL-FDACS-0011,United States,Florida (statewide; not USA national),state,Avocado,NOV,11,in_season,PRIMARY_CONSUMER_AVAILABILITY_MONTHS_REGIONAL,FDACS-SAC-2023,https://ccmedia.fdacs.gov/content/download/16790/file/florida-produce-seasonal-availability-chart.pdf
US-FL-FDACS-0012,United States,Florida (statewide; not USA national),state,Avocado,DEC,12,in_season,PRIMARY_CONSUMER_AVAILABILITY_MONTHS_REGIONAL,FDACS-SAC-2023,https://ccmedia.fdacs.gov/content/download/16790/file/florida-produce-seasonal-availability-chart.pdf
US-FL-FDACS-0013,United States,Florida (statewide; not USA national),state,Bell Pepper,JAN,1,in_season,PRIMARY_CONSUMER_AVAILABILITY_MONTHS_REGIONAL,FDACS-SAC-2023,https://ccmedia.fdacs.gov/content/download/16790/file/florida-produce-seasonal-availability-chart.pdf
US-FL-FDACS-0014,United States,Florida (statewide; not USA national),state,Bell Pepper,FEB,2,in_season,PRIMARY_CONSUMER_AVAILABILITY_MONTHS_REGIONAL,FDACS-SAC-2023,https://ccmedia.fdacs.gov/content/download/16790/file/florida-produce-seasonal-availability-chart.pdf
US-FL-FDACS-0015,United States,Florida (statewide; not USA national),state,Bell Pepper,MAR,3,in_season,PRIMARY_CONSUMER_AVAILABILITY_MONTHS_REGIONAL,FDACS-SAC-2023,https://ccmedia.fdacs.gov/content/download/16790/file/florida-produce-seasonal-availability-chart.pdf
US-FL-FDACS-0016,United States,Florida (statewide; not USA national),state,Bell Pepper,APR,4,in_season,PRIMARY_CONSUMER_AVAILABILITY_MONTHS_REGIONAL,FDACS-SAC-2023,https://ccmedia.fdacs.gov/content/download/16790/file/florida-produce-seasonal-availability-chart.pdf
US-FL-FDACS-0017,United States,Florida (statewide; not USA national),state,Bell Pepper,MAY,5,in_season,PRIMARY_CONSUMER_AVAILABILITY_MONTHS_REGIONAL,FDACS-SAC-2023,https://ccmedia.fdacs.gov/content/download/16790/file/florida-produce-seasonal-availability-chart.pdf
US-FL-FDACS-0018,United States,Florida (statewide; not USA national),state,Bell Pepper,JUN,6,in_season,PRIMARY_CONSUMER_AVAILABILITY_MONTHS_REGIONAL,FDACS-SAC-2023,https://ccmedia.fdacs.gov/content/download/16790/file/florida-produce-seasonal-availability-chart.pdf
US-FL-FDACS-0019,United States,Florida (statewide; not USA national),state,Bell Pepper,JUL,7,not_in_season,PRIMARY_CONSUMER_AVAILABILITY_MONTHS_REGIONAL,FDACS-SAC-2023,https://ccmedia.fdacs.gov/content/download/16790/file/florida-produce-seasonal-availability-chart.pdf
US-FL-FDACS-0020,United States,Florida (statewide; not USA national),state,Bell Pepper,AUG,8,not_in_season,PRIMARY_CONSUMER_AVAILABILITY_MONTHS_REGIONAL,FDACS-SAC-2023,https://ccmedia.fdacs.gov/content/download/16790/file/florida-produce-seasonal-availability-chart.pdf
US-FL-FDACS-0021,United States,Florida (statewide; not USA national),state,Bell Pepper,SEP,9,not_in_season,PRIMARY_CONSUMER_AVAILABILITY_MONTHS_REGIONAL,FDACS-SAC-2023,https://ccmedia.fdacs.gov/content/download/16790/file/florida-produce-seasonal-availability-chart.pdf
US-FL-FDACS-0022,United States,Florida (statewide; not USA national),state,Bell Pepper,OCT,10,in_season,PRIMARY_CONSUMER_AVAILABILITY_MONTHS_REGIONAL,FDACS-SAC-2023,https://ccmedia.fdacs.gov/content/download/16790/file/florida-produce-seasonal-availability-chart.pdf
US-FL-FDACS-0023,United States,Florida (statewide; not USA national),state,Bell Pepper,NOV,11,in_season,PRIMARY_CONSUMER_AVAILABILITY_MONTHS_REGIONAL,FDACS-SAC-2023,https://ccmedia.fdacs.gov/content/download/16790/file/florida-produce-seasonal-availability-chart.pdf
US-FL-FDACS-0024,United States,Florida (statewide; not USA national),state,Bell Pepper,DEC,12,in_season,PRIMARY_CONSUMER_AVAILABILITY_MONTHS_REGIONAL,FDACS-SAC-2023,https://ccmedia.fdacs.gov/content/download/16790/file/florida-produce-seasonal-availability-chart.pdf
US-FL-FDACS-0025,United States,Florida (statewide; not USA national),state,Blackberry,JAN,1,not_in_season,PRIMARY_CONSUMER_AVAILABILITY_MONTHS_REGIONAL,FDACS-SAC-2023,https://ccmedia.fdacs.gov/content/download/16790/file/florida-produce-seasonal-availability-chart.pdf
US-FL-FDACS-0026,United States,Florida (statewide; not USA national),state,Blackberry,FEB,2,not_in_season,PRIMARY_CONSUMER_AVAILABILITY_MONTHS_REGIONAL,FDACS-SAC-2023,https://ccmedia.fdacs.gov/content/download/16790/file/florida-produce-seasonal-availability-chart.pdf
US-FL-FDACS-0027,United States,Florida (statewide; not USA national),state,Blackberry,MAR,3,not_in_season,PRIMARY_CONSUMER_AVAILABILITY_MONTHS_REGIONAL,FDACS-SAC-2023,https://ccmedia.fdacs.gov/content/download/16790/file/florida-produce-seasonal-availability-chart.pdf
US-FL-FDACS-0028,United States,Florida (statewide; not USA national),state,Blackberry,APR,4,in_season,PRIMARY_CONSUMER_AVAILABILITY_MONTHS_REGIONAL,FDACS-SAC-2023,https://ccmedia.fdacs.gov/content/download/16790/file/florida-produce-seasonal-availability-chart.pdf
US-FL-FDACS-0029,United States,Florida (statewide; not USA national),state,Blackberry,MAY,5,in_season,PRIMARY_CONSUMER_AVAILABILITY_MONTHS_REGIONAL,FDACS-SAC-2023,https://ccmedia.fdacs.gov/content/download/16790/file/florida-produce-seasonal-availability-chart.pdf
US-FL-FDACS-0030,United States,Florida (statewide; not USA national),state,Blackberry,JUN,6,in_season,PRIMARY_CONSUMER_AVAILABILITY_MONTHS_REGIONAL,FDACS-SAC-2023,https://ccmedia.fdacs.gov/content/download/16790/file/florida-produce-seasonal-availability-chart.pdf
US-FL-FDACS-0031,United States,Florida (statewide; not USA national),state,Blackberry,JUL,7,in_season,PRIMARY_CONSUMER_AVAILABILITY_MONTHS_REGIONAL,FDACS-SAC-2023,https://ccmedia.fdacs.gov/content/download/16790/file/florida-produce-seasonal-availability-chart.pdf
US-FL-FDACS-0032,United States,Florida (statewide; not USA national),state,Blackberry,AUG,8,not_in_season,PRIMARY_CONSUMER_AVAILABILITY_MONTHS_REGIONAL,FDACS-SAC-2023,https://ccmedia.fdacs.gov/content/download/16790/file/florida-produce-seasonal-availability-chart.pdf
US-FL-FDACS-0033,United States,Florida (statewide; not USA national),state,Blackberry,SEP,9,not_in_season,PRIMARY_CONSUMER_AVAILABILITY_MONTHS_REGIONAL,FDACS-SAC-2023,https://ccmedia.fdacs.gov/content/download/16790/file/florida-produce-seasonal-availability-chart.pdf
US-FL-FDACS-0034,United States,Florida (statewide; not USA national),state,Blackberry,OCT,10,not_in_season,PRIMARY_CONSUMER_AVAILABILITY_MONTHS_REGIONAL,FDACS-SAC-2023,https://ccmedia.fdacs.gov/content/download/16790/file/florida-produce-seasonal-availability-chart.pdf
US-FL-FDACS-0035,United States,Florida (statewide; not USA national),state,Blackberry,NOV,11,not_in_season,PRIMARY_CONSUMER_AVAILABILITY_MONTHS_REGIONAL,FDACS-SAC-2023,https://ccmedia.fdacs.gov/content/download/16790/file/florida-produce-seasonal-availability-chart.pdf
US-FL-FDACS-0036,United States,Florida (statewide; not USA national),state,Blackberry,DEC,12,not_in_season,PRIMARY_CONSUMER_AVAILABILITY_MONTHS_REGIONAL,FDACS-SAC-2023,https://ccmedia.fdacs.gov/content/download/16790/file/florida-produce-seasonal-availability-chart.pdf
US-FL-FDACS-0037,United States,Florida (statewide; not USA national),state,Blueberry,JAN,1,not_in_season,PRIMARY_CONSUMER_AVAILABILITY_MONTHS_REGIONAL,FDACS-SAC-2023,https://ccmedia.fdacs.gov/content/download/16790/file/florida-produce-seasonal-availability-chart.pdf
US-FL-FDACS-0038,United States,Florida (statewide; not USA national),state,Blueberry,FEB,2,not_in_season,PRIMARY_CONSUMER_AVAILABILITY_MONTHS_REGIONAL,FDACS-SAC-2023,https://ccmedia.fdacs.gov/content/download/16790/file/florida-produce-seasonal-availability-chart.pdf
US-FL-FDACS-0039,United States,Florida (statewide; not USA national),state,Blueberry,MAR,3,in_season,PRIMARY_CONSUMER_AVAILABILITY_MONTHS_REGIONAL,FDACS-SAC-2023,https://ccmedia.fdacs.gov/content/download/16790/file/florida-produce-seasonal-availability-chart.pdf
US-FL-FDACS-0040,United States,Florida (statewide; not USA national),state,Blueberry,APR,4,in_season,PRIMARY_CONSUMER_AVAILABILITY_MONTHS_REGIONAL,FDACS-SAC-2023,https://ccmedia.fdacs.gov/content/download/16790/file/florida-produce-seasonal-availability-chart.pdf
US-FL-FDACS-0041,United States,Florida (statewide; not USA national),state,Blueberry,MAY,5,in_season,PRIMARY_CONSUMER_AVAILABILITY_MONTHS_REGIONAL,FDACS-SAC-2023,https://ccmedia.fdacs.gov/content/download/16790/file/florida-produce-seasonal-availability-chart.pdf
US-FL-FDACS-0042,United States,Florida (statewide; not USA national),state,Blueberry,JUN,6,not_in_season,PRIMARY_CONSUMER_AVAILABILITY_MONTHS_REGIONAL,FDACS-SAC-2023,https://ccmedia.fdacs.gov/content/download/16790/file/florida-produce-seasonal-availability-chart.pdf
US-FL-FDACS-0043,United States,Florida (statewide; not USA national),state,Blueberry,JUL,7,not_in_season,PRIMARY_CONSUMER_AVAILABILITY_MONTHS_REGIONAL,FDACS-SAC-2023,https://ccmedia.fdacs.gov/content/download/16790/file/florida-produce-seasonal-availability-chart.pdf
US-FL-FDACS-0044,United States,Florida (statewide; not USA national),state,Blueberry,AUG,8,not_in_season,PRIMARY_CONSUMER_AVAILABILITY_MONTHS_REGIONAL,FDACS-SAC-2023,https://ccmedia.fdacs.gov/content/download/16790/file/florida-produce-seasonal-availability-chart.pdf
US-FL-FDACS-0045,United States,Florida (statewide; not USA national),state,Blueberry,SEP,9,not_in_season,PRIMARY_CONSUMER_AVAILABILITY_MONTHS_REGIONAL,FDACS-SAC-2023,https://ccmedia.fdacs.gov/content/download/16790/file/florida-produce-seasonal-availability-chart.pdf
US-FL-FDACS-0046,United States,Florida (statewide; not USA national),state,Blueberry,OCT,10,not_in_season,PRIMARY_CONSUMER_AVAILABILITY_MONTHS_REGIONAL,FDACS-SAC-2023,https://ccmedia.fdacs.gov/content/download/16790/file/florida-produce-seasonal-availability-chart.pdf
US-FL-FDACS-0047,United States,Florida (statewide; not USA national),state,Blueberry,NOV,11,not_in_season,PRIMARY_CONSUMER_AVAILABILITY_MONTHS_REGIONAL,FDACS-SAC-2023,https://ccmedia.fdacs.gov/content/download/16790/file/florida-produce-seasonal-availability-chart.pdf
US-FL-FDACS-0048,United States,Florida (statewide; not USA national),state,Blueberry,DEC,12,not_in_season,PRIMARY_CONSUMER_AVAILABILITY_MONTHS_REGIONAL,FDACS-SAC-2023,https://ccmedia.fdacs.gov/content/download/16790/file/florida-produce-seasonal-availability-chart.pdf
US-FL-FDACS-0049,United States,Florida (statewide; not USA national),state,Broccoli,JAN,1,in_season,PRIMARY_CONSUMER_AVAILABILITY_MONTHS_REGIONAL,FDACS-SAC-2023,https://ccmedia.fdacs.gov/content/download/16790/file/florida-produce-seasonal-availability-chart.pdf
US-FL-FDACS-0050,United States,Florida (statewide; not USA national),state,Broccoli,FEB,2,in_season,PRIMARY_CONSUMER_AVAILABILITY_MONTHS_REGIONAL,FDACS-SAC-2023,https://ccmedia.fdacs.gov/content/download/16790/file/florida-produce-seasonal-availability-chart.pdf
US-FL-FDACS-0051,United States,Florida (statewide; not USA national),state,Broccoli,MAR,3,in_season,PRIMARY_CONSUMER_AVAILABILITY_MONTHS_REGIONAL,FDACS-SAC-2023,https://ccmedia.fdacs.gov/content/download/16790/file/florida-produce-seasonal-availability-chart.pdf
US-FL-FDACS-0052,United States,Florida (statewide; not USA national),state,Broccoli,APR,4,in_season,PRIMARY_CONSUMER_AVAILABILITY_MONTHS_REGIONAL,FDACS-SAC-2023,https://ccmedia.fdacs.gov/content/download/16790/file/florida-produce-seasonal-availability-chart.pdf
US-FL-FDACS-0053,United States,Florida (statewide; not USA national),state,Broccoli,MAY,5,not_in_season,PRIMARY_CONSUMER_AVAILABILITY_MONTHS_REGIONAL,FDACS-SAC-2023,https://ccmedia.fdacs.gov/content/download/16790/file/florida-produce-seasonal-availability-chart.pdf
US-FL-FDACS-0054,United States,Florida (statewide; not USA national),state,Broccoli,JUN,6,not_in_season,PRIMARY_CONSUMER_AVAILABILITY_MONTHS_REGIONAL,FDACS-SAC-2023,https://ccmedia.fdacs.gov/content/download/16790/file/florida-produce-seasonal-availability-chart.pdf
US-FL-FDACS-0055,United States,Florida (statewide; not USA national),state,Broccoli,JUL,7,not_in_season,PRIMARY_CONSUMER_AVAILABILITY_MONTHS_REGIONAL,FDACS-SAC-2023,https://ccmedia.fdacs.gov/content/download/16790/file/florida-produce-seasonal-availability-chart.pdf
US-FL-FDACS-0056,United States,Florida (statewide; not USA national),state,Broccoli,AUG,8,not_in_season,PRIMARY_CONSUMER_AVAILABILITY_MONTHS_REGIONAL,FDACS-SAC-2023,https://ccmedia.fdacs.gov/content/download/16790/file/florida-produce-seasonal-availability-chart.pdf
US-FL-FDACS-0057,United States,Florida (statewide; not USA national),state,Broccoli,SEP,9,not_in_season,PRIMARY_CONSUMER_AVAILABILITY_MONTHS_REGIONAL,FDACS-SAC-2023,https://ccmedia.fdacs.gov/content/download/16790/file/florida-produce-seasonal-availability-chart.pdf
US-FL-FDACS-0058,United States,Florida (statewide; not USA national),state,Broccoli,OCT,10,not_in_season,PRIMARY_CONSUMER_AVAILABILITY_MONTHS_REGIONAL,FDACS-SAC-2023,https://ccmedia.fdacs.gov/content/download/16790/file/florida-produce-seasonal-availability-chart.pdf
US-FL-FDACS-0059,United States,Florida (statewide; not USA national),state,Broccoli,NOV,11,not_in_season,PRIMARY_CONSUMER_AVAILABILITY_MONTHS_REGIONAL,FDACS-SAC-2023,https://ccmedia.fdacs.gov/content/download/16790/file/florida-produce-seasonal-availability-chart.pdf
US-FL-FDACS-0060,United States,Florida (statewide; not USA national),state,Broccoli,DEC,12,in_season,PRIMARY_CONSUMER_AVAILABILITY_MONTHS_REGIONAL,FDACS-SAC-2023,https://ccmedia.fdacs.gov/content/download/16790/file/florida-produce-seasonal-availability-chart.pdf
US-FL-FDACS-0061,United States,Florida (statewide; not USA national),state,Cabbage,JAN,1,in_season,PRIMARY_CONSUMER_AVAILABILITY_MONTHS_REGIONAL,FDACS-SAC-2023,https://ccmedia.fdacs.gov/content/download/16790/file/florida-produce-seasonal-availability-chart.pdf
US-FL-FDACS-0062,United States,Florida (statewide; not USA national),state,Cabbage,FEB,2,in_season,PRIMARY_CONSUMER_AVAILABILITY_MONTHS_REGIONAL,FDACS-SAC-2023,https://ccmedia.fdacs.gov/content/download/16790/file/florida-produce-seasonal-availability-chart.pdf
US-FL-FDACS-0063,United States,Florida (statewide; not USA national),state,Cabbage,MAR,3,in_season,PRIMARY_CONSUMER_AVAILABILITY_MONTHS_REGIONAL,FDACS-SAC-2023,https://ccmedia.fdacs.gov/content/download/16790/file/florida-produce-seasonal-availability-chart.pdf
US-FL-FDACS-0064,United States,Florida (statewide; not USA national),state,Cabbage,APR,4,in_season,PRIMARY_CONSUMER_AVAILABILITY_MONTHS_REGIONAL,FDACS-SAC-2023,https://ccmedia.fdacs.gov/content/download/16790/file/florida-produce-seasonal-availability-chart.pdf
US-FL-FDACS-0065,United States,Florida (statewide; not USA national),state,Cabbage,MAY,5,in_season,PRIMARY_CONSUMER_AVAILABILITY_MONTHS_REGIONAL,FDACS-SAC-2023,https://ccmedia.fdacs.gov/content/download/16790/file/florida-produce-seasonal-availability-chart.pdf
US-FL-FDACS-0066,United States,Florida (statewide; not USA national),state,Cabbage,JUN,6,not_in_season,PRIMARY_CONSUMER_AVAILABILITY_MONTHS_REGIONAL,FDACS-SAC-2023,https://ccmedia.fdacs.gov/content/download/16790/file/florida-produce-seasonal-availability-chart.pdf
US-FL-FDACS-0067,United States,Florida (statewide; not USA national),state,Cabbage,JUL,7,not_in_season,PRIMARY_CONSUMER_AVAILABILITY_MONTHS_REGIONAL,FDACS-SAC-2023,https://ccmedia.fdacs.gov/content/download/16790/file/florida-produce-seasonal-availability-chart.pdf
US-FL-FDACS-0068,United States,Florida (statewide; not USA national),state,Cabbage,AUG,8,not_in_season,PRIMARY_CONSUMER_AVAILABILITY_MONTHS_REGIONAL,FDACS-SAC-2023,https://ccmedia.fdacs.gov/content/download/16790/file/florida-produce-seasonal-availability-chart.pdf
US-FL-FDACS-0069,United States,Florida (statewide; not USA national),state,Cabbage,SEP,9,not_in_season,PRIMARY_CONSUMER_AVAILABILITY_MONTHS_REGIONAL,FDACS-SAC-2023,https://ccmedia.fdacs.gov/content/download/16790/file/florida-produce-seasonal-availability-chart.pdf
US-FL-FDACS-0070,United States,Florida (statewide; not USA national),state,Cabbage,OCT,10,not_in_season,PRIMARY_CONSUMER_AVAILABILITY_MONTHS_REGIONAL,FDACS-SAC-2023,https://ccmedia.fdacs.gov/content/download/16790/file/florida-produce-seasonal-availability-chart.pdf
US-FL-FDACS-0071,United States,Florida (statewide; not USA national),state,Cabbage,NOV,11,not_in_season,PRIMARY_CONSUMER_AVAILABILITY_MONTHS_REGIONAL,FDACS-SAC-2023,https://ccmedia.fdacs.gov/content/download/16790/file/florida-produce-seasonal-availability-chart.pdf
US-FL-FDACS-0072,United States,Florida (statewide; not USA national),state,Cabbage,DEC,12,in_season,PRIMARY_CONSUMER_AVAILABILITY_MONTHS_REGIONAL,FDACS-SAC-2023,https://ccmedia.fdacs.gov/content/download/16790/file/florida-produce-seasonal-availability-chart.pdf
US-FL-FDACS-0073,United States,Florida (statewide; not USA national),state,Cantaloupe,JAN,1,not_in_season,PRIMARY_CONSUMER_AVAILABILITY_MONTHS_REGIONAL,FDACS-SAC-2023,https://ccmedia.fdacs.gov/content/download/16790/file/florida-produce-seasonal-availability-chart.pdf
US-FL-FDACS-0074,United States,Florida (statewide; not USA national),state,Cantaloupe,FEB,2,not_in_season,PRIMARY_CONSUMER_AVAILABILITY_MONTHS_REGIONAL,FDACS-SAC-2023,https://ccmedia.fdacs.gov/content/download/16790/file/florida-produce-seasonal-availability-chart.pdf
US-FL-FDACS-0075,United States,Florida (statewide; not USA national),state,Cantaloupe,MAR,3,in_season,PRIMARY_CONSUMER_AVAILABILITY_MONTHS_REGIONAL,FDACS-SAC-2023,https://ccmedia.fdacs.gov/content/download/16790/file/florida-produce-seasonal-availability-chart.pdf
US-FL-FDACS-0076,United States,Florida (statewide; not USA national),state,Cantaloupe,APR,4,in_season,PRIMARY_CONSUMER_AVAILABILITY_MONTHS_REGIONAL,FDACS-SAC-2023,https://ccmedia.fdacs.gov/content/download/16790/file/florida-produce-seasonal-availability-chart.pdf
US-FL-FDACS-0077,United States,Florida (statewide; not USA national),state,Cantaloupe,MAY,5,in_season,PRIMARY_CONSUMER_AVAILABILITY_MONTHS_REGIONAL,FDACS-SAC-2023,https://ccmedia.fdacs.gov/content/download/16790/file/florida-produce-seasonal-availability-chart.pdf
US-FL-FDACS-0078,United States,Florida (statewide; not USA national),state,Cantaloupe,JUN,6,in_season,PRIMARY_CONSUMER_AVAILABILITY_MONTHS_REGIONAL,FDACS-SAC-2023,https://ccmedia.fdacs.gov/content/download/16790/file/florida-produce-seasonal-availability-chart.pdf
US-FL-FDACS-0079,United States,Florida (statewide; not USA national),state,Cantaloupe,JUL,7,in_season,PRIMARY_CONSUMER_AVAILABILITY_MONTHS_REGIONAL,FDACS-SAC-2023,https://ccmedia.fdacs.gov/content/download/16790/file/florida-produce-seasonal-availability-chart.pdf
US-FL-FDACS-0080,United States,Florida (statewide; not USA national),state,Cantaloupe,AUG,8,not_in_season,PRIMARY_CONSUMER_AVAILABILITY_MONTHS_REGIONAL,FDACS-SAC-2023,https://ccmedia.fdacs.gov/content/download/16790/file/florida-produce-seasonal-availability-chart.pdf
US-FL-FDACS-0081,United States,Florida (statewide; not USA national),state,Cantaloupe,SEP,9,not_in_season,PRIMARY_CONSUMER_AVAILABILITY_MONTHS_REGIONAL,FDACS-SAC-2023,https://ccmedia.fdacs.gov/content/download/16790/file/florida-produce-seasonal-availability-chart.pdf
US-FL-FDACS-0082,United States,Florida (statewide; not USA national),state,Cantaloupe,OCT,10,not_in_season,PRIMARY_CONSUMER_AVAILABILITY_MONTHS_REGIONAL,FDACS-SAC-2023,https://ccmedia.fdacs.gov/content/download/16790/file/florida-produce-seasonal-availability-chart.pdf
US-FL-FDACS-0083,United States,Florida (statewide; not USA national),state,Cantaloupe,NOV,11,not_in_season,PRIMARY_CONSUMER_AVAILABILITY_MONTHS_REGIONAL,FDACS-SAC-2023,https://ccmedia.fdacs.gov/content/download/16790/file/florida-produce-seasonal-availability-chart.pdf
US-FL-FDACS-0084,United States,Florida (statewide; not USA national),state,Cantaloupe,DEC,12,not_in_season,PRIMARY_CONSUMER_AVAILABILITY_MONTHS_REGIONAL,FDACS-SAC-2023,https://ccmedia.fdacs.gov/content/download/16790/file/florida-produce-seasonal-availability-chart.pdf
US-FL-FDACS-0085,United States,Florida (statewide; not USA national),state,Carrot,JAN,1,in_season,PRIMARY_CONSUMER_AVAILABILITY_MONTHS_REGIONAL,FDACS-SAC-2023,https://ccmedia.fdacs.gov/content/download/16790/file/florida-produce-seasonal-availability-chart.pdf
US-FL-FDACS-0086,United States,Florida (statewide; not USA national),state,Carrot,FEB,2,in_season,PRIMARY_CONSUMER_AVAILABILITY_MONTHS_REGIONAL,FDACS-SAC-2023,https://ccmedia.fdacs.gov/content/download/16790/file/florida-produce-seasonal-availability-chart.pdf
US-FL-FDACS-0087,United States,Florida (statewide; not USA national),state,Carrot,MAR,3,in_season,PRIMARY_CONSUMER_AVAILABILITY_MONTHS_REGIONAL,FDACS-SAC-2023,https://ccmedia.fdacs.gov/content/download/16790/file/florida-produce-seasonal-availability-chart.pdf
US-FL-FDACS-0088,United States,Florida (statewide; not USA national),state,Carrot,APR,4,in_season,PRIMARY_CONSUMER_AVAILABILITY_MONTHS_REGIONAL,FDACS-SAC-2023,https://ccmedia.fdacs.gov/content/download/16790/file/florida-produce-seasonal-availability-chart.pdf
US-FL-FDACS-0089,United States,Florida (statewide; not USA national),state,Carrot,MAY,5,in_season,PRIMARY_CONSUMER_AVAILABILITY_MONTHS_REGIONAL,FDACS-SAC-2023,https://ccmedia.fdacs.gov/content/download/16790/file/florida-produce-seasonal-availability-chart.pdf
US-FL-FDACS-0090,United States,Florida (statewide; not USA national),state,Carrot,JUN,6,in_season,PRIMARY_CONSUMER_AVAILABILITY_MONTHS_REGIONAL,FDACS-SAC-2023,https://ccmedia.fdacs.gov/content/download/16790/file/florida-produce-seasonal-availability-chart.pdf
US-FL-FDACS-0091,United States,Florida (statewide; not USA national),state,Carrot,JUL,7,not_in_season,PRIMARY_CONSUMER_AVAILABILITY_MONTHS_REGIONAL,FDACS-SAC-2023,https://ccmedia.fdacs.gov/content/download/16790/file/florida-produce-seasonal-availability-chart.pdf
US-FL-FDACS-0092,United States,Florida (statewide; not USA national),state,Carrot,AUG,8,not_in_season,PRIMARY_CONSUMER_AVAILABILITY_MONTHS_REGIONAL,FDACS-SAC-2023,https://ccmedia.fdacs.gov/content/download/16790/file/florida-produce-seasonal-availability-chart.pdf
US-FL-FDACS-0093,United States,Florida (statewide; not USA national),state,Carrot,SEP,9,not_in_season,PRIMARY_CONSUMER_AVAILABILITY_MONTHS_REGIONAL,FDACS-SAC-2023,https://ccmedia.fdacs.gov/content/download/16790/file/florida-produce-seasonal-availability-chart.pdf
US-FL-FDACS-0094,United States,Florida (statewide; not USA national),state,Carrot,OCT,10,not_in_season,PRIMARY_CONSUMER_AVAILABILITY_MONTHS_REGIONAL,FDACS-SAC-2023,https://ccmedia.fdacs.gov/content/download/16790/file/florida-produce-seasonal-availability-chart.pdf
US-FL-FDACS-0095,United States,Florida (statewide; not USA national),state,Carrot,NOV,11,in_season,PRIMARY_CONSUMER_AVAILABILITY_MONTHS_REGIONAL,FDACS-SAC-2023,https://ccmedia.fdacs.gov/content/download/16790/file/florida-produce-seasonal-availability-chart.pdf
US-FL-FDACS-0096,United States,Florida (statewide; not USA national),state,Carrot,DEC,12,in_season,PRIMARY_CONSUMER_AVAILABILITY_MONTHS_REGIONAL,FDACS-SAC-2023,https://ccmedia.fdacs.gov/content/download/16790/file/florida-produce-seasonal-availability-chart.pdf
US-FL-FDACS-0097,United States,Florida (statewide; not USA national),state,Cauliflower,JAN,1,in_season,PRIMARY_CONSUMER_AVAILABILITY_MONTHS_REGIONAL,FDACS-SAC-2023,https://ccmedia.fdacs.gov/content/download/16790/file/florida-produce-seasonal-availability-chart.pdf
US-FL-FDACS-0098,United States,Florida (statewide; not USA national),state,Cauliflower,FEB,2,in_season,PRIMARY_CONSUMER_AVAILABILITY_MONTHS_REGIONAL,FDACS-SAC-2023,https://ccmedia.fdacs.gov/content/download/16790/file/florida-produce-seasonal-availability-chart.pdf
US-FL-FDACS-0099,United States,Florida (statewide; not USA national),state,Cauliflower,MAR,3,in_season,PRIMARY_CONSUMER_AVAILABILITY_MONTHS_REGIONAL,FDACS-SAC-2023,https://ccmedia.fdacs.gov/content/download/16790/file/florida-produce-seasonal-availability-chart.pdf
US-FL-FDACS-0100,United States,Florida (statewide; not USA national),state,Cauliflower,APR,4,not_in_season,PRIMARY_CONSUMER_AVAILABILITY_MONTHS_REGIONAL,FDACS-SAC-2023,https://ccmedia.fdacs.gov/content/download/16790/file/florida-produce-seasonal-availability-chart.pdf
US-FL-FDACS-0101,United States,Florida (statewide; not USA national),state,Cauliflower,MAY,5,not_in_season,PRIMARY_CONSUMER_AVAILABILITY_MONTHS_REGIONAL,FDACS-SAC-2023,https://ccmedia.fdacs.gov/content/download/16790/file/florida-produce-seasonal-availability-chart.pdf
US-FL-FDACS-0102,United States,Florida (statewide; not USA national),state,Cauliflower,JUN,6,not_in_season,PRIMARY_CONSUMER_AVAILABILITY_MONTHS_REGIONAL,FDACS-SAC-2023,https://ccmedia.fdacs.gov/content/download/16790/file/florida-produce-seasonal-availability-chart.pdf
US-FL-FDACS-0103,United States,Florida (statewide; not USA national),state,Cauliflower,JUL,7,not_in_season,PRIMARY_CONSUMER_AVAILABILITY_MONTHS_REGIONAL,FDACS-SAC-2023,https://ccmedia.fdacs.gov/content/download/16790/file/florida-produce-seasonal-availability-chart.pdf
US-FL-FDACS-0104,United States,Florida (statewide; not USA national),state,Cauliflower,AUG,8,not_in_season,PRIMARY_CONSUMER_AVAILABILITY_MONTHS_REGIONAL,FDACS-SAC-2023,https://ccmedia.fdacs.gov/content/download/16790/file/florida-produce-seasonal-availability-chart.pdf
US-FL-FDACS-0105,United States,Florida (statewide; not USA national),state,Cauliflower,SEP,9,not_in_season,PRIMARY_CONSUMER_AVAILABILITY_MONTHS_REGIONAL,FDACS-SAC-2023,https://ccmedia.fdacs.gov/content/download/16790/file/florida-produce-seasonal-availability-chart.pdf
US-FL-FDACS-0106,United States,Florida (statewide; not USA national),state,Cauliflower,OCT,10,not_in_season,PRIMARY_CONSUMER_AVAILABILITY_MONTHS_REGIONAL,FDACS-SAC-2023,https://ccmedia.fdacs.gov/content/download/16790/file/florida-produce-seasonal-availability-chart.pdf
US-FL-FDACS-0107,United States,Florida (statewide; not USA national),state,Cauliflower,NOV,11,not_in_season,PRIMARY_CONSUMER_AVAILABILITY_MONTHS_REGIONAL,FDACS-SAC-2023,https://ccmedia.fdacs.gov/content/download/16790/file/florida-produce-seasonal-availability-chart.pdf
US-FL-FDACS-0108,United States,Florida (statewide; not USA national),state,Cauliflower,DEC,12,not_in_season,PRIMARY_CONSUMER_AVAILABILITY_MONTHS_REGIONAL,FDACS-SAC-2023,https://ccmedia.fdacs.gov/content/download/16790/file/florida-produce-seasonal-availability-chart.pdf
US-FL-FDACS-0109,United States,Florida (statewide; not USA national),state,Celery,JAN,1,in_season,PRIMARY_CONSUMER_AVAILABILITY_MONTHS_REGIONAL,FDACS-SAC-2023,https://ccmedia.fdacs.gov/content/download/16790/file/florida-produce-seasonal-availability-chart.pdf
US-FL-FDACS-0110,United States,Florida (statewide; not USA national),state,Celery,FEB,2,in_season,PRIMARY_CONSUMER_AVAILABILITY_MONTHS_REGIONAL,FDACS-SAC-2023,https://ccmedia.fdacs.gov/content/download/16790/file/florida-produce-seasonal-availability-chart.pdf
US-FL-FDACS-0111,United States,Florida (statewide; not USA national),state,Celery,MAR,3,in_season,PRIMARY_CONSUMER_AVAILABILITY_MONTHS_REGIONAL,FDACS-SAC-2023,https://ccmedia.fdacs.gov/content/download/16790/file/florida-produce-seasonal-availability-chart.pdf
US-FL-FDACS-0112,United States,Florida (statewide; not USA national),state,Celery,APR,4,in_season,PRIMARY_CONSUMER_AVAILABILITY_MONTHS_REGIONAL,FDACS-SAC-2023,https://ccmedia.fdacs.gov/content/download/16790/file/florida-produce-seasonal-availability-chart.pdf
US-FL-FDACS-0113,United States,Florida (statewide; not USA national),state,Celery,MAY,5,in_season,PRIMARY_CONSUMER_AVAILABILITY_MONTHS_REGIONAL,FDACS-SAC-2023,https://ccmedia.fdacs.gov/content/download/16790/file/florida-produce-seasonal-availability-chart.pdf
US-FL-FDACS-0114,United States,Florida (statewide; not USA national),state,Celery,JUN,6,not_in_season,PRIMARY_CONSUMER_AVAILABILITY_MONTHS_REGIONAL,FDACS-SAC-2023,https://ccmedia.fdacs.gov/content/download/16790/file/florida-produce-seasonal-availability-chart.pdf
US-FL-FDACS-0115,United States,Florida (statewide; not USA national),state,Celery,JUL,7,not_in_season,PRIMARY_CONSUMER_AVAILABILITY_MONTHS_REGIONAL,FDACS-SAC-2023,https://ccmedia.fdacs.gov/content/download/16790/file/florida-produce-seasonal-availability-chart.pdf
US-FL-FDACS-0116,United States,Florida (statewide; not USA national),state,Celery,AUG,8,not_in_season,PRIMARY_CONSUMER_AVAILABILITY_MONTHS_REGIONAL,FDACS-SAC-2023,https://ccmedia.fdacs.gov/content/download/16790/file/florida-produce-seasonal-availability-chart.pdf
US-FL-FDACS-0117,United States,Florida (statewide; not USA national),state,Celery,SEP,9,not_in_season,PRIMARY_CONSUMER_AVAILABILITY_MONTHS_REGIONAL,FDACS-SAC-2023,https://ccmedia.fdacs.gov/content/download/16790/file/florida-produce-seasonal-availability-chart.pdf
US-FL-FDACS-0118,United States,Florida (statewide; not USA national),state,Celery,OCT,10,not_in_season,PRIMARY_CONSUMER_AVAILABILITY_MONTHS_REGIONAL,FDACS-SAC-2023,https://ccmedia.fdacs.gov/content/download/16790/file/florida-produce-seasonal-availability-chart.pdf
US-FL-FDACS-0119,United States,Florida (statewide; not USA national),state,Celery,NOV,11,not_in_season,PRIMARY_CONSUMER_AVAILABILITY_MONTHS_REGIONAL,FDACS-SAC-2023,https://ccmedia.fdacs.gov/content/download/16790/file/florida-produce-seasonal-availability-chart.pdf
US-FL-FDACS-0120,United States,Florida (statewide; not USA national),state,Celery,DEC,12,in_season,PRIMARY_CONSUMER_AVAILABILITY_MONTHS_REGIONAL,FDACS-SAC-2023,https://ccmedia.fdacs.gov/content/download/16790/file/florida-produce-seasonal-availability-chart.pdf
US-FL-FDACS-0121,United States,Florida (statewide; not USA national),state,Cilantro,JAN,1,in_season,PRIMARY_CONSUMER_AVAILABILITY_MONTHS_REGIONAL,FDACS-SAC-2023,https://ccmedia.fdacs.gov/content/download/16790/file/florida-produce-seasonal-availability-chart.pdf
US-FL-FDACS-0122,United States,Florida (statewide; not USA national),state,Cilantro,FEB,2,in_season,PRIMARY_CONSUMER_AVAILABILITY_MONTHS_REGIONAL,FDACS-SAC-2023,https://ccmedia.fdacs.gov/content/download/16790/file/florida-produce-seasonal-availability-chart.pdf
US-FL-FDACS-0123,United States,Florida (statewide; not USA national),state,Cilantro,MAR,3,in_season,PRIMARY_CONSUMER_AVAILABILITY_MONTHS_REGIONAL,FDACS-SAC-2023,https://ccmedia.fdacs.gov/content/download/16790/file/florida-produce-seasonal-availability-chart.pdf
US-FL-FDACS-0124,United States,Florida (statewide; not USA national),state,Cilantro,APR,4,in_season,PRIMARY_CONSUMER_AVAILABILITY_MONTHS_REGIONAL,FDACS-SAC-2023,https://ccmedia.fdacs.gov/content/download/16790/file/florida-produce-seasonal-availability-chart.pdf
US-FL-FDACS-0125,United States,Florida (statewide; not USA national),state,Cilantro,MAY,5,in_season,PRIMARY_CONSUMER_AVAILABILITY_MONTHS_REGIONAL,FDACS-SAC-2023,https://ccmedia.fdacs.gov/content/download/16790/file/florida-produce-seasonal-availability-chart.pdf
US-FL-FDACS-0126,United States,Florida (statewide; not USA national),state,Cilantro,JUN,6,not_in_season,PRIMARY_CONSUMER_AVAILABILITY_MONTHS_REGIONAL,FDACS-SAC-2023,https://ccmedia.fdacs.gov/content/download/16790/file/florida-produce-seasonal-availability-chart.pdf
US-FL-FDACS-0127,United States,Florida (statewide; not USA national),state,Cilantro,JUL,7,not_in_season,PRIMARY_CONSUMER_AVAILABILITY_MONTHS_REGIONAL,FDACS-SAC-2023,https://ccmedia.fdacs.gov/content/download/16790/file/florida-produce-seasonal-availability-chart.pdf
US-FL-FDACS-0128,United States,Florida (statewide; not USA national),state,Cilantro,AUG,8,not_in_season,PRIMARY_CONSUMER_AVAILABILITY_MONTHS_REGIONAL,FDACS-SAC-2023,https://ccmedia.fdacs.gov/content/download/16790/file/florida-produce-seasonal-availability-chart.pdf
US-FL-FDACS-0129,United States,Florida (statewide; not USA national),state,Cilantro,SEP,9,not_in_season,PRIMARY_CONSUMER_AVAILABILITY_MONTHS_REGIONAL,FDACS-SAC-2023,https://ccmedia.fdacs.gov/content/download/16790/file/florida-produce-seasonal-availability-chart.pdf
US-FL-FDACS-0130,United States,Florida (statewide; not USA national),state,Cilantro,OCT,10,not_in_season,PRIMARY_CONSUMER_AVAILABILITY_MONTHS_REGIONAL,FDACS-SAC-2023,https://ccmedia.fdacs.gov/content/download/16790/file/florida-produce-seasonal-availability-chart.pdf
US-FL-FDACS-0131,United States,Florida (statewide; not USA national),state,Cilantro,NOV,11,in_season,PRIMARY_CONSUMER_AVAILABILITY_MONTHS_REGIONAL,FDACS-SAC-2023,https://ccmedia.fdacs.gov/content/download/16790/file/florida-produce-seasonal-availability-chart.pdf
US-FL-FDACS-0132,United States,Florida (statewide; not USA national),state,Cilantro,DEC,12,in_season,PRIMARY_CONSUMER_AVAILABILITY_MONTHS_REGIONAL,FDACS-SAC-2023,https://ccmedia.fdacs.gov/content/download/16790/file/florida-produce-seasonal-availability-chart.pdf
US-FL-FDACS-0133,United States,Florida (statewide; not USA national),state,Collard Greens,JAN,1,in_season,PRIMARY_CONSUMER_AVAILABILITY_MONTHS_REGIONAL,FDACS-SAC-2023,https://ccmedia.fdacs.gov/content/download/16790/file/florida-produce-seasonal-availability-chart.pdf
US-FL-FDACS-0134,United States,Florida (statewide; not USA national),state,Collard Greens,FEB,2,in_season,PRIMARY_CONSUMER_AVAILABILITY_MONTHS_REGIONAL,FDACS-SAC-2023,https://ccmedia.fdacs.gov/content/download/16790/file/florida-produce-seasonal-availability-chart.pdf
US-FL-FDACS-0135,United States,Florida (statewide; not USA national),state,Collard Greens,MAR,3,in_season,PRIMARY_CONSUMER_AVAILABILITY_MONTHS_REGIONAL,FDACS-SAC-2023,https://ccmedia.fdacs.gov/content/download/16790/file/florida-produce-seasonal-availability-chart.pdf
US-FL-FDACS-0136,United States,Florida (statewide; not USA national),state,Collard Greens,APR,4,in_season,PRIMARY_CONSUMER_AVAILABILITY_MONTHS_REGIONAL,FDACS-SAC-2023,https://ccmedia.fdacs.gov/content/download/16790/file/florida-produce-seasonal-availability-chart.pdf
US-FL-FDACS-0137,United States,Florida (statewide; not USA national),state,Collard Greens,MAY,5,not_in_season,PRIMARY_CONSUMER_AVAILABILITY_MONTHS_REGIONAL,FDACS-SAC-2023,https://ccmedia.fdacs.gov/content/download/16790/file/florida-produce-seasonal-availability-chart.pdf
US-FL-FDACS-0138,United States,Florida (statewide; not USA national),state,Collard Greens,JUN,6,not_in_season,PRIMARY_CONSUMER_AVAILABILITY_MONTHS_REGIONAL,FDACS-SAC-2023,https://ccmedia.fdacs.gov/content/download/16790/file/florida-produce-seasonal-availability-chart.pdf
US-FL-FDACS-0139,United States,Florida (statewide; not USA national),state,Collard Greens,JUL,7,not_in_season,PRIMARY_CONSUMER_AVAILABILITY_MONTHS_REGIONAL,FDACS-SAC-2023,https://ccmedia.fdacs.gov/content/download/16790/file/florida-produce-seasonal-availability-chart.pdf
US-FL-FDACS-0140,United States,Florida (statewide; not USA national),state,Collard Greens,AUG,8,not_in_season,PRIMARY_CONSUMER_AVAILABILITY_MONTHS_REGIONAL,FDACS-SAC-2023,https://ccmedia.fdacs.gov/content/download/16790/file/florida-produce-seasonal-availability-chart.pdf
US-FL-FDACS-0141,United States,Florida (statewide; not USA national),state,Collard Greens,SEP,9,not_in_season,PRIMARY_CONSUMER_AVAILABILITY_MONTHS_REGIONAL,FDACS-SAC-2023,https://ccmedia.fdacs.gov/content/download/16790/file/florida-produce-seasonal-availability-chart.pdf
US-FL-FDACS-0142,United States,Florida (statewide; not USA national),state,Collard Greens,OCT,10,not_in_season,PRIMARY_CONSUMER_AVAILABILITY_MONTHS_REGIONAL,FDACS-SAC-2023,https://ccmedia.fdacs.gov/content/download/16790/file/florida-produce-seasonal-availability-chart.pdf
US-FL-FDACS-0143,United States,Florida (statewide; not USA national),state,Collard Greens,NOV,11,not_in_season,PRIMARY_CONSUMER_AVAILABILITY_MONTHS_REGIONAL,FDACS-SAC-2023,https://ccmedia.fdacs.gov/content/download/16790/file/florida-produce-seasonal-availability-chart.pdf
US-FL-FDACS-0144,United States,Florida (statewide; not USA national),state,Collard Greens,DEC,12,in_season,PRIMARY_CONSUMER_AVAILABILITY_MONTHS_REGIONAL,FDACS-SAC-2023,https://ccmedia.fdacs.gov/content/download/16790/file/florida-produce-seasonal-availability-chart.pdf
US-FL-FDACS-0145,United States,Florida (statewide; not USA national),state,Cucumber,JAN,1,in_season,PRIMARY_CONSUMER_AVAILABILITY_MONTHS_REGIONAL,FDACS-SAC-2023,https://ccmedia.fdacs.gov/content/download/16790/file/florida-produce-seasonal-availability-chart.pdf
US-FL-FDACS-0146,United States,Florida (statewide; not USA national),state,Cucumber,FEB,2,in_season,PRIMARY_CONSUMER_AVAILABILITY_MONTHS_REGIONAL,FDACS-SAC-2023,https://ccmedia.fdacs.gov/content/download/16790/file/florida-produce-seasonal-availability-chart.pdf
US-FL-FDACS-0147,United States,Florida (statewide; not USA national),state,Cucumber,MAR,3,in_season,PRIMARY_CONSUMER_AVAILABILITY_MONTHS_REGIONAL,FDACS-SAC-2023,https://ccmedia.fdacs.gov/content/download/16790/file/florida-produce-seasonal-availability-chart.pdf
US-FL-FDACS-0148,United States,Florida (statewide; not USA national),state,Cucumber,APR,4,in_season,PRIMARY_CONSUMER_AVAILABILITY_MONTHS_REGIONAL,FDACS-SAC-2023,https://ccmedia.fdacs.gov/content/download/16790/file/florida-produce-seasonal-availability-chart.pdf
US-FL-FDACS-0149,United States,Florida (statewide; not USA national),state,Cucumber,MAY,5,in_season,PRIMARY_CONSUMER_AVAILABILITY_MONTHS_REGIONAL,FDACS-SAC-2023,https://ccmedia.fdacs.gov/content/download/16790/file/florida-produce-seasonal-availability-chart.pdf
US-FL-FDACS-0150,United States,Florida (statewide; not USA national),state,Cucumber,JUN,6,in_season,PRIMARY_CONSUMER_AVAILABILITY_MONTHS_REGIONAL,FDACS-SAC-2023,https://ccmedia.fdacs.gov/content/download/16790/file/florida-produce-seasonal-availability-chart.pdf
US-FL-FDACS-0151,United States,Florida (statewide; not USA national),state,Cucumber,JUL,7,not_in_season,PRIMARY_CONSUMER_AVAILABILITY_MONTHS_REGIONAL,FDACS-SAC-2023,https://ccmedia.fdacs.gov/content/download/16790/file/florida-produce-seasonal-availability-chart.pdf
US-FL-FDACS-0152,United States,Florida (statewide; not USA national),state,Cucumber,AUG,8,not_in_season,PRIMARY_CONSUMER_AVAILABILITY_MONTHS_REGIONAL,FDACS-SAC-2023,https://ccmedia.fdacs.gov/content/download/16790/file/florida-produce-seasonal-availability-chart.pdf
US-FL-FDACS-0153,United States,Florida (statewide; not USA national),state,Cucumber,SEP,9,not_in_season,PRIMARY_CONSUMER_AVAILABILITY_MONTHS_REGIONAL,FDACS-SAC-2023,https://ccmedia.fdacs.gov/content/download/16790/file/florida-produce-seasonal-availability-chart.pdf
US-FL-FDACS-0154,United States,Florida (statewide; not USA national),state,Cucumber,OCT,10,in_season,PRIMARY_CONSUMER_AVAILABILITY_MONTHS_REGIONAL,FDACS-SAC-2023,https://ccmedia.fdacs.gov/content/download/16790/file/florida-produce-seasonal-availability-chart.pdf
US-FL-FDACS-0155,United States,Florida (statewide; not USA national),state,Cucumber,NOV,11,in_season,PRIMARY_CONSUMER_AVAILABILITY_MONTHS_REGIONAL,FDACS-SAC-2023,https://ccmedia.fdacs.gov/content/download/16790/file/florida-produce-seasonal-availability-chart.pdf
US-FL-FDACS-0156,United States,Florida (statewide; not USA national),state,Cucumber,DEC,12,in_season,PRIMARY_CONSUMER_AVAILABILITY_MONTHS_REGIONAL,FDACS-SAC-2023,https://ccmedia.fdacs.gov/content/download/16790/file/florida-produce-seasonal-availability-chart.pdf
US-FL-FDACS-0157,United States,Florida (statewide; not USA national),state,Eggplant,JAN,1,in_season,PRIMARY_CONSUMER_AVAILABILITY_MONTHS_REGIONAL,FDACS-SAC-2023,https://ccmedia.fdacs.gov/content/download/16790/file/florida-produce-seasonal-availability-chart.pdf
US-FL-FDACS-0158,United States,Florida (statewide; not USA national),state,Eggplant,FEB,2,in_season,PRIMARY_CONSUMER_AVAILABILITY_MONTHS_REGIONAL,FDACS-SAC-2023,https://ccmedia.fdacs.gov/content/download/16790/file/florida-produce-seasonal-availability-chart.pdf
US-FL-FDACS-0159,United States,Florida (statewide; not USA national),state,Eggplant,MAR,3,in_season,PRIMARY_CONSUMER_AVAILABILITY_MONTHS_REGIONAL,FDACS-SAC-2023,https://ccmedia.fdacs.gov/content/download/16790/file/florida-produce-seasonal-availability-chart.pdf
US-FL-FDACS-0160,United States,Florida (statewide; not USA national),state,Eggplant,APR,4,in_season,PRIMARY_CONSUMER_AVAILABILITY_MONTHS_REGIONAL,FDACS-SAC-2023,https://ccmedia.fdacs.gov/content/download/16790/file/florida-produce-seasonal-availability-chart.pdf
US-FL-FDACS-0161,United States,Florida (statewide; not USA national),state,Eggplant,MAY,5,in_season,PRIMARY_CONSUMER_AVAILABILITY_MONTHS_REGIONAL,FDACS-SAC-2023,https://ccmedia.fdacs.gov/content/download/16790/file/florida-produce-seasonal-availability-chart.pdf
US-FL-FDACS-0162,United States,Florida (statewide; not USA national),state,Eggplant,JUN,6,in_season,PRIMARY_CONSUMER_AVAILABILITY_MONTHS_REGIONAL,FDACS-SAC-2023,https://ccmedia.fdacs.gov/content/download/16790/file/florida-produce-seasonal-availability-chart.pdf
US-FL-FDACS-0163,United States,Florida (statewide; not USA national),state,Eggplant,JUL,7,not_in_season,PRIMARY_CONSUMER_AVAILABILITY_MONTHS_REGIONAL,FDACS-SAC-2023,https://ccmedia.fdacs.gov/content/download/16790/file/florida-produce-seasonal-availability-chart.pdf
US-FL-FDACS-0164,United States,Florida (statewide; not USA national),state,Eggplant,AUG,8,not_in_season,PRIMARY_CONSUMER_AVAILABILITY_MONTHS_REGIONAL,FDACS-SAC-2023,https://ccmedia.fdacs.gov/content/download/16790/file/florida-produce-seasonal-availability-chart.pdf
US-FL-FDACS-0165,United States,Florida (statewide; not USA national),state,Eggplant,SEP,9,not_in_season,PRIMARY_CONSUMER_AVAILABILITY_MONTHS_REGIONAL,FDACS-SAC-2023,https://ccmedia.fdacs.gov/content/download/16790/file/florida-produce-seasonal-availability-chart.pdf
US-FL-FDACS-0166,United States,Florida (statewide; not USA national),state,Eggplant,OCT,10,in_season,PRIMARY_CONSUMER_AVAILABILITY_MONTHS_REGIONAL,FDACS-SAC-2023,https://ccmedia.fdacs.gov/content/download/16790/file/florida-produce-seasonal-availability-chart.pdf
US-FL-FDACS-0167,United States,Florida (statewide; not USA national),state,Eggplant,NOV,11,in_season,PRIMARY_CONSUMER_AVAILABILITY_MONTHS_REGIONAL,FDACS-SAC-2023,https://ccmedia.fdacs.gov/content/download/16790/file/florida-produce-seasonal-availability-chart.pdf
US-FL-FDACS-0168,United States,Florida (statewide; not USA national),state,Eggplant,DEC,12,in_season,PRIMARY_CONSUMER_AVAILABILITY_MONTHS_REGIONAL,FDACS-SAC-2023,https://ccmedia.fdacs.gov/content/download/16790/file/florida-produce-seasonal-availability-chart.pdf
US-FL-FDACS-0169,United States,Florida (statewide; not USA national),state,Endive,JAN,1,in_season,PRIMARY_CONSUMER_AVAILABILITY_MONTHS_REGIONAL,FDACS-SAC-2023,https://ccmedia.fdacs.gov/content/download/16790/file/florida-produce-seasonal-availability-chart.pdf
US-FL-FDACS-0170,United States,Florida (statewide; not USA national),state,Endive,FEB,2,in_season,PRIMARY_CONSUMER_AVAILABILITY_MONTHS_REGIONAL,FDACS-SAC-2023,https://ccmedia.fdacs.gov/content/download/16790/file/florida-produce-seasonal-availability-chart.pdf
US-FL-FDACS-0171,United States,Florida (statewide; not USA national),state,Endive,MAR,3,in_season,PRIMARY_CONSUMER_AVAILABILITY_MONTHS_REGIONAL,FDACS-SAC-2023,https://ccmedia.fdacs.gov/content/download/16790/file/florida-produce-seasonal-availability-chart.pdf
US-FL-FDACS-0172,United States,Florida (statewide; not USA national),state,Endive,APR,4,in_season,PRIMARY_CONSUMER_AVAILABILITY_MONTHS_REGIONAL,FDACS-SAC-2023,https://ccmedia.fdacs.gov/content/download/16790/file/florida-produce-seasonal-availability-chart.pdf
US-FL-FDACS-0173,United States,Florida (statewide; not USA national),state,Endive,MAY,5,not_in_season,PRIMARY_CONSUMER_AVAILABILITY_MONTHS_REGIONAL,FDACS-SAC-2023,https://ccmedia.fdacs.gov/content/download/16790/file/florida-produce-seasonal-availability-chart.pdf
US-FL-FDACS-0174,United States,Florida (statewide; not USA national),state,Endive,JUN,6,not_in_season,PRIMARY_CONSUMER_AVAILABILITY_MONTHS_REGIONAL,FDACS-SAC-2023,https://ccmedia.fdacs.gov/content/download/16790/file/florida-produce-seasonal-availability-chart.pdf
US-FL-FDACS-0175,United States,Florida (statewide; not USA national),state,Endive,JUL,7,not_in_season,PRIMARY_CONSUMER_AVAILABILITY_MONTHS_REGIONAL,FDACS-SAC-2023,https://ccmedia.fdacs.gov/content/download/16790/file/florida-produce-seasonal-availability-chart.pdf
US-FL-FDACS-0176,United States,Florida (statewide; not USA national),state,Endive,AUG,8,not_in_season,PRIMARY_CONSUMER_AVAILABILITY_MONTHS_REGIONAL,FDACS-SAC-2023,https://ccmedia.fdacs.gov/content/download/16790/file/florida-produce-seasonal-availability-chart.pdf
US-FL-FDACS-0177,United States,Florida (statewide; not USA national),state,Endive,SEP,9,not_in_season,PRIMARY_CONSUMER_AVAILABILITY_MONTHS_REGIONAL,FDACS-SAC-2023,https://ccmedia.fdacs.gov/content/download/16790/file/florida-produce-seasonal-availability-chart.pdf
US-FL-FDACS-0178,United States,Florida (statewide; not USA national),state,Endive,OCT,10,not_in_season,PRIMARY_CONSUMER_AVAILABILITY_MONTHS_REGIONAL,FDACS-SAC-2023,https://ccmedia.fdacs.gov/content/download/16790/file/florida-produce-seasonal-availability-chart.pdf
US-FL-FDACS-0179,United States,Florida (statewide; not USA national),state,Endive,NOV,11,in_season,PRIMARY_CONSUMER_AVAILABILITY_MONTHS_REGIONAL,FDACS-SAC-2023,https://ccmedia.fdacs.gov/content/download/16790/file/florida-produce-seasonal-availability-chart.pdf
US-FL-FDACS-0180,United States,Florida (statewide; not USA national),state,Endive,DEC,12,in_season,PRIMARY_CONSUMER_AVAILABILITY_MONTHS_REGIONAL,FDACS-SAC-2023,https://ccmedia.fdacs.gov/content/download/16790/file/florida-produce-seasonal-availability-chart.pdf
US-FL-FDACS-0181,United States,Florida (statewide; not USA national),state,Escarole,JAN,1,in_season,PRIMARY_CONSUMER_AVAILABILITY_MONTHS_REGIONAL,FDACS-SAC-2023,https://ccmedia.fdacs.gov/content/download/16790/file/florida-produce-seasonal-availability-chart.pdf
US-FL-FDACS-0182,United States,Florida (statewide; not USA national),state,Escarole,FEB,2,in_season,PRIMARY_CONSUMER_AVAILABILITY_MONTHS_REGIONAL,FDACS-SAC-2023,https://ccmedia.fdacs.gov/content/download/16790/file/florida-produce-seasonal-availability-chart.pdf
US-FL-FDACS-0183,United States,Florida (statewide; not USA national),state,Escarole,MAR,3,in_season,PRIMARY_CONSUMER_AVAILABILITY_MONTHS_REGIONAL,FDACS-SAC-2023,https://ccmedia.fdacs.gov/content/download/16790/file/florida-produce-seasonal-availability-chart.pdf
US-FL-FDACS-0184,United States,Florida (statewide; not USA national),state,Escarole,APR,4,in_season,PRIMARY_CONSUMER_AVAILABILITY_MONTHS_REGIONAL,FDACS-SAC-2023,https://ccmedia.fdacs.gov/content/download/16790/file/florida-produce-seasonal-availability-chart.pdf
US-FL-FDACS-0185,United States,Florida (statewide; not USA national),state,Escarole,MAY,5,not_in_season,PRIMARY_CONSUMER_AVAILABILITY_MONTHS_REGIONAL,FDACS-SAC-2023,https://ccmedia.fdacs.gov/content/download/16790/file/florida-produce-seasonal-availability-chart.pdf
US-FL-FDACS-0186,United States,Florida (statewide; not USA national),state,Escarole,JUN,6,not_in_season,PRIMARY_CONSUMER_AVAILABILITY_MONTHS_REGIONAL,FDACS-SAC-2023,https://ccmedia.fdacs.gov/content/download/16790/file/florida-produce-seasonal-availability-chart.pdf
US-FL-FDACS-0187,United States,Florida (statewide; not USA national),state,Escarole,JUL,7,not_in_season,PRIMARY_CONSUMER_AVAILABILITY_MONTHS_REGIONAL,FDACS-SAC-2023,https://ccmedia.fdacs.gov/content/download/16790/file/florida-produce-seasonal-availability-chart.pdf
US-FL-FDACS-0188,United States,Florida (statewide; not USA national),state,Escarole,AUG,8,not_in_season,PRIMARY_CONSUMER_AVAILABILITY_MONTHS_REGIONAL,FDACS-SAC-2023,https://ccmedia.fdacs.gov/content/download/16790/file/florida-produce-seasonal-availability-chart.pdf
US-FL-FDACS-0189,United States,Florida (statewide; not USA national),state,Escarole,SEP,9,not_in_season,PRIMARY_CONSUMER_AVAILABILITY_MONTHS_REGIONAL,FDACS-SAC-2023,https://ccmedia.fdacs.gov/content/download/16790/file/florida-produce-seasonal-availability-chart.pdf
US-FL-FDACS-0190,United States,Florida (statewide; not USA national),state,Escarole,OCT,10,not_in_season,PRIMARY_CONSUMER_AVAILABILITY_MONTHS_REGIONAL,FDACS-SAC-2023,https://ccmedia.fdacs.gov/content/download/16790/file/florida-produce-seasonal-availability-chart.pdf
US-FL-FDACS-0191,United States,Florida (statewide; not USA national),state,Escarole,NOV,11,in_season,PRIMARY_CONSUMER_AVAILABILITY_MONTHS_REGIONAL,FDACS-SAC-2023,https://ccmedia.fdacs.gov/content/download/16790/file/florida-produce-seasonal-availability-chart.pdf
US-FL-FDACS-0192,United States,Florida (statewide; not USA national),state,Escarole,DEC,12,in_season,PRIMARY_CONSUMER_AVAILABILITY_MONTHS_REGIONAL,FDACS-SAC-2023,https://ccmedia.fdacs.gov/content/download/16790/file/florida-produce-seasonal-availability-chart.pdf
US-FL-FDACS-0193,United States,Florida (statewide; not USA national),state,Grapefruit,JAN,1,in_season,PRIMARY_CONSUMER_AVAILABILITY_MONTHS_REGIONAL,FDACS-SAC-2023,https://ccmedia.fdacs.gov/content/download/16790/file/florida-produce-seasonal-availability-chart.pdf
US-FL-FDACS-0194,United States,Florida (statewide; not USA national),state,Grapefruit,FEB,2,in_season,PRIMARY_CONSUMER_AVAILABILITY_MONTHS_REGIONAL,FDACS-SAC-2023,https://ccmedia.fdacs.gov/content/download/16790/file/florida-produce-seasonal-availability-chart.pdf
US-FL-FDACS-0195,United States,Florida (statewide; not USA national),state,Grapefruit,MAR,3,in_season,PRIMARY_CONSUMER_AVAILABILITY_MONTHS_REGIONAL,FDACS-SAC-2023,https://ccmedia.fdacs.gov/content/download/16790/file/florida-produce-seasonal-availability-chart.pdf
US-FL-FDACS-0196,United States,Florida (statewide; not USA national),state,Grapefruit,APR,4,in_season,PRIMARY_CONSUMER_AVAILABILITY_MONTHS_REGIONAL,FDACS-SAC-2023,https://ccmedia.fdacs.gov/content/download/16790/file/florida-produce-seasonal-availability-chart.pdf
US-FL-FDACS-0197,United States,Florida (statewide; not USA national),state,Grapefruit,MAY,5,in_season,PRIMARY_CONSUMER_AVAILABILITY_MONTHS_REGIONAL,FDACS-SAC-2023,https://ccmedia.fdacs.gov/content/download/16790/file/florida-produce-seasonal-availability-chart.pdf
US-FL-FDACS-0198,United States,Florida (statewide; not USA national),state,Grapefruit,JUN,6,not_in_season,PRIMARY_CONSUMER_AVAILABILITY_MONTHS_REGIONAL,FDACS-SAC-2023,https://ccmedia.fdacs.gov/content/download/16790/file/florida-produce-seasonal-availability-chart.pdf
US-FL-FDACS-0199,United States,Florida (statewide; not USA national),state,Grapefruit,JUL,7,not_in_season,PRIMARY_CONSUMER_AVAILABILITY_MONTHS_REGIONAL,FDACS-SAC-2023,https://ccmedia.fdacs.gov/content/download/16790/file/florida-produce-seasonal-availability-chart.pdf
US-FL-FDACS-0200,United States,Florida (statewide; not USA national),state,Grapefruit,AUG,8,not_in_season,PRIMARY_CONSUMER_AVAILABILITY_MONTHS_REGIONAL,FDACS-SAC-2023,https://ccmedia.fdacs.gov/content/download/16790/file/florida-produce-seasonal-availability-chart.pdf
US-FL-FDACS-0201,United States,Florida (statewide; not USA national),state,Grapefruit,SEP,9,not_in_season,PRIMARY_CONSUMER_AVAILABILITY_MONTHS_REGIONAL,FDACS-SAC-2023,https://ccmedia.fdacs.gov/content/download/16790/file/florida-produce-seasonal-availability-chart.pdf
US-FL-FDACS-0202,United States,Florida (statewide; not USA national),state,Grapefruit,OCT,10,in_season,PRIMARY_CONSUMER_AVAILABILITY_MONTHS_REGIONAL,FDACS-SAC-2023,https://ccmedia.fdacs.gov/content/download/16790/file/florida-produce-seasonal-availability-chart.pdf
US-FL-FDACS-0203,United States,Florida (statewide; not USA national),state,Grapefruit,NOV,11,in_season,PRIMARY_CONSUMER_AVAILABILITY_MONTHS_REGIONAL,FDACS-SAC-2023,https://ccmedia.fdacs.gov/content/download/16790/file/florida-produce-seasonal-availability-chart.pdf
US-FL-FDACS-0204,United States,Florida (statewide; not USA national),state,Grapefruit,DEC,12,in_season,PRIMARY_CONSUMER_AVAILABILITY_MONTHS_REGIONAL,FDACS-SAC-2023,https://ccmedia.fdacs.gov/content/download/16790/file/florida-produce-seasonal-availability-chart.pdf
US-FL-FDACS-0205,United States,Florida (statewide; not USA national),state,Lettuce,JAN,1,in_season,PRIMARY_CONSUMER_AVAILABILITY_MONTHS_REGIONAL,FDACS-SAC-2023,https://ccmedia.fdacs.gov/content/download/16790/file/florida-produce-seasonal-availability-chart.pdf
US-FL-FDACS-0206,United States,Florida (statewide; not USA national),state,Lettuce,FEB,2,in_season,PRIMARY_CONSUMER_AVAILABILITY_MONTHS_REGIONAL,FDACS-SAC-2023,https://ccmedia.fdacs.gov/content/download/16790/file/florida-produce-seasonal-availability-chart.pdf
US-FL-FDACS-0207,United States,Florida (statewide; not USA national),state,Lettuce,MAR,3,in_season,PRIMARY_CONSUMER_AVAILABILITY_MONTHS_REGIONAL,FDACS-SAC-2023,https://ccmedia.fdacs.gov/content/download/16790/file/florida-produce-seasonal-availability-chart.pdf
US-FL-FDACS-0208,United States,Florida (statewide; not USA national),state,Lettuce,APR,4,in_season,PRIMARY_CONSUMER_AVAILABILITY_MONTHS_REGIONAL,FDACS-SAC-2023,https://ccmedia.fdacs.gov/content/download/16790/file/florida-produce-seasonal-availability-chart.pdf
US-FL-FDACS-0209,United States,Florida (statewide; not USA national),state,Lettuce,MAY,5,not_in_season,PRIMARY_CONSUMER_AVAILABILITY_MONTHS_REGIONAL,FDACS-SAC-2023,https://ccmedia.fdacs.gov/content/download/16790/file/florida-produce-seasonal-availability-chart.pdf
US-FL-FDACS-0210,United States,Florida (statewide; not USA national),state,Lettuce,JUN,6,not_in_season,PRIMARY_CONSUMER_AVAILABILITY_MONTHS_REGIONAL,FDACS-SAC-2023,https://ccmedia.fdacs.gov/content/download/16790/file/florida-produce-seasonal-availability-chart.pdf
US-FL-FDACS-0211,United States,Florida (statewide; not USA national),state,Lettuce,JUL,7,not_in_season,PRIMARY_CONSUMER_AVAILABILITY_MONTHS_REGIONAL,FDACS-SAC-2023,https://ccmedia.fdacs.gov/content/download/16790/file/florida-produce-seasonal-availability-chart.pdf
US-FL-FDACS-0212,United States,Florida (statewide; not USA national),state,Lettuce,AUG,8,not_in_season,PRIMARY_CONSUMER_AVAILABILITY_MONTHS_REGIONAL,FDACS-SAC-2023,https://ccmedia.fdacs.gov/content/download/16790/file/florida-produce-seasonal-availability-chart.pdf
US-FL-FDACS-0213,United States,Florida (statewide; not USA national),state,Lettuce,SEP,9,not_in_season,PRIMARY_CONSUMER_AVAILABILITY_MONTHS_REGIONAL,FDACS-SAC-2023,https://ccmedia.fdacs.gov/content/download/16790/file/florida-produce-seasonal-availability-chart.pdf
US-FL-FDACS-0214,United States,Florida (statewide; not USA national),state,Lettuce,OCT,10,not_in_season,PRIMARY_CONSUMER_AVAILABILITY_MONTHS_REGIONAL,FDACS-SAC-2023,https://ccmedia.fdacs.gov/content/download/16790/file/florida-produce-seasonal-availability-chart.pdf
US-FL-FDACS-0215,United States,Florida (statewide; not USA national),state,Lettuce,NOV,11,in_season,PRIMARY_CONSUMER_AVAILABILITY_MONTHS_REGIONAL,FDACS-SAC-2023,https://ccmedia.fdacs.gov/content/download/16790/file/florida-produce-seasonal-availability-chart.pdf
US-FL-FDACS-0216,United States,Florida (statewide; not USA national),state,Lettuce,DEC,12,in_season,PRIMARY_CONSUMER_AVAILABILITY_MONTHS_REGIONAL,FDACS-SAC-2023,https://ccmedia.fdacs.gov/content/download/16790/file/florida-produce-seasonal-availability-chart.pdf
US-FL-FDACS-0217,United States,Florida (statewide; not USA national),state,Mango,JAN,1,not_in_season,PRIMARY_CONSUMER_AVAILABILITY_MONTHS_REGIONAL,FDACS-SAC-2023,https://ccmedia.fdacs.gov/content/download/16790/file/florida-produce-seasonal-availability-chart.pdf
US-FL-FDACS-0218,United States,Florida (statewide; not USA national),state,Mango,FEB,2,not_in_season,PRIMARY_CONSUMER_AVAILABILITY_MONTHS_REGIONAL,FDACS-SAC-2023,https://ccmedia.fdacs.gov/content/download/16790/file/florida-produce-seasonal-availability-chart.pdf
US-FL-FDACS-0219,United States,Florida (statewide; not USA national),state,Mango,MAR,3,not_in_season,PRIMARY_CONSUMER_AVAILABILITY_MONTHS_REGIONAL,FDACS-SAC-2023,https://ccmedia.fdacs.gov/content/download/16790/file/florida-produce-seasonal-availability-chart.pdf
US-FL-FDACS-0220,United States,Florida (statewide; not USA national),state,Mango,APR,4,not_in_season,PRIMARY_CONSUMER_AVAILABILITY_MONTHS_REGIONAL,FDACS-SAC-2023,https://ccmedia.fdacs.gov/content/download/16790/file/florida-produce-seasonal-availability-chart.pdf
US-FL-FDACS-0221,United States,Florida (statewide; not USA national),state,Mango,MAY,5,in_season,PRIMARY_CONSUMER_AVAILABILITY_MONTHS_REGIONAL,FDACS-SAC-2023,https://ccmedia.fdacs.gov/content/download/16790/file/florida-produce-seasonal-availability-chart.pdf
US-FL-FDACS-0222,United States,Florida (statewide; not USA national),state,Mango,JUN,6,in_season,PRIMARY_CONSUMER_AVAILABILITY_MONTHS_REGIONAL,FDACS-SAC-2023,https://ccmedia.fdacs.gov/content/download/16790/file/florida-produce-seasonal-availability-chart.pdf
US-FL-FDACS-0223,United States,Florida (statewide; not USA national),state,Mango,JUL,7,in_season,PRIMARY_CONSUMER_AVAILABILITY_MONTHS_REGIONAL,FDACS-SAC-2023,https://ccmedia.fdacs.gov/content/download/16790/file/florida-produce-seasonal-availability-chart.pdf
US-FL-FDACS-0224,United States,Florida (statewide; not USA national),state,Mango,AUG,8,in_season,PRIMARY_CONSUMER_AVAILABILITY_MONTHS_REGIONAL,FDACS-SAC-2023,https://ccmedia.fdacs.gov/content/download/16790/file/florida-produce-seasonal-availability-chart.pdf
US-FL-FDACS-0225,United States,Florida (statewide; not USA national),state,Mango,SEP,9,in_season,PRIMARY_CONSUMER_AVAILABILITY_MONTHS_REGIONAL,FDACS-SAC-2023,https://ccmedia.fdacs.gov/content/download/16790/file/florida-produce-seasonal-availability-chart.pdf
US-FL-FDACS-0226,United States,Florida (statewide; not USA national),state,Mango,OCT,10,not_in_season,PRIMARY_CONSUMER_AVAILABILITY_MONTHS_REGIONAL,FDACS-SAC-2023,https://ccmedia.fdacs.gov/content/download/16790/file/florida-produce-seasonal-availability-chart.pdf
US-FL-FDACS-0227,United States,Florida (statewide; not USA national),state,Mango,NOV,11,not_in_season,PRIMARY_CONSUMER_AVAILABILITY_MONTHS_REGIONAL,FDACS-SAC-2023,https://ccmedia.fdacs.gov/content/download/16790/file/florida-produce-seasonal-availability-chart.pdf
US-FL-FDACS-0228,United States,Florida (statewide; not USA national),state,Mango,DEC,12,not_in_season,PRIMARY_CONSUMER_AVAILABILITY_MONTHS_REGIONAL,FDACS-SAC-2023,https://ccmedia.fdacs.gov/content/download/16790/file/florida-produce-seasonal-availability-chart.pdf
US-FL-FDACS-0229,United States,Florida (statewide; not USA national),state,Mushroom,JAN,1,in_season,PRIMARY_CONSUMER_AVAILABILITY_MONTHS_REGIONAL,FDACS-SAC-2023,https://ccmedia.fdacs.gov/content/download/16790/file/florida-produce-seasonal-availability-chart.pdf
US-FL-FDACS-0230,United States,Florida (statewide; not USA national),state,Mushroom,FEB,2,in_season,PRIMARY_CONSUMER_AVAILABILITY_MONTHS_REGIONAL,FDACS-SAC-2023,https://ccmedia.fdacs.gov/content/download/16790/file/florida-produce-seasonal-availability-chart.pdf
US-FL-FDACS-0231,United States,Florida (statewide; not USA national),state,Mushroom,MAR,3,in_season,PRIMARY_CONSUMER_AVAILABILITY_MONTHS_REGIONAL,FDACS-SAC-2023,https://ccmedia.fdacs.gov/content/download/16790/file/florida-produce-seasonal-availability-chart.pdf
US-FL-FDACS-0232,United States,Florida (statewide; not USA national),state,Mushroom,APR,4,in_season,PRIMARY_CONSUMER_AVAILABILITY_MONTHS_REGIONAL,FDACS-SAC-2023,https://ccmedia.fdacs.gov/content/download/16790/file/florida-produce-seasonal-availability-chart.pdf
US-FL-FDACS-0233,United States,Florida (statewide; not USA national),state,Mushroom,MAY,5,in_season,PRIMARY_CONSUMER_AVAILABILITY_MONTHS_REGIONAL,FDACS-SAC-2023,https://ccmedia.fdacs.gov/content/download/16790/file/florida-produce-seasonal-availability-chart.pdf
US-FL-FDACS-0234,United States,Florida (statewide; not USA national),state,Mushroom,JUN,6,in_season,PRIMARY_CONSUMER_AVAILABILITY_MONTHS_REGIONAL,FDACS-SAC-2023,https://ccmedia.fdacs.gov/content/download/16790/file/florida-produce-seasonal-availability-chart.pdf
US-FL-FDACS-0235,United States,Florida (statewide; not USA national),state,Mushroom,JUL,7,in_season,PRIMARY_CONSUMER_AVAILABILITY_MONTHS_REGIONAL,FDACS-SAC-2023,https://ccmedia.fdacs.gov/content/download/16790/file/florida-produce-seasonal-availability-chart.pdf
US-FL-FDACS-0236,United States,Florida (statewide; not USA national),state,Mushroom,AUG,8,in_season,PRIMARY_CONSUMER_AVAILABILITY_MONTHS_REGIONAL,FDACS-SAC-2023,https://ccmedia.fdacs.gov/content/download/16790/file/florida-produce-seasonal-availability-chart.pdf
US-FL-FDACS-0237,United States,Florida (statewide; not USA national),state,Mushroom,SEP,9,in_season,PRIMARY_CONSUMER_AVAILABILITY_MONTHS_REGIONAL,FDACS-SAC-2023,https://ccmedia.fdacs.gov/content/download/16790/file/florida-produce-seasonal-availability-chart.pdf
US-FL-FDACS-0238,United States,Florida (statewide; not USA national),state,Mushroom,OCT,10,in_season,PRIMARY_CONSUMER_AVAILABILITY_MONTHS_REGIONAL,FDACS-SAC-2023,https://ccmedia.fdacs.gov/content/download/16790/file/florida-produce-seasonal-availability-chart.pdf
US-FL-FDACS-0239,United States,Florida (statewide; not USA national),state,Mushroom,NOV,11,in_season,PRIMARY_CONSUMER_AVAILABILITY_MONTHS_REGIONAL,FDACS-SAC-2023,https://ccmedia.fdacs.gov/content/download/16790/file/florida-produce-seasonal-availability-chart.pdf
US-FL-FDACS-0240,United States,Florida (statewide; not USA national),state,Mushroom,DEC,12,in_season,PRIMARY_CONSUMER_AVAILABILITY_MONTHS_REGIONAL,FDACS-SAC-2023,https://ccmedia.fdacs.gov/content/download/16790/file/florida-produce-seasonal-availability-chart.pdf
US-FL-FDACS-0241,United States,Florida (statewide; not USA national),state,Orange,JAN,1,in_season,PRIMARY_CONSUMER_AVAILABILITY_MONTHS_REGIONAL,FDACS-SAC-2023,https://ccmedia.fdacs.gov/content/download/16790/file/florida-produce-seasonal-availability-chart.pdf
US-FL-FDACS-0242,United States,Florida (statewide; not USA national),state,Orange,FEB,2,in_season,PRIMARY_CONSUMER_AVAILABILITY_MONTHS_REGIONAL,FDACS-SAC-2023,https://ccmedia.fdacs.gov/content/download/16790/file/florida-produce-seasonal-availability-chart.pdf
US-FL-FDACS-0243,United States,Florida (statewide; not USA national),state,Orange,MAR,3,in_season,PRIMARY_CONSUMER_AVAILABILITY_MONTHS_REGIONAL,FDACS-SAC-2023,https://ccmedia.fdacs.gov/content/download/16790/file/florida-produce-seasonal-availability-chart.pdf
US-FL-FDACS-0244,United States,Florida (statewide; not USA national),state,Orange,APR,4,in_season,PRIMARY_CONSUMER_AVAILABILITY_MONTHS_REGIONAL,FDACS-SAC-2023,https://ccmedia.fdacs.gov/content/download/16790/file/florida-produce-seasonal-availability-chart.pdf
US-FL-FDACS-0245,United States,Florida (statewide; not USA national),state,Orange,MAY,5,in_season,PRIMARY_CONSUMER_AVAILABILITY_MONTHS_REGIONAL,FDACS-SAC-2023,https://ccmedia.fdacs.gov/content/download/16790/file/florida-produce-seasonal-availability-chart.pdf
US-FL-FDACS-0246,United States,Florida (statewide; not USA national),state,Orange,JUN,6,in_season,PRIMARY_CONSUMER_AVAILABILITY_MONTHS_REGIONAL,FDACS-SAC-2023,https://ccmedia.fdacs.gov/content/download/16790/file/florida-produce-seasonal-availability-chart.pdf
US-FL-FDACS-0247,United States,Florida (statewide; not USA national),state,Orange,JUL,7,not_in_season,PRIMARY_CONSUMER_AVAILABILITY_MONTHS_REGIONAL,FDACS-SAC-2023,https://ccmedia.fdacs.gov/content/download/16790/file/florida-produce-seasonal-availability-chart.pdf
US-FL-FDACS-0248,United States,Florida (statewide; not USA national),state,Orange,AUG,8,not_in_season,PRIMARY_CONSUMER_AVAILABILITY_MONTHS_REGIONAL,FDACS-SAC-2023,https://ccmedia.fdacs.gov/content/download/16790/file/florida-produce-seasonal-availability-chart.pdf
US-FL-FDACS-0249,United States,Florida (statewide; not USA national),state,Orange,SEP,9,in_season,PRIMARY_CONSUMER_AVAILABILITY_MONTHS_REGIONAL,FDACS-SAC-2023,https://ccmedia.fdacs.gov/content/download/16790/file/florida-produce-seasonal-availability-chart.pdf
US-FL-FDACS-0250,United States,Florida (statewide; not USA national),state,Orange,OCT,10,in_season,PRIMARY_CONSUMER_AVAILABILITY_MONTHS_REGIONAL,FDACS-SAC-2023,https://ccmedia.fdacs.gov/content/download/16790/file/florida-produce-seasonal-availability-chart.pdf
US-FL-FDACS-0251,United States,Florida (statewide; not USA national),state,Orange,NOV,11,in_season,PRIMARY_CONSUMER_AVAILABILITY_MONTHS_REGIONAL,FDACS-SAC-2023,https://ccmedia.fdacs.gov/content/download/16790/file/florida-produce-seasonal-availability-chart.pdf
US-FL-FDACS-0252,United States,Florida (statewide; not USA national),state,Orange,DEC,12,in_season,PRIMARY_CONSUMER_AVAILABILITY_MONTHS_REGIONAL,FDACS-SAC-2023,https://ccmedia.fdacs.gov/content/download/16790/file/florida-produce-seasonal-availability-chart.pdf
US-FL-FDACS-0253,United States,Florida (statewide; not USA national),state,Peach,JAN,1,not_in_season,PRIMARY_CONSUMER_AVAILABILITY_MONTHS_REGIONAL,FDACS-SAC-2023,https://ccmedia.fdacs.gov/content/download/16790/file/florida-produce-seasonal-availability-chart.pdf
US-FL-FDACS-0254,United States,Florida (statewide; not USA national),state,Peach,FEB,2,not_in_season,PRIMARY_CONSUMER_AVAILABILITY_MONTHS_REGIONAL,FDACS-SAC-2023,https://ccmedia.fdacs.gov/content/download/16790/file/florida-produce-seasonal-availability-chart.pdf
US-FL-FDACS-0255,United States,Florida (statewide; not USA national),state,Peach,MAR,3,not_in_season,PRIMARY_CONSUMER_AVAILABILITY_MONTHS_REGIONAL,FDACS-SAC-2023,https://ccmedia.fdacs.gov/content/download/16790/file/florida-produce-seasonal-availability-chart.pdf
US-FL-FDACS-0256,United States,Florida (statewide; not USA national),state,Peach,APR,4,in_season,PRIMARY_CONSUMER_AVAILABILITY_MONTHS_REGIONAL,FDACS-SAC-2023,https://ccmedia.fdacs.gov/content/download/16790/file/florida-produce-seasonal-availability-chart.pdf
US-FL-FDACS-0257,United States,Florida (statewide; not USA national),state,Peach,MAY,5,in_season,PRIMARY_CONSUMER_AVAILABILITY_MONTHS_REGIONAL,FDACS-SAC-2023,https://ccmedia.fdacs.gov/content/download/16790/file/florida-produce-seasonal-availability-chart.pdf
US-FL-FDACS-0258,United States,Florida (statewide; not USA national),state,Peach,JUN,6,not_in_season,PRIMARY_CONSUMER_AVAILABILITY_MONTHS_REGIONAL,FDACS-SAC-2023,https://ccmedia.fdacs.gov/content/download/16790/file/florida-produce-seasonal-availability-chart.pdf
US-FL-FDACS-0259,United States,Florida (statewide; not USA national),state,Peach,JUL,7,not_in_season,PRIMARY_CONSUMER_AVAILABILITY_MONTHS_REGIONAL,FDACS-SAC-2023,https://ccmedia.fdacs.gov/content/download/16790/file/florida-produce-seasonal-availability-chart.pdf
US-FL-FDACS-0260,United States,Florida (statewide; not USA national),state,Peach,AUG,8,not_in_season,PRIMARY_CONSUMER_AVAILABILITY_MONTHS_REGIONAL,FDACS-SAC-2023,https://ccmedia.fdacs.gov/content/download/16790/file/florida-produce-seasonal-availability-chart.pdf
US-FL-FDACS-0261,United States,Florida (statewide; not USA national),state,Peach,SEP,9,not_in_season,PRIMARY_CONSUMER_AVAILABILITY_MONTHS_REGIONAL,FDACS-SAC-2023,https://ccmedia.fdacs.gov/content/download/16790/file/florida-produce-seasonal-availability-chart.pdf
US-FL-FDACS-0262,United States,Florida (statewide; not USA national),state,Peach,OCT,10,not_in_season,PRIMARY_CONSUMER_AVAILABILITY_MONTHS_REGIONAL,FDACS-SAC-2023,https://ccmedia.fdacs.gov/content/download/16790/file/florida-produce-seasonal-availability-chart.pdf
US-FL-FDACS-0263,United States,Florida (statewide; not USA national),state,Peach,NOV,11,not_in_season,PRIMARY_CONSUMER_AVAILABILITY_MONTHS_REGIONAL,FDACS-SAC-2023,https://ccmedia.fdacs.gov/content/download/16790/file/florida-produce-seasonal-availability-chart.pdf
US-FL-FDACS-0264,United States,Florida (statewide; not USA national),state,Peach,DEC,12,not_in_season,PRIMARY_CONSUMER_AVAILABILITY_MONTHS_REGIONAL,FDACS-SAC-2023,https://ccmedia.fdacs.gov/content/download/16790/file/florida-produce-seasonal-availability-chart.pdf
US-FL-FDACS-0265,United States,Florida (statewide; not USA national),state,Peanut,JAN,1,not_in_season,PRIMARY_CONSUMER_AVAILABILITY_MONTHS_REGIONAL,FDACS-SAC-2023,https://ccmedia.fdacs.gov/content/download/16790/file/florida-produce-seasonal-availability-chart.pdf
US-FL-FDACS-0266,United States,Florida (statewide; not USA national),state,Peanut,FEB,2,not_in_season,PRIMARY_CONSUMER_AVAILABILITY_MONTHS_REGIONAL,FDACS-SAC-2023,https://ccmedia.fdacs.gov/content/download/16790/file/florida-produce-seasonal-availability-chart.pdf
US-FL-FDACS-0267,United States,Florida (statewide; not USA national),state,Peanut,MAR,3,not_in_season,PRIMARY_CONSUMER_AVAILABILITY_MONTHS_REGIONAL,FDACS-SAC-2023,https://ccmedia.fdacs.gov/content/download/16790/file/florida-produce-seasonal-availability-chart.pdf
US-FL-FDACS-0268,United States,Florida (statewide; not USA national),state,Peanut,APR,4,not_in_season,PRIMARY_CONSUMER_AVAILABILITY_MONTHS_REGIONAL,FDACS-SAC-2023,https://ccmedia.fdacs.gov/content/download/16790/file/florida-produce-seasonal-availability-chart.pdf
US-FL-FDACS-0269,United States,Florida (statewide; not USA national),state,Peanut,MAY,5,not_in_season,PRIMARY_CONSUMER_AVAILABILITY_MONTHS_REGIONAL,FDACS-SAC-2023,https://ccmedia.fdacs.gov/content/download/16790/file/florida-produce-seasonal-availability-chart.pdf
US-FL-FDACS-0270,United States,Florida (statewide; not USA national),state,Peanut,JUN,6,not_in_season,PRIMARY_CONSUMER_AVAILABILITY_MONTHS_REGIONAL,FDACS-SAC-2023,https://ccmedia.fdacs.gov/content/download/16790/file/florida-produce-seasonal-availability-chart.pdf
US-FL-FDACS-0271,United States,Florida (statewide; not USA national),state,Peanut,JUL,7,not_in_season,PRIMARY_CONSUMER_AVAILABILITY_MONTHS_REGIONAL,FDACS-SAC-2023,https://ccmedia.fdacs.gov/content/download/16790/file/florida-produce-seasonal-availability-chart.pdf
US-FL-FDACS-0272,United States,Florida (statewide; not USA national),state,Peanut,AUG,8,in_season,PRIMARY_CONSUMER_AVAILABILITY_MONTHS_REGIONAL,FDACS-SAC-2023,https://ccmedia.fdacs.gov/content/download/16790/file/florida-produce-seasonal-availability-chart.pdf
US-FL-FDACS-0273,United States,Florida (statewide; not USA national),state,Peanut,SEP,9,in_season,PRIMARY_CONSUMER_AVAILABILITY_MONTHS_REGIONAL,FDACS-SAC-2023,https://ccmedia.fdacs.gov/content/download/16790/file/florida-produce-seasonal-availability-chart.pdf
US-FL-FDACS-0274,United States,Florida (statewide; not USA national),state,Peanut,OCT,10,in_season,PRIMARY_CONSUMER_AVAILABILITY_MONTHS_REGIONAL,FDACS-SAC-2023,https://ccmedia.fdacs.gov/content/download/16790/file/florida-produce-seasonal-availability-chart.pdf
US-FL-FDACS-0275,United States,Florida (statewide; not USA national),state,Peanut,NOV,11,in_season,PRIMARY_CONSUMER_AVAILABILITY_MONTHS_REGIONAL,FDACS-SAC-2023,https://ccmedia.fdacs.gov/content/download/16790/file/florida-produce-seasonal-availability-chart.pdf
US-FL-FDACS-0276,United States,Florida (statewide; not USA national),state,Peanut,DEC,12,not_in_season,PRIMARY_CONSUMER_AVAILABILITY_MONTHS_REGIONAL,FDACS-SAC-2023,https://ccmedia.fdacs.gov/content/download/16790/file/florida-produce-seasonal-availability-chart.pdf
US-FL-FDACS-0277,United States,Florida (statewide; not USA national),state,Pineberry,JAN,1,in_season,PRIMARY_CONSUMER_AVAILABILITY_MONTHS_REGIONAL,FDACS-SAC-2023,https://ccmedia.fdacs.gov/content/download/16790/file/florida-produce-seasonal-availability-chart.pdf
US-FL-FDACS-0278,United States,Florida (statewide; not USA national),state,Pineberry,FEB,2,in_season,PRIMARY_CONSUMER_AVAILABILITY_MONTHS_REGIONAL,FDACS-SAC-2023,https://ccmedia.fdacs.gov/content/download/16790/file/florida-produce-seasonal-availability-chart.pdf
US-FL-FDACS-0279,United States,Florida (statewide; not USA national),state,Pineberry,MAR,3,in_season,PRIMARY_CONSUMER_AVAILABILITY_MONTHS_REGIONAL,FDACS-SAC-2023,https://ccmedia.fdacs.gov/content/download/16790/file/florida-produce-seasonal-availability-chart.pdf
US-FL-FDACS-0280,United States,Florida (statewide; not USA national),state,Pineberry,APR,4,in_season,PRIMARY_CONSUMER_AVAILABILITY_MONTHS_REGIONAL,FDACS-SAC-2023,https://ccmedia.fdacs.gov/content/download/16790/file/florida-produce-seasonal-availability-chart.pdf
US-FL-FDACS-0281,United States,Florida (statewide; not USA national),state,Pineberry,MAY,5,not_in_season,PRIMARY_CONSUMER_AVAILABILITY_MONTHS_REGIONAL,FDACS-SAC-2023,https://ccmedia.fdacs.gov/content/download/16790/file/florida-produce-seasonal-availability-chart.pdf
US-FL-FDACS-0282,United States,Florida (statewide; not USA national),state,Pineberry,JUN,6,not_in_season,PRIMARY_CONSUMER_AVAILABILITY_MONTHS_REGIONAL,FDACS-SAC-2023,https://ccmedia.fdacs.gov/content/download/16790/file/florida-produce-seasonal-availability-chart.pdf
US-FL-FDACS-0283,United States,Florida (statewide; not USA national),state,Pineberry,JUL,7,not_in_season,PRIMARY_CONSUMER_AVAILABILITY_MONTHS_REGIONAL,FDACS-SAC-2023,https://ccmedia.fdacs.gov/content/download/16790/file/florida-produce-seasonal-availability-chart.pdf
US-FL-FDACS-0284,United States,Florida (statewide; not USA national),state,Pineberry,AUG,8,not_in_season,PRIMARY_CONSUMER_AVAILABILITY_MONTHS_REGIONAL,FDACS-SAC-2023,https://ccmedia.fdacs.gov/content/download/16790/file/florida-produce-seasonal-availability-chart.pdf
US-FL-FDACS-0285,United States,Florida (statewide; not USA national),state,Pineberry,SEP,9,not_in_season,PRIMARY_CONSUMER_AVAILABILITY_MONTHS_REGIONAL,FDACS-SAC-2023,https://ccmedia.fdacs.gov/content/download/16790/file/florida-produce-seasonal-availability-chart.pdf
US-FL-FDACS-0286,United States,Florida (statewide; not USA national),state,Pineberry,OCT,10,not_in_season,PRIMARY_CONSUMER_AVAILABILITY_MONTHS_REGIONAL,FDACS-SAC-2023,https://ccmedia.fdacs.gov/content/download/16790/file/florida-produce-seasonal-availability-chart.pdf
US-FL-FDACS-0287,United States,Florida (statewide; not USA national),state,Pineberry,NOV,11,not_in_season,PRIMARY_CONSUMER_AVAILABILITY_MONTHS_REGIONAL,FDACS-SAC-2023,https://ccmedia.fdacs.gov/content/download/16790/file/florida-produce-seasonal-availability-chart.pdf
US-FL-FDACS-0288,United States,Florida (statewide; not USA national),state,Pineberry,DEC,12,in_season,PRIMARY_CONSUMER_AVAILABILITY_MONTHS_REGIONAL,FDACS-SAC-2023,https://ccmedia.fdacs.gov/content/download/16790/file/florida-produce-seasonal-availability-chart.pdf
US-FL-FDACS-0289,United States,Florida (statewide; not USA national),state,Potato,JAN,1,not_in_season,PRIMARY_CONSUMER_AVAILABILITY_MONTHS_REGIONAL,FDACS-SAC-2023,https://ccmedia.fdacs.gov/content/download/16790/file/florida-produce-seasonal-availability-chart.pdf
US-FL-FDACS-0290,United States,Florida (statewide; not USA national),state,Potato,FEB,2,in_season,PRIMARY_CONSUMER_AVAILABILITY_MONTHS_REGIONAL,FDACS-SAC-2023,https://ccmedia.fdacs.gov/content/download/16790/file/florida-produce-seasonal-availability-chart.pdf
US-FL-FDACS-0291,United States,Florida (statewide; not USA national),state,Potato,MAR,3,in_season,PRIMARY_CONSUMER_AVAILABILITY_MONTHS_REGIONAL,FDACS-SAC-2023,https://ccmedia.fdacs.gov/content/download/16790/file/florida-produce-seasonal-availability-chart.pdf
US-FL-FDACS-0292,United States,Florida (statewide; not USA national),state,Potato,APR,4,in_season,PRIMARY_CONSUMER_AVAILABILITY_MONTHS_REGIONAL,FDACS-SAC-2023,https://ccmedia.fdacs.gov/content/download/16790/file/florida-produce-seasonal-availability-chart.pdf
US-FL-FDACS-0293,United States,Florida (statewide; not USA national),state,Potato,MAY,5,in_season,PRIMARY_CONSUMER_AVAILABILITY_MONTHS_REGIONAL,FDACS-SAC-2023,https://ccmedia.fdacs.gov/content/download/16790/file/florida-produce-seasonal-availability-chart.pdf
US-FL-FDACS-0294,United States,Florida (statewide; not USA national),state,Potato,JUN,6,in_season,PRIMARY_CONSUMER_AVAILABILITY_MONTHS_REGIONAL,FDACS-SAC-2023,https://ccmedia.fdacs.gov/content/download/16790/file/florida-produce-seasonal-availability-chart.pdf
US-FL-FDACS-0295,United States,Florida (statewide; not USA national),state,Potato,JUL,7,not_in_season,PRIMARY_CONSUMER_AVAILABILITY_MONTHS_REGIONAL,FDACS-SAC-2023,https://ccmedia.fdacs.gov/content/download/16790/file/florida-produce-seasonal-availability-chart.pdf
US-FL-FDACS-0296,United States,Florida (statewide; not USA national),state,Potato,AUG,8,not_in_season,PRIMARY_CONSUMER_AVAILABILITY_MONTHS_REGIONAL,FDACS-SAC-2023,https://ccmedia.fdacs.gov/content/download/16790/file/florida-produce-seasonal-availability-chart.pdf
US-FL-FDACS-0297,United States,Florida (statewide; not USA national),state,Potato,SEP,9,not_in_season,PRIMARY_CONSUMER_AVAILABILITY_MONTHS_REGIONAL,FDACS-SAC-2023,https://ccmedia.fdacs.gov/content/download/16790/file/florida-produce-seasonal-availability-chart.pdf
US-FL-FDACS-0298,United States,Florida (statewide; not USA national),state,Potato,OCT,10,not_in_season,PRIMARY_CONSUMER_AVAILABILITY_MONTHS_REGIONAL,FDACS-SAC-2023,https://ccmedia.fdacs.gov/content/download/16790/file/florida-produce-seasonal-availability-chart.pdf
US-FL-FDACS-0299,United States,Florida (statewide; not USA national),state,Potato,NOV,11,not_in_season,PRIMARY_CONSUMER_AVAILABILITY_MONTHS_REGIONAL,FDACS-SAC-2023,https://ccmedia.fdacs.gov/content/download/16790/file/florida-produce-seasonal-availability-chart.pdf
US-FL-FDACS-0300,United States,Florida (statewide; not USA national),state,Potato,DEC,12,not_in_season,PRIMARY_CONSUMER_AVAILABILITY_MONTHS_REGIONAL,FDACS-SAC-2023,https://ccmedia.fdacs.gov/content/download/16790/file/florida-produce-seasonal-availability-chart.pdf
US-FL-FDACS-0301,United States,Florida (statewide; not USA national),state,Radish,JAN,1,in_season,PRIMARY_CONSUMER_AVAILABILITY_MONTHS_REGIONAL,FDACS-SAC-2023,https://ccmedia.fdacs.gov/content/download/16790/file/florida-produce-seasonal-availability-chart.pdf
US-FL-FDACS-0302,United States,Florida (statewide; not USA national),state,Radish,FEB,2,in_season,PRIMARY_CONSUMER_AVAILABILITY_MONTHS_REGIONAL,FDACS-SAC-2023,https://ccmedia.fdacs.gov/content/download/16790/file/florida-produce-seasonal-availability-chart.pdf
US-FL-FDACS-0303,United States,Florida (statewide; not USA national),state,Radish,MAR,3,in_season,PRIMARY_CONSUMER_AVAILABILITY_MONTHS_REGIONAL,FDACS-SAC-2023,https://ccmedia.fdacs.gov/content/download/16790/file/florida-produce-seasonal-availability-chart.pdf
US-FL-FDACS-0304,United States,Florida (statewide; not USA national),state,Radish,APR,4,in_season,PRIMARY_CONSUMER_AVAILABILITY_MONTHS_REGIONAL,FDACS-SAC-2023,https://ccmedia.fdacs.gov/content/download/16790/file/florida-produce-seasonal-availability-chart.pdf
US-FL-FDACS-0305,United States,Florida (statewide; not USA national),state,Radish,MAY,5,in_season,PRIMARY_CONSUMER_AVAILABILITY_MONTHS_REGIONAL,FDACS-SAC-2023,https://ccmedia.fdacs.gov/content/download/16790/file/florida-produce-seasonal-availability-chart.pdf
US-FL-FDACS-0306,United States,Florida (statewide; not USA national),state,Radish,JUN,6,not_in_season,PRIMARY_CONSUMER_AVAILABILITY_MONTHS_REGIONAL,FDACS-SAC-2023,https://ccmedia.fdacs.gov/content/download/16790/file/florida-produce-seasonal-availability-chart.pdf
US-FL-FDACS-0307,United States,Florida (statewide; not USA national),state,Radish,JUL,7,not_in_season,PRIMARY_CONSUMER_AVAILABILITY_MONTHS_REGIONAL,FDACS-SAC-2023,https://ccmedia.fdacs.gov/content/download/16790/file/florida-produce-seasonal-availability-chart.pdf
US-FL-FDACS-0308,United States,Florida (statewide; not USA national),state,Radish,AUG,8,not_in_season,PRIMARY_CONSUMER_AVAILABILITY_MONTHS_REGIONAL,FDACS-SAC-2023,https://ccmedia.fdacs.gov/content/download/16790/file/florida-produce-seasonal-availability-chart.pdf
US-FL-FDACS-0309,United States,Florida (statewide; not USA national),state,Radish,SEP,9,not_in_season,PRIMARY_CONSUMER_AVAILABILITY_MONTHS_REGIONAL,FDACS-SAC-2023,https://ccmedia.fdacs.gov/content/download/16790/file/florida-produce-seasonal-availability-chart.pdf
US-FL-FDACS-0310,United States,Florida (statewide; not USA national),state,Radish,OCT,10,not_in_season,PRIMARY_CONSUMER_AVAILABILITY_MONTHS_REGIONAL,FDACS-SAC-2023,https://ccmedia.fdacs.gov/content/download/16790/file/florida-produce-seasonal-availability-chart.pdf
US-FL-FDACS-0311,United States,Florida (statewide; not USA national),state,Radish,NOV,11,in_season,PRIMARY_CONSUMER_AVAILABILITY_MONTHS_REGIONAL,FDACS-SAC-2023,https://ccmedia.fdacs.gov/content/download/16790/file/florida-produce-seasonal-availability-chart.pdf
US-FL-FDACS-0312,United States,Florida (statewide; not USA national),state,Radish,DEC,12,in_season,PRIMARY_CONSUMER_AVAILABILITY_MONTHS_REGIONAL,FDACS-SAC-2023,https://ccmedia.fdacs.gov/content/download/16790/file/florida-produce-seasonal-availability-chart.pdf
US-FL-FDACS-0313,United States,Florida (statewide; not USA national),state,Snap Beans,JAN,1,in_season,PRIMARY_CONSUMER_AVAILABILITY_MONTHS_REGIONAL,FDACS-SAC-2023,https://ccmedia.fdacs.gov/content/download/16790/file/florida-produce-seasonal-availability-chart.pdf
US-FL-FDACS-0314,United States,Florida (statewide; not USA national),state,Snap Beans,FEB,2,in_season,PRIMARY_CONSUMER_AVAILABILITY_MONTHS_REGIONAL,FDACS-SAC-2023,https://ccmedia.fdacs.gov/content/download/16790/file/florida-produce-seasonal-availability-chart.pdf
US-FL-FDACS-0315,United States,Florida (statewide; not USA national),state,Snap Beans,MAR,3,in_season,PRIMARY_CONSUMER_AVAILABILITY_MONTHS_REGIONAL,FDACS-SAC-2023,https://ccmedia.fdacs.gov/content/download/16790/file/florida-produce-seasonal-availability-chart.pdf
US-FL-FDACS-0316,United States,Florida (statewide; not USA national),state,Snap Beans,APR,4,in_season,PRIMARY_CONSUMER_AVAILABILITY_MONTHS_REGIONAL,FDACS-SAC-2023,https://ccmedia.fdacs.gov/content/download/16790/file/florida-produce-seasonal-availability-chart.pdf
US-FL-FDACS-0317,United States,Florida (statewide; not USA national),state,Snap Beans,MAY,5,in_season,PRIMARY_CONSUMER_AVAILABILITY_MONTHS_REGIONAL,FDACS-SAC-2023,https://ccmedia.fdacs.gov/content/download/16790/file/florida-produce-seasonal-availability-chart.pdf
US-FL-FDACS-0318,United States,Florida (statewide; not USA national),state,Snap Beans,JUN,6,in_season,PRIMARY_CONSUMER_AVAILABILITY_MONTHS_REGIONAL,FDACS-SAC-2023,https://ccmedia.fdacs.gov/content/download/16790/file/florida-produce-seasonal-availability-chart.pdf
US-FL-FDACS-0319,United States,Florida (statewide; not USA national),state,Snap Beans,JUL,7,not_in_season,PRIMARY_CONSUMER_AVAILABILITY_MONTHS_REGIONAL,FDACS-SAC-2023,https://ccmedia.fdacs.gov/content/download/16790/file/florida-produce-seasonal-availability-chart.pdf
US-FL-FDACS-0320,United States,Florida (statewide; not USA national),state,Snap Beans,AUG,8,not_in_season,PRIMARY_CONSUMER_AVAILABILITY_MONTHS_REGIONAL,FDACS-SAC-2023,https://ccmedia.fdacs.gov/content/download/16790/file/florida-produce-seasonal-availability-chart.pdf
US-FL-FDACS-0321,United States,Florida (statewide; not USA national),state,Snap Beans,SEP,9,not_in_season,PRIMARY_CONSUMER_AVAILABILITY_MONTHS_REGIONAL,FDACS-SAC-2023,https://ccmedia.fdacs.gov/content/download/16790/file/florida-produce-seasonal-availability-chart.pdf
US-FL-FDACS-0322,United States,Florida (statewide; not USA national),state,Snap Beans,OCT,10,in_season,PRIMARY_CONSUMER_AVAILABILITY_MONTHS_REGIONAL,FDACS-SAC-2023,https://ccmedia.fdacs.gov/content/download/16790/file/florida-produce-seasonal-availability-chart.pdf
US-FL-FDACS-0323,United States,Florida (statewide; not USA national),state,Snap Beans,NOV,11,in_season,PRIMARY_CONSUMER_AVAILABILITY_MONTHS_REGIONAL,FDACS-SAC-2023,https://ccmedia.fdacs.gov/content/download/16790/file/florida-produce-seasonal-availability-chart.pdf
US-FL-FDACS-0324,United States,Florida (statewide; not USA national),state,Snap Beans,DEC,12,in_season,PRIMARY_CONSUMER_AVAILABILITY_MONTHS_REGIONAL,FDACS-SAC-2023,https://ccmedia.fdacs.gov/content/download/16790/file/florida-produce-seasonal-availability-chart.pdf
US-FL-FDACS-0325,United States,Florida (statewide; not USA national),state,Spinach,JAN,1,in_season,PRIMARY_CONSUMER_AVAILABILITY_MONTHS_REGIONAL,FDACS-SAC-2023,https://ccmedia.fdacs.gov/content/download/16790/file/florida-produce-seasonal-availability-chart.pdf
US-FL-FDACS-0326,United States,Florida (statewide; not USA national),state,Spinach,FEB,2,in_season,PRIMARY_CONSUMER_AVAILABILITY_MONTHS_REGIONAL,FDACS-SAC-2023,https://ccmedia.fdacs.gov/content/download/16790/file/florida-produce-seasonal-availability-chart.pdf
US-FL-FDACS-0327,United States,Florida (statewide; not USA national),state,Spinach,MAR,3,in_season,PRIMARY_CONSUMER_AVAILABILITY_MONTHS_REGIONAL,FDACS-SAC-2023,https://ccmedia.fdacs.gov/content/download/16790/file/florida-produce-seasonal-availability-chart.pdf
US-FL-FDACS-0328,United States,Florida (statewide; not USA national),state,Spinach,APR,4,in_season,PRIMARY_CONSUMER_AVAILABILITY_MONTHS_REGIONAL,FDACS-SAC-2023,https://ccmedia.fdacs.gov/content/download/16790/file/florida-produce-seasonal-availability-chart.pdf
US-FL-FDACS-0329,United States,Florida (statewide; not USA national),state,Spinach,MAY,5,not_in_season,PRIMARY_CONSUMER_AVAILABILITY_MONTHS_REGIONAL,FDACS-SAC-2023,https://ccmedia.fdacs.gov/content/download/16790/file/florida-produce-seasonal-availability-chart.pdf
US-FL-FDACS-0330,United States,Florida (statewide; not USA national),state,Spinach,JUN,6,not_in_season,PRIMARY_CONSUMER_AVAILABILITY_MONTHS_REGIONAL,FDACS-SAC-2023,https://ccmedia.fdacs.gov/content/download/16790/file/florida-produce-seasonal-availability-chart.pdf
US-FL-FDACS-0331,United States,Florida (statewide; not USA national),state,Spinach,JUL,7,not_in_season,PRIMARY_CONSUMER_AVAILABILITY_MONTHS_REGIONAL,FDACS-SAC-2023,https://ccmedia.fdacs.gov/content/download/16790/file/florida-produce-seasonal-availability-chart.pdf
US-FL-FDACS-0332,United States,Florida (statewide; not USA national),state,Spinach,AUG,8,not_in_season,PRIMARY_CONSUMER_AVAILABILITY_MONTHS_REGIONAL,FDACS-SAC-2023,https://ccmedia.fdacs.gov/content/download/16790/file/florida-produce-seasonal-availability-chart.pdf
US-FL-FDACS-0333,United States,Florida (statewide; not USA national),state,Spinach,SEP,9,not_in_season,PRIMARY_CONSUMER_AVAILABILITY_MONTHS_REGIONAL,FDACS-SAC-2023,https://ccmedia.fdacs.gov/content/download/16790/file/florida-produce-seasonal-availability-chart.pdf
US-FL-FDACS-0334,United States,Florida (statewide; not USA national),state,Spinach,OCT,10,not_in_season,PRIMARY_CONSUMER_AVAILABILITY_MONTHS_REGIONAL,FDACS-SAC-2023,https://ccmedia.fdacs.gov/content/download/16790/file/florida-produce-seasonal-availability-chart.pdf
US-FL-FDACS-0335,United States,Florida (statewide; not USA national),state,Spinach,NOV,11,in_season,PRIMARY_CONSUMER_AVAILABILITY_MONTHS_REGIONAL,FDACS-SAC-2023,https://ccmedia.fdacs.gov/content/download/16790/file/florida-produce-seasonal-availability-chart.pdf
US-FL-FDACS-0336,United States,Florida (statewide; not USA national),state,Spinach,DEC,12,in_season,PRIMARY_CONSUMER_AVAILABILITY_MONTHS_REGIONAL,FDACS-SAC-2023,https://ccmedia.fdacs.gov/content/download/16790/file/florida-produce-seasonal-availability-chart.pdf
US-FL-FDACS-0337,United States,Florida (statewide; not USA national),state,Squash,JAN,1,in_season,PRIMARY_CONSUMER_AVAILABILITY_MONTHS_REGIONAL,FDACS-SAC-2023,https://ccmedia.fdacs.gov/content/download/16790/file/florida-produce-seasonal-availability-chart.pdf
US-FL-FDACS-0338,United States,Florida (statewide; not USA national),state,Squash,FEB,2,in_season,PRIMARY_CONSUMER_AVAILABILITY_MONTHS_REGIONAL,FDACS-SAC-2023,https://ccmedia.fdacs.gov/content/download/16790/file/florida-produce-seasonal-availability-chart.pdf
US-FL-FDACS-0339,United States,Florida (statewide; not USA national),state,Squash,MAR,3,in_season,PRIMARY_CONSUMER_AVAILABILITY_MONTHS_REGIONAL,FDACS-SAC-2023,https://ccmedia.fdacs.gov/content/download/16790/file/florida-produce-seasonal-availability-chart.pdf
US-FL-FDACS-0340,United States,Florida (statewide; not USA national),state,Squash,APR,4,in_season,PRIMARY_CONSUMER_AVAILABILITY_MONTHS_REGIONAL,FDACS-SAC-2023,https://ccmedia.fdacs.gov/content/download/16790/file/florida-produce-seasonal-availability-chart.pdf
US-FL-FDACS-0341,United States,Florida (statewide; not USA national),state,Squash,MAY,5,in_season,PRIMARY_CONSUMER_AVAILABILITY_MONTHS_REGIONAL,FDACS-SAC-2023,https://ccmedia.fdacs.gov/content/download/16790/file/florida-produce-seasonal-availability-chart.pdf
US-FL-FDACS-0342,United States,Florida (statewide; not USA national),state,Squash,JUN,6,in_season,PRIMARY_CONSUMER_AVAILABILITY_MONTHS_REGIONAL,FDACS-SAC-2023,https://ccmedia.fdacs.gov/content/download/16790/file/florida-produce-seasonal-availability-chart.pdf
US-FL-FDACS-0343,United States,Florida (statewide; not USA national),state,Squash,JUL,7,not_in_season,PRIMARY_CONSUMER_AVAILABILITY_MONTHS_REGIONAL,FDACS-SAC-2023,https://ccmedia.fdacs.gov/content/download/16790/file/florida-produce-seasonal-availability-chart.pdf
US-FL-FDACS-0344,United States,Florida (statewide; not USA national),state,Squash,AUG,8,not_in_season,PRIMARY_CONSUMER_AVAILABILITY_MONTHS_REGIONAL,FDACS-SAC-2023,https://ccmedia.fdacs.gov/content/download/16790/file/florida-produce-seasonal-availability-chart.pdf
US-FL-FDACS-0345,United States,Florida (statewide; not USA national),state,Squash,SEP,9,not_in_season,PRIMARY_CONSUMER_AVAILABILITY_MONTHS_REGIONAL,FDACS-SAC-2023,https://ccmedia.fdacs.gov/content/download/16790/file/florida-produce-seasonal-availability-chart.pdf
US-FL-FDACS-0346,United States,Florida (statewide; not USA national),state,Squash,OCT,10,in_season,PRIMARY_CONSUMER_AVAILABILITY_MONTHS_REGIONAL,FDACS-SAC-2023,https://ccmedia.fdacs.gov/content/download/16790/file/florida-produce-seasonal-availability-chart.pdf
US-FL-FDACS-0347,United States,Florida (statewide; not USA national),state,Squash,NOV,11,in_season,PRIMARY_CONSUMER_AVAILABILITY_MONTHS_REGIONAL,FDACS-SAC-2023,https://ccmedia.fdacs.gov/content/download/16790/file/florida-produce-seasonal-availability-chart.pdf
US-FL-FDACS-0348,United States,Florida (statewide; not USA national),state,Squash,DEC,12,in_season,PRIMARY_CONSUMER_AVAILABILITY_MONTHS_REGIONAL,FDACS-SAC-2023,https://ccmedia.fdacs.gov/content/download/16790/file/florida-produce-seasonal-availability-chart.pdf
US-FL-FDACS-0349,United States,Florida (statewide; not USA national),state,Strawberry,JAN,1,in_season,PRIMARY_CONSUMER_AVAILABILITY_MONTHS_REGIONAL,FDACS-SAC-2023,https://ccmedia.fdacs.gov/content/download/16790/file/florida-produce-seasonal-availability-chart.pdf
US-FL-FDACS-0350,United States,Florida (statewide; not USA national),state,Strawberry,FEB,2,in_season,PRIMARY_CONSUMER_AVAILABILITY_MONTHS_REGIONAL,FDACS-SAC-2023,https://ccmedia.fdacs.gov/content/download/16790/file/florida-produce-seasonal-availability-chart.pdf
US-FL-FDACS-0351,United States,Florida (statewide; not USA national),state,Strawberry,MAR,3,in_season,PRIMARY_CONSUMER_AVAILABILITY_MONTHS_REGIONAL,FDACS-SAC-2023,https://ccmedia.fdacs.gov/content/download/16790/file/florida-produce-seasonal-availability-chart.pdf
US-FL-FDACS-0352,United States,Florida (statewide; not USA national),state,Strawberry,APR,4,in_season,PRIMARY_CONSUMER_AVAILABILITY_MONTHS_REGIONAL,FDACS-SAC-2023,https://ccmedia.fdacs.gov/content/download/16790/file/florida-produce-seasonal-availability-chart.pdf
US-FL-FDACS-0353,United States,Florida (statewide; not USA national),state,Strawberry,MAY,5,not_in_season,PRIMARY_CONSUMER_AVAILABILITY_MONTHS_REGIONAL,FDACS-SAC-2023,https://ccmedia.fdacs.gov/content/download/16790/file/florida-produce-seasonal-availability-chart.pdf
US-FL-FDACS-0354,United States,Florida (statewide; not USA national),state,Strawberry,JUN,6,not_in_season,PRIMARY_CONSUMER_AVAILABILITY_MONTHS_REGIONAL,FDACS-SAC-2023,https://ccmedia.fdacs.gov/content/download/16790/file/florida-produce-seasonal-availability-chart.pdf
US-FL-FDACS-0355,United States,Florida (statewide; not USA national),state,Strawberry,JUL,7,not_in_season,PRIMARY_CONSUMER_AVAILABILITY_MONTHS_REGIONAL,FDACS-SAC-2023,https://ccmedia.fdacs.gov/content/download/16790/file/florida-produce-seasonal-availability-chart.pdf
US-FL-FDACS-0356,United States,Florida (statewide; not USA national),state,Strawberry,AUG,8,not_in_season,PRIMARY_CONSUMER_AVAILABILITY_MONTHS_REGIONAL,FDACS-SAC-2023,https://ccmedia.fdacs.gov/content/download/16790/file/florida-produce-seasonal-availability-chart.pdf
US-FL-FDACS-0357,United States,Florida (statewide; not USA national),state,Strawberry,SEP,9,not_in_season,PRIMARY_CONSUMER_AVAILABILITY_MONTHS_REGIONAL,FDACS-SAC-2023,https://ccmedia.fdacs.gov/content/download/16790/file/florida-produce-seasonal-availability-chart.pdf
US-FL-FDACS-0358,United States,Florida (statewide; not USA national),state,Strawberry,OCT,10,not_in_season,PRIMARY_CONSUMER_AVAILABILITY_MONTHS_REGIONAL,FDACS-SAC-2023,https://ccmedia.fdacs.gov/content/download/16790/file/florida-produce-seasonal-availability-chart.pdf
US-FL-FDACS-0359,United States,Florida (statewide; not USA national),state,Strawberry,NOV,11,not_in_season,PRIMARY_CONSUMER_AVAILABILITY_MONTHS_REGIONAL,FDACS-SAC-2023,https://ccmedia.fdacs.gov/content/download/16790/file/florida-produce-seasonal-availability-chart.pdf
US-FL-FDACS-0360,United States,Florida (statewide; not USA national),state,Strawberry,DEC,12,in_season,PRIMARY_CONSUMER_AVAILABILITY_MONTHS_REGIONAL,FDACS-SAC-2023,https://ccmedia.fdacs.gov/content/download/16790/file/florida-produce-seasonal-availability-chart.pdf
US-FL-FDACS-0361,United States,Florida (statewide; not USA national),state,Sweet Corn,JAN,1,in_season,PRIMARY_CONSUMER_AVAILABILITY_MONTHS_REGIONAL,FDACS-SAC-2023,https://ccmedia.fdacs.gov/content/download/16790/file/florida-produce-seasonal-availability-chart.pdf
US-FL-FDACS-0362,United States,Florida (statewide; not USA national),state,Sweet Corn,FEB,2,in_season,PRIMARY_CONSUMER_AVAILABILITY_MONTHS_REGIONAL,FDACS-SAC-2023,https://ccmedia.fdacs.gov/content/download/16790/file/florida-produce-seasonal-availability-chart.pdf
US-FL-FDACS-0363,United States,Florida (statewide; not USA national),state,Sweet Corn,MAR,3,in_season,PRIMARY_CONSUMER_AVAILABILITY_MONTHS_REGIONAL,FDACS-SAC-2023,https://ccmedia.fdacs.gov/content/download/16790/file/florida-produce-seasonal-availability-chart.pdf
US-FL-FDACS-0364,United States,Florida (statewide; not USA national),state,Sweet Corn,APR,4,in_season,PRIMARY_CONSUMER_AVAILABILITY_MONTHS_REGIONAL,FDACS-SAC-2023,https://ccmedia.fdacs.gov/content/download/16790/file/florida-produce-seasonal-availability-chart.pdf
US-FL-FDACS-0365,United States,Florida (statewide; not USA national),state,Sweet Corn,MAY,5,in_season,PRIMARY_CONSUMER_AVAILABILITY_MONTHS_REGIONAL,FDACS-SAC-2023,https://ccmedia.fdacs.gov/content/download/16790/file/florida-produce-seasonal-availability-chart.pdf
US-FL-FDACS-0366,United States,Florida (statewide; not USA national),state,Sweet Corn,JUN,6,not_in_season,PRIMARY_CONSUMER_AVAILABILITY_MONTHS_REGIONAL,FDACS-SAC-2023,https://ccmedia.fdacs.gov/content/download/16790/file/florida-produce-seasonal-availability-chart.pdf
US-FL-FDACS-0367,United States,Florida (statewide; not USA national),state,Sweet Corn,JUL,7,not_in_season,PRIMARY_CONSUMER_AVAILABILITY_MONTHS_REGIONAL,FDACS-SAC-2023,https://ccmedia.fdacs.gov/content/download/16790/file/florida-produce-seasonal-availability-chart.pdf
US-FL-FDACS-0368,United States,Florida (statewide; not USA national),state,Sweet Corn,AUG,8,not_in_season,PRIMARY_CONSUMER_AVAILABILITY_MONTHS_REGIONAL,FDACS-SAC-2023,https://ccmedia.fdacs.gov/content/download/16790/file/florida-produce-seasonal-availability-chart.pdf
US-FL-FDACS-0369,United States,Florida (statewide; not USA national),state,Sweet Corn,SEP,9,not_in_season,PRIMARY_CONSUMER_AVAILABILITY_MONTHS_REGIONAL,FDACS-SAC-2023,https://ccmedia.fdacs.gov/content/download/16790/file/florida-produce-seasonal-availability-chart.pdf
US-FL-FDACS-0370,United States,Florida (statewide; not USA national),state,Sweet Corn,OCT,10,not_in_season,PRIMARY_CONSUMER_AVAILABILITY_MONTHS_REGIONAL,FDACS-SAC-2023,https://ccmedia.fdacs.gov/content/download/16790/file/florida-produce-seasonal-availability-chart.pdf
US-FL-FDACS-0371,United States,Florida (statewide; not USA national),state,Sweet Corn,NOV,11,in_season,PRIMARY_CONSUMER_AVAILABILITY_MONTHS_REGIONAL,FDACS-SAC-2023,https://ccmedia.fdacs.gov/content/download/16790/file/florida-produce-seasonal-availability-chart.pdf
US-FL-FDACS-0372,United States,Florida (statewide; not USA national),state,Sweet Corn,DEC,12,in_season,PRIMARY_CONSUMER_AVAILABILITY_MONTHS_REGIONAL,FDACS-SAC-2023,https://ccmedia.fdacs.gov/content/download/16790/file/florida-produce-seasonal-availability-chart.pdf
US-FL-FDACS-0373,United States,Florida (statewide; not USA national),state,Tangerine,JAN,1,in_season,PRIMARY_CONSUMER_AVAILABILITY_MONTHS_REGIONAL,FDACS-SAC-2023,https://ccmedia.fdacs.gov/content/download/16790/file/florida-produce-seasonal-availability-chart.pdf
US-FL-FDACS-0374,United States,Florida (statewide; not USA national),state,Tangerine,FEB,2,in_season,PRIMARY_CONSUMER_AVAILABILITY_MONTHS_REGIONAL,FDACS-SAC-2023,https://ccmedia.fdacs.gov/content/download/16790/file/florida-produce-seasonal-availability-chart.pdf
US-FL-FDACS-0375,United States,Florida (statewide; not USA national),state,Tangerine,MAR,3,in_season,PRIMARY_CONSUMER_AVAILABILITY_MONTHS_REGIONAL,FDACS-SAC-2023,https://ccmedia.fdacs.gov/content/download/16790/file/florida-produce-seasonal-availability-chart.pdf
US-FL-FDACS-0376,United States,Florida (statewide; not USA national),state,Tangerine,APR,4,in_season,PRIMARY_CONSUMER_AVAILABILITY_MONTHS_REGIONAL,FDACS-SAC-2023,https://ccmedia.fdacs.gov/content/download/16790/file/florida-produce-seasonal-availability-chart.pdf
US-FL-FDACS-0377,United States,Florida (statewide; not USA national),state,Tangerine,MAY,5,not_in_season,PRIMARY_CONSUMER_AVAILABILITY_MONTHS_REGIONAL,FDACS-SAC-2023,https://ccmedia.fdacs.gov/content/download/16790/file/florida-produce-seasonal-availability-chart.pdf
US-FL-FDACS-0378,United States,Florida (statewide; not USA national),state,Tangerine,JUN,6,not_in_season,PRIMARY_CONSUMER_AVAILABILITY_MONTHS_REGIONAL,FDACS-SAC-2023,https://ccmedia.fdacs.gov/content/download/16790/file/florida-produce-seasonal-availability-chart.pdf
US-FL-FDACS-0379,United States,Florida (statewide; not USA national),state,Tangerine,JUL,7,not_in_season,PRIMARY_CONSUMER_AVAILABILITY_MONTHS_REGIONAL,FDACS-SAC-2023,https://ccmedia.fdacs.gov/content/download/16790/file/florida-produce-seasonal-availability-chart.pdf
US-FL-FDACS-0380,United States,Florida (statewide; not USA national),state,Tangerine,AUG,8,not_in_season,PRIMARY_CONSUMER_AVAILABILITY_MONTHS_REGIONAL,FDACS-SAC-2023,https://ccmedia.fdacs.gov/content/download/16790/file/florida-produce-seasonal-availability-chart.pdf
US-FL-FDACS-0381,United States,Florida (statewide; not USA national),state,Tangerine,SEP,9,in_season,PRIMARY_CONSUMER_AVAILABILITY_MONTHS_REGIONAL,FDACS-SAC-2023,https://ccmedia.fdacs.gov/content/download/16790/file/florida-produce-seasonal-availability-chart.pdf
US-FL-FDACS-0382,United States,Florida (statewide; not USA national),state,Tangerine,OCT,10,in_season,PRIMARY_CONSUMER_AVAILABILITY_MONTHS_REGIONAL,FDACS-SAC-2023,https://ccmedia.fdacs.gov/content/download/16790/file/florida-produce-seasonal-availability-chart.pdf
US-FL-FDACS-0383,United States,Florida (statewide; not USA national),state,Tangerine,NOV,11,in_season,PRIMARY_CONSUMER_AVAILABILITY_MONTHS_REGIONAL,FDACS-SAC-2023,https://ccmedia.fdacs.gov/content/download/16790/file/florida-produce-seasonal-availability-chart.pdf
US-FL-FDACS-0384,United States,Florida (statewide; not USA national),state,Tangerine,DEC,12,in_season,PRIMARY_CONSUMER_AVAILABILITY_MONTHS_REGIONAL,FDACS-SAC-2023,https://ccmedia.fdacs.gov/content/download/16790/file/florida-produce-seasonal-availability-chart.pdf
US-FL-FDACS-0385,United States,Florida (statewide; not USA national),state,Tomato,JAN,1,in_season,PRIMARY_CONSUMER_AVAILABILITY_MONTHS_REGIONAL,FDACS-SAC-2023,https://ccmedia.fdacs.gov/content/download/16790/file/florida-produce-seasonal-availability-chart.pdf
US-FL-FDACS-0386,United States,Florida (statewide; not USA national),state,Tomato,FEB,2,in_season,PRIMARY_CONSUMER_AVAILABILITY_MONTHS_REGIONAL,FDACS-SAC-2023,https://ccmedia.fdacs.gov/content/download/16790/file/florida-produce-seasonal-availability-chart.pdf
US-FL-FDACS-0387,United States,Florida (statewide; not USA national),state,Tomato,MAR,3,in_season,PRIMARY_CONSUMER_AVAILABILITY_MONTHS_REGIONAL,FDACS-SAC-2023,https://ccmedia.fdacs.gov/content/download/16790/file/florida-produce-seasonal-availability-chart.pdf
US-FL-FDACS-0388,United States,Florida (statewide; not USA national),state,Tomato,APR,4,in_season,PRIMARY_CONSUMER_AVAILABILITY_MONTHS_REGIONAL,FDACS-SAC-2023,https://ccmedia.fdacs.gov/content/download/16790/file/florida-produce-seasonal-availability-chart.pdf
US-FL-FDACS-0389,United States,Florida (statewide; not USA national),state,Tomato,MAY,5,in_season,PRIMARY_CONSUMER_AVAILABILITY_MONTHS_REGIONAL,FDACS-SAC-2023,https://ccmedia.fdacs.gov/content/download/16790/file/florida-produce-seasonal-availability-chart.pdf
US-FL-FDACS-0390,United States,Florida (statewide; not USA national),state,Tomato,JUN,6,in_season,PRIMARY_CONSUMER_AVAILABILITY_MONTHS_REGIONAL,FDACS-SAC-2023,https://ccmedia.fdacs.gov/content/download/16790/file/florida-produce-seasonal-availability-chart.pdf
US-FL-FDACS-0391,United States,Florida (statewide; not USA national),state,Tomato,JUL,7,not_in_season,PRIMARY_CONSUMER_AVAILABILITY_MONTHS_REGIONAL,FDACS-SAC-2023,https://ccmedia.fdacs.gov/content/download/16790/file/florida-produce-seasonal-availability-chart.pdf
US-FL-FDACS-0392,United States,Florida (statewide; not USA national),state,Tomato,AUG,8,not_in_season,PRIMARY_CONSUMER_AVAILABILITY_MONTHS_REGIONAL,FDACS-SAC-2023,https://ccmedia.fdacs.gov/content/download/16790/file/florida-produce-seasonal-availability-chart.pdf
US-FL-FDACS-0393,United States,Florida (statewide; not USA national),state,Tomato,SEP,9,not_in_season,PRIMARY_CONSUMER_AVAILABILITY_MONTHS_REGIONAL,FDACS-SAC-2023,https://ccmedia.fdacs.gov/content/download/16790/file/florida-produce-seasonal-availability-chart.pdf
US-FL-FDACS-0394,United States,Florida (statewide; not USA national),state,Tomato,OCT,10,in_season,PRIMARY_CONSUMER_AVAILABILITY_MONTHS_REGIONAL,FDACS-SAC-2023,https://ccmedia.fdacs.gov/content/download/16790/file/florida-produce-seasonal-availability-chart.pdf
US-FL-FDACS-0395,United States,Florida (statewide; not USA national),state,Tomato,NOV,11,in_season,PRIMARY_CONSUMER_AVAILABILITY_MONTHS_REGIONAL,FDACS-SAC-2023,https://ccmedia.fdacs.gov/content/download/16790/file/florida-produce-seasonal-availability-chart.pdf
US-FL-FDACS-0396,United States,Florida (statewide; not USA national),state,Tomato,DEC,12,in_season,PRIMARY_CONSUMER_AVAILABILITY_MONTHS_REGIONAL,FDACS-SAC-2023,https://ccmedia.fdacs.gov/content/download/16790/file/florida-produce-seasonal-availability-chart.pdf
US-FL-FDACS-0397,United States,Florida (statewide; not USA national),state,Watermelon,JAN,1,not_in_season,PRIMARY_CONSUMER_AVAILABILITY_MONTHS_REGIONAL,FDACS-SAC-2023,https://ccmedia.fdacs.gov/content/download/16790/file/florida-produce-seasonal-availability-chart.pdf
US-FL-FDACS-0398,United States,Florida (statewide; not USA national),state,Watermelon,FEB,2,not_in_season,PRIMARY_CONSUMER_AVAILABILITY_MONTHS_REGIONAL,FDACS-SAC-2023,https://ccmedia.fdacs.gov/content/download/16790/file/florida-produce-seasonal-availability-chart.pdf
US-FL-FDACS-0399,United States,Florida (statewide; not USA national),state,Watermelon,MAR,3,in_season,PRIMARY_CONSUMER_AVAILABILITY_MONTHS_REGIONAL,FDACS-SAC-2023,https://ccmedia.fdacs.gov/content/download/16790/file/florida-produce-seasonal-availability-chart.pdf
US-FL-FDACS-0400,United States,Florida (statewide; not USA national),state,Watermelon,APR,4,in_season,PRIMARY_CONSUMER_AVAILABILITY_MONTHS_REGIONAL,FDACS-SAC-2023,https://ccmedia.fdacs.gov/content/download/16790/file/florida-produce-seasonal-availability-chart.pdf
US-FL-FDACS-0401,United States,Florida (statewide; not USA national),state,Watermelon,MAY,5,in_season,PRIMARY_CONSUMER_AVAILABILITY_MONTHS_REGIONAL,FDACS-SAC-2023,https://ccmedia.fdacs.gov/content/download/16790/file/florida-produce-seasonal-availability-chart.pdf
US-FL-FDACS-0402,United States,Florida (statewide; not USA national),state,Watermelon,JUN,6,in_season,PRIMARY_CONSUMER_AVAILABILITY_MONTHS_REGIONAL,FDACS-SAC-2023,https://ccmedia.fdacs.gov/content/download/16790/file/florida-produce-seasonal-availability-chart.pdf
US-FL-FDACS-0403,United States,Florida (statewide; not USA national),state,Watermelon,JUL,7,in_season,PRIMARY_CONSUMER_AVAILABILITY_MONTHS_REGIONAL,FDACS-SAC-2023,https://ccmedia.fdacs.gov/content/download/16790/file/florida-produce-seasonal-availability-chart.pdf
US-FL-FDACS-0404,United States,Florida (statewide; not USA national),state,Watermelon,AUG,8,not_in_season,PRIMARY_CONSUMER_AVAILABILITY_MONTHS_REGIONAL,FDACS-SAC-2023,https://ccmedia.fdacs.gov/content/download/16790/file/florida-produce-seasonal-availability-chart.pdf
US-FL-FDACS-0405,United States,Florida (statewide; not USA national),state,Watermelon,SEP,9,not_in_season,PRIMARY_CONSUMER_AVAILABILITY_MONTHS_REGIONAL,FDACS-SAC-2023,https://ccmedia.fdacs.gov/content/download/16790/file/florida-produce-seasonal-availability-chart.pdf
US-FL-FDACS-0406,United States,Florida (statewide; not USA national),state,Watermelon,OCT,10,in_season,PRIMARY_CONSUMER_AVAILABILITY_MONTHS_REGIONAL,FDACS-SAC-2023,https://ccmedia.fdacs.gov/content/download/16790/file/florida-produce-seasonal-availability-chart.pdf
US-FL-FDACS-0407,United States,Florida (statewide; not USA national),state,Watermelon,NOV,11,in_season,PRIMARY_CONSUMER_AVAILABILITY_MONTHS_REGIONAL,FDACS-SAC-2023,https://ccmedia.fdacs.gov/content/download/16790/file/florida-produce-seasonal-availability-chart.pdf
US-FL-FDACS-0408,United States,Florida (statewide; not USA national),state,Watermelon,DEC,12,in_season,PRIMARY_CONSUMER_AVAILABILITY_MONTHS_REGIONAL,FDACS-SAC-2023,https://ccmedia.fdacs.gov/content/download/16790/file/florida-produce-seasonal-availability-chart.pdf
